# 3D point list with one line of data per point:
#   POINT3D_ID, X, Y, Z, R, G, B, ERROR, TRACK[] as (IMAGE_ID, POINT2D_IDX)
# Number of points: 3433, mean track length: 5.0200990387416251
2 4.0561858506815387 -0.263428738060836 32.564959627811433 159 171 182 0.18283542826635268 4 121 10 264
3 0.44096966015256328 6.3248890594865621 26.385307608298739 73 73 74 0.69061314648122363 10 443 2 240 17 1760 16 296
4 4.9868278595205435 8.3251383904005944 22.526202316402021 95 79 71 1.6647293080696743 4 226 10 534 5 123
5 7.5241030475397537 0.38850121771685792 28.257941324657232 146 159 168 0.9203462967465722 4 497 10 1092 3 833 9 272 8 704 7 78
6 8.1643183105730177 0.51614456439164713 26.868192410129662 125 137 150 1.2117588990200545 4 498 10 1093 3 851 9 895 8 165 7 88
7 8.6809703286557713 0.69917928587407652 27.073759413128531 181 196 206 1.0950170060282336 4 499 10 1094 3 852 9 278 8 706 7 274 5 92
8 -0.74025478333002681 2.9925427795562998 23.660473310960928 63 57 60 1.1177458452576994 10 1133 11 1623 13 2544 14 2718 15 2650 16 2515 1 1869 17 2712 20 1379
9 4.1505344410804677 4.4048083046640336 31.922262115087271 96 91 87 0.97768956473559343 4 815 10 1147 9 939 3 914 11 1193 2 1066 8 1129
11 7.6985169964574789 6.0918218915910369 28.248714930987685 11 1 0 0.90177150566584019 4 552 10 1174 3 951 9 963 8 776
12 7.5801336145037803 6.6834556415980417 27.221832524684242 70 43 32 1.0051970781251309 4 172 10 1179 3 958 8 788
13 2.7163044713735429 -0.40240479615253055 32.271361566383881 194 205 215 1.5269073801924717 4 494 10 1507 3 830 9 876 11 1128 12 2260 2 1454 1 1825 19 1984 8 698 20 1260
14 -0.031000587092363342 3.3265798285022368 24.994360285427192 5 3 0 0.95526672969703164 10 1540 3 1322 9 1295 11 1851 3 1535 2 1734 16 2824 1 2152 17 2844
15 0.75768232020526149 6.1226937261094392 27.367079714844941 82 60 45 1.7055623908694559 10 1554 3 1342 9 969 11 1647 12 2685 2 1755 13 2893 14 3106 15 3015 16 2956 1 2174 17 2857 18 2559 19 2213 19 2266 20 1392 20 1448
16 5.3216639523674427 6.9273377818783377 26.663739104892677 95 66 50 0.79408676040454973 4 842 10 1560 9 1323 11 1865 2 1888 8 1359
17 5.9041115050741011 7.6716453355113474 24.989322999948463 124 128 133 1.1299402476788956 4 575 10 1573 11 1664 5 55
18 1.5835226577947876 8.3617056219040116 24.436803816624163 84 92 94 1.4577988071001691 4 859 10 1581 3 1569
19 4.8531192635287317 -8.0389072645065109 31.404525686254701 242 246 247 1.3477479165184618 4 100 10 1709 3 1491 2 61 3 119 10 1045 9 195
20 2.736922497189791 -0.69802888164553678 32.273737024745699 237 241 244 1.3417025792779593 4 1120 10 1717 3 1502 9 1486 11 1962 12 2793 2 1846 1 2340 19 2175 8 1314 20 1421
21 4.4557410320910416 1.5267641770526985 31.894588058256399 85 95 106 0.93255622544933703 4 1251 10 1734 3 1754 9 1625 2 1855 8 1465
22 1.6627233188071902 4.2697976873798185 24.789074743884161 47 43 43 0.98373417487650316 10 1752 3 1540 12 2821 1 2279 18 2551 19 2207
23 0.8424629238630067 5.0393332953169745 26.170006033074035 12 6 4 1.5847109851084886 10 1753 3 1542 9 954 10 1165 11 1996 2 1966 13 2570 15 3150 16 3038 16 3083 1 2363 17 2964 18 2612 19 2210 18 2556
25 6.1313053715641965 -14.710721337710183 30.399575002332785 136 145 152 0.86989067731701242 4 1196 10 1828 9 1584 11 1945
26 7.2928010735878619 -0.67892126636965566 28.608132715181373 186 191 197 1.1804229227069254 4 1117 10 1846 3 1650 9 1609 8 1316 7 708
27 7.7729311285414013 -0.60875763594531429 28.495547140747501 155 170 180 1.2094451751454305 4 1119 10 1847 3 1651 9 1484 8 1456 7 709
28 4.9046131963900983 -0.29975913683825217 30.786209203329946 226 229 233 1.4043546170376437 4 1246 10 1854 3 1507 9 1612 11 1968 2 1945
29 6.2104843337534001 -0.27831200118944699 29.126711926225973 155 172 182 1.043688787513019 4 1121 10 1855 3 1751 9 1613 8 1457 7 712
30 6.3459157577967282 0.032998536344823998 28.88735319437426 199 209 221 0.95010863350771235 4 1249 10 1857 3 1653 9 1614 11 1826 8 1459 7 792
31 7.2697820725669668 -0.11703882841261848 28.76862821817079 178 190 196 0.94581959112100833 4 1122 10 1858 3 1654 9 1615 8 1460 7 715
32 -0.55596296443963966 1.2644441220286817 23.506141370431816 104 106 111 1.0443673538286598 10 1866 3 1661 9 1624 11 1976 12 2798 2 1853 13 3005 14 3291 15 3121 16 3013 1 2261 17 2897 18 2535 20 1424
33 -1.3300102066650281 2.7379903561747669 22.702959004135579 126 129 137 1.0575738260005898 10 1875 9 1633 3 1760 10 1993 11 2080 12 2903 12 2967 2 1952 13 3152 14 3295 14 3371 15 3265 16 3126 3 1833 1 2420 17 2960 17 2998 18 2649 19 2250 8 1561 20 1473
34 9.0335631467382811 6.4398630856268957 26.892706669364969 73 56 54 1.1530605505024119 4 1145 10 1889 3 1683 9 1644 8 1475 7 733 5 332
35 8.2133502355306813 7.3333822644409885 25.149681886419337 85 63 49 1.1140819241336806 4 1150 10 1894 9 1652 8 1479 7 739 5 342
36 0.42930271925901264 7.0456582447169716 22.306495943009352 117 121 126 0.84911004697578307 10 1895 3 1698 11 2098 12 2841 2 1893 9 1653 8 1487
37 6.2411949958848165 7.7430294599038207 23.63189561530913 97 71 52 1.8439728885642481 4 852 10 1900 9 1539 11 2011 8 1372 7 747 5 345
38 6.054592970063843 -12.724465346964385 29.582903721209696 120 128 134 0.60153908674031675 4 1214 10 1975 9 1707 11 2068
39 7.6247637864649276 -0.92125382802080058 28.738582204764104 222 222 227 1.1150514290430398 4 1243 10 1984 3 1750 9 1610 8 1546 7 788
40 8.9843434142166387 -0.2048532462570902 28.395914831807289 197 205 216 1.8219477644242961 4 1248 10 1986 9 1720 8 1656 7 716 3 1512 5 384 5 449
41 6.5196083617341154 2.5237510884256213 28.249006796946077 101 109 124 0.92923576156793053 4 1254 10 1990 3 1758 9 1725 11 2164 8 1556 7 797
42 7.3607735251443263 2.1040179231643252 28.31481359125263 84 91 100 1.6578547194757092 4 1342 10 1991 3 1755 9 1630 4 1001 8 1332 7 950
43 7.5458317301083788 5.017338409686821 27.691733910050498 61 48 40 1.159308130263307 4 1260 10 2005 3 1767 9 1737 8 1566
44 7.8392427358119772 5.4139566307305058 27.663728129668172 81 77 76 0.42113959392073452 4 1264 10 2006 9 1739 8 1569
45 2.8306569227410612 6.6222658268577312 32.134924127069432 88 65 51 0.82055023712115072 4 1270 10 2009 3 1769 9 1741 11 2094 12 2978 2 2029 1 2430 8 1572
46 0.80169793846218407 6.3339679086681873 26.495971724120448 114 113 113 1.1026084765670425 10 2010 3 1772 9 1746 11 2095 12 2979 2 1969 15 3278 16 3140 1 2366 1 2432 17 3008 18 2656 19 2297 8 1580 20 1518
47 0.71556489884267671 6.7871111173744501 22.980029610607144 126 131 134 1.1651334027226563 10 2012 3 1853 9 1748 11 2180 12 2982 2 2038 13 3167 14 3421 15 3330 16 3141 17 3037 18 2691 19 2335 8 1591 20 1522 1 2434
48 5.8971867753808178 7.445931828923638 24.680350435619211 120 122 122 1.3690260900537754 4 1028 10 2013 9 1650 8 1481 5 190
49 5.8137284195530983 7.3783965581950071 24.35759930603928 120 122 122 1.2184414879794077 4 1027 10 2014 9 1651 11 2101 8 1482
50 -0.13425099570690224 7.2007470982338253 19.969860096343101 119 120 124 1.2001209450603318 10 2019 3 1856 11 2182 12 2992 13 3216 14 3423 9 1754 15 3331 16 3171 17 3038 18 2693 8 1598
52 8.1353159263259283 -14.86659766408642 28.036792803031652 75 72 66 1.3194007174798319 4 1305 10 2058 9 1785 7 843
53 6.738376101112058 -15.023287718119208 29.977283363464061 111 117 116 0.9354161546588784 4 1309 10 2065 9 1795 11 2141 8 1627
54 10.252280076102769 -14.331761803007922 29.190892201879787 88 89 84 0.7916910126947122 4 1310 3 1880 7 767
55 6.3144830008700374 0.57137949946356825 29.204396791707197 107 123 138 0.9972321090022499 4 1420 10 2072 3 1899 9 1807 11 2160 8 1724 7 948
56 7.5280382747211272 0.27395273295428729 28.77417939995966 215 226 232 0.93052932318919623 4 1332 10 2073 3 1821 9 1808 8 1658 7 885
57 8.4037137913758873 0.85925100338437665 27.038284383096439 70 78 89 1.1328983267470516 4 1336 10 2075 3 1900 9 1810 8 1660 7 889
58 8.3444694868428915 0.84995306123000536 26.943779309493994 70 78 89 0.46799584657186211 4 1337 10 2076 5 490
59 8.3679723494387002 1.5848766332230166 27.181473724851383 72 81 90 1.024370290054637 4 1130 10 2077 3 1828 9 1811 8 1553 9 1723 7 795 5 454
60 8.3381201335293191 2.2264441276489655 27.336605050037601 98 108 118 1.0322286566462906 4 1255 10 2079 3 1756 9 1726 8 1557 7 796 5 396
61 1.5549190738793539 4.3312561951907131 26.800303734538048 27 18 16 1.2407533817981016 10 2086 3 1908 9 1816 11 2175 12 3025 2 2084 1 2472 8 1728 4 1428
62 6.5575815196757521 6.3856643307509398 28.708460556853655 53 25 11 0.93044977183703248 4 1346 10 2094 3 1845 9 1819 11 2230 8 1671 7 894
63 -0.53513216453932322 6.1347639077114344 27.305155752715095 83 83 79 1.3067597888059939 10 2096 3 1848 12 2976 13 3163 14 3379 15 3276 16 3086 8 1578
64 5.2828195167079253 6.7376745288259334 29.965998811182505 89 58 38 0.75940897787558492 4 1350 10 2098 3 1771 4 1271 9 1742 9 1822 11 2178 2 2033 8 1573
65 8.8243765724943408 6.4344995379938714 27.577188768258718 31 11 10 1.1736687266432433 4 1349 10 2099 3 1847 9 1820 8 1672 7 952
66 8.5044307661409508 6.2622284867309839 26.637349728178279 31 11 10 1.6917667738808975 4 1348 10 2100 3 1846 9 1821 8 1673 5 405
67 9.2748150820119708 6.993279016006217 27.125432200883335 48 24 13 1.4756181181909753 4 1351 10 2101 3 1850 9 1823 8 1674 7 897
68 5.2248712625923242 7.7042933015253947 23.32681341524934 71 49 35 1.4612191260306886 4 1357 10 2104 9 1830 11 2234 8 1679 7 902
69 5.0791415741276351 8.1735282128568176 22.729121214619564 67 56 58 1.9252832532006146 4 1285 10 2106 5 411
70 8.0469186846938232 -14.799417334325886 29.044655533287639 126 131 134 0.83200791215778214 4 1304 10 2141 9 1796 7 921
71 8.4917063763520204 -14.403797322604351 27.996758907965042 116 126 127 1.3268882212197335 4 1383 10 2142 9 1861 8 1698 7 922
72 7.6166446339745155 -14.555686368313557 29.842983301180112 100 105 113 1.4625277336165365 4 1455 10 2143 9 1863 8 1701 7 924
73 8.7836599213856221 -13.638888784704884 27.613778751498089 89 90 83 1.4091577567801397 4 1390 10 2144 9 1864 8 1702 7 925
74 7.8630293801280455 -13.69085441222972 29.072713682463668 176 177 176 1.1647066792021501 4 1392 10 2145 9 1872 8 1705 7 928
76 4.8881110482332373 -12.975266355498542 31.561530497498278 242 241 246 1.2584664227422946 4 1402 10 2151 9 1876 11 2208 8 1640 20 1411
77 7.5588170487341451 -8.6518432146511781 29.189410966116576 237 238 242 1.2304010666052343 4 1405 10 2152 3 1887 9 1878 8 1713 7 937
78 3.3725949803526176 -7.9012971646233936 32.502197208305788 168 181 190 1.064523902179739 4 1322 10 2154 3 1891 11 2152 2 2064 8 1646
79 8.7102153731204712 0.32342305630360668 29.760558515756358 187 201 213 1.8906695801335733 4 1333 10 2165 3 1822 9 1894 8 1659 7 886
80 8.9478175062859968 1.3309702705877873 27.461578008053745 160 182 196 1.3033067943261305 4 1338 10 2166 3 1902 9 1895 7 890 5 455
81 6.2609502078455828 1.9346968146613468 29.259349593878515 101 114 126 0.59935648956575127 4 1422 10 2168 3 1903 9 1896 8 1725
82 0.072958506120107347 2.0867683255822986 24.184999249346333 113 123 129 1.2085787898546578 10 2172 3 1904 9 1897 11 2270 12 3047 2 2133 13 3234 14 3443 15 3351 16 3179 1 2501 17 3053 18 2706 19 2349 8 1727 20 1554
84 7.9456576202173617 6.1834773143916957 27.848378354984852 71 62 57 1.0152803246169997 4 1430 10 2176 3 1910 9 1902 8 1730 7 895
85 7.9122374715319301 6.1646683078390687 27.742226676101282 71 62 57 0.9433462204474008 4 1431 10 2177 3 1911 9 1903 8 1731 7 896 5 546
86 -0.16492314512124576 5.9898314608714083 26.711430537662689 63 43 33 1.6296114726752833 10 2178 3 1912 9 1904 11 2274 12 3050 13 3236 14 3445 15 3353 16 3167 1 2475 17 3032 18 2688 19 2330 8 1732 20 1484
87 0.4337402016311826 6.0708215436213564 26.455128895901954 1 3 0 0.97703743899445705 10 2179 3 1913 9 1905 11 2229 12 3027 2 2089 13 3212 14 3419 15 3328 16 3168 1 2478 17 3033 18 2689 19 2333 8 1733 20 1517
88 0.24391481849427726 6.3858469231573514 24.894953994489828 78 78 80 1.3398513163201495 10 2180 3 1914 9 1906 11 2231 12 3029 2 2090 13 3213 14 3446 15 3354 16 3169 1 2502 17 3035 18 2709 17 3057 19 2350 8 1734 20 1539
89 4.8823163358849735 -15.267208721886202 31.257865906997516 134 144 146 1.6228669916206033 4 1389 10 2197 3 1929 9 1862 11 2250 2 2110 8 1762
90 7.9368611027441167 -12.613005582251414 28.09759560419721 115 122 129 1.1735303565294928 4 1460 10 2199 9 1942 8 1771 7 984
91 8.3585596414816159 -12.328344650887368 27.278863104821284 110 118 121 1.1468966033411725 4 1461 10 2200 9 1943 8 1772 7 985
92 5.2152392756407107 -13.365234612698524 30.990437913874388 119 133 136 1.4315949499179275 4 1459 10 2202 3 1932 9 1941 11 2253 8 1770 20 1527
93 6.0031511481233286 -8.4521568520644657 31.094534047972576 146 156 166 0.71251571678074621 4 1471 10 2208 3 1944 9 1949 11 2258 8 1780
94 2.7480590494946564 -7.9074127481692695 32.282325095882555 250 245 241 1.7519226320483912 4 1476 10 2211 3 1947 9 1881 11 2260 2 2118 8 1718
95 5.7912535083131846 6.1163156339747369 29.49356447700373 45 17 11 0.75133138062642213 4 1487 10 2218 3 1955 9 1965 11 2275 8 1802 7 1009
96 8.3374544508913271 7.0960631612473222 25.077575681443342 79 52 31 1.7229297476762353 4 1492 10 2221 3 1958 9 1968
97 5.3402095289260005 7.2862469571791095 23.827767977818969 131 136 142 1.2017511363668116 4 1493 10 2222 9 1970 11 2303 8 1806 7 1015
98 4.6410678559278669 -12.939869392199638 32.115359685804613 241 239 240 1.117901874119958 4 1549 10 2235 3 1974 9 1985 11 2287 2 2165 8 1821 20 1542
99 4.4228391751946541 -9.4642315111221809 32.027830148909253 242 242 242 1.2538952705927986 4 1512 10 2236 3 1977 9 1988 11 2289 2 2143 8 1826 20 1543
100 4.7143934859967951 -8.0544411493332007 29.839016679067335 161 174 190 1.1569380515050278 4 1515 10 2239 3 1980 9 1990 11 2290 2 2147 8 1831
101 4.7143934859967951 -8.0544411493332007 29.839016679067335 161 174 190 1.1569380515050278 4 1514 10 2240 3 1981 9 1991 11 2291 2 2146 8 1830
102 4.2728252183556883 -7.6804440152364428 32.027482541182358 250 247 242 1.9991019797064624 4 1517 10 2241 3 2017 9 1992 2 2167 8 1874 20 1546
103 4.2832639169457281 0.30592848928578364 32.170736974119016 91 100 111 0.90085388094629137 4 1523 10 2245 3 1986 9 1996 11 2294 2 2155 8 1839 20 1550
104 4.2832639169457281 0.30592848928578364 32.170736974119016 91 100 111 0.90085388094629137 4 1524 10 2246 3 1987 9 1997 11 2295 2 2156 8 1840 20 1551
105 7.5587406269146555 2.3305107985032798 28.039101822816612 94 99 103 1.4131910250366453 4 1529 10 2249 3 1989
106 4.5345999212542552 5.2588339617183468 31.353212220371624 74 69 73 1.1533690485056269 4 1531 10 2250 3 1990 9 2000 11 2297 2 2158 8 1843 20 1556
107 6.6086513457386324 5.8333263042106811 29.462617947151749 81 70 66 1.9721541210690627 4 1488 10 2252 3 1954 3 1992 9 1964 11 2299 8 1800 8 1845 7 1007
108 6.0243867580437707 -12.284528501814478 30.412274837706896 245 249 250 1.3623340380847724 4 1550 10 2269 3 2039 9 2019 8 1868
109 5.891741256442125 -12.124962532459959 29.94869015396781 245 249 250 0.59115875394446538 4 1551 10 2270 9 2020 8 1869
110 2.7852163225441764 -9.589448114113253 32.189244005139756 250 246 245 1.0851871567457669 4 1552 10 2271 3 1976 9 1987 11 2288 2 2166 8 1872
111 5.6498343669587419 -9.0193217419950447 29.560982482071456 243 242 246 1.215967080362218 4 1553 10 2272 3 2016 9 2023 8 1873
112 5.7732149508158317 -7.3065769123799713 31.169853250550837 252 249 242 1.9114894470911405 4 1590 10 2273 3 2049 9 2024 11 2315 8 1919
113 7.3904336343897246 -6.6431435223037258 27.815924445270614 250 246 235 1.6937542948242104 4 1591 10 2274 3 2048 9 2025 8 1875 7 1097
114 7.5605054784204988 -1.5762690434733762 29.640826618640499 201 199 202 1.0093923867671224 4 1592 10 2278 3 2054 7 1099
115 7.0092409344172939 0.37799007644126448 28.530899088255097 205 215 224 0.82861686558974901 4 1558 10 2283 3 2023 9 2032 8 1881 7 1072
116 -0.097163647996647812 0.76030483045760833 24.649915476044114 155 168 177 1.5573421657546156 10 2284 3 2057 9 2033 2 2185 19 2374 8 1884 20 1571
117 3.2093199214135404 0.85603019768896194 32.275639184868261 160 182 203 0.84842650878227821 4 1525 10 2285 3 2024 9 1998 11 2321 2 2170 8 1841 20 1563
118 6.8741393163619051 1.5383861361821374 28.451620629453185 166 189 203 0.76998627789032448 4 1562 10 2286 3 2025 9 2035 8 1886 7 1074
119 5.3019079884055484 7.2131569228370616 27.991999587819659 77 48 32 1.0657588378273373 4 1535 10 2290 3 2000 9 2006 8 1851
120 7.9259579554585669 -11.54398594202639 28.146770687608218 217 216 213 1.4321682201349903 4 1582 10 2303 9 2021 8 1870 7 1091
121 7.9259579554585669 -11.54398594202639 28.146770687608218 217 216 213 1.4321682201349903 4 1583 10 2304 9 2022 8 1871 7 1092
122 7.8820639527371679 -9.0613712843502601 28.574233287664889 215 210 206 1.5432836140164359 4 1584 10 2306 3 2043 9 2058 7 1093
123 6.8488225616238854 -8.2599997560636371 30.129646771838107 126 139 147 1.3022144987608761 4 1586 10 2307 3 2046 9 2059 8 1915
124 6.869134654628418 -8.2661180647957035 30.179798542555691 126 139 147 1.3294995493038648 4 1587 10 2308 3 2047 8 1916
125 3.3040384526150857 -0.73466034941809943 32.045117052690664 213 218 224 1.0752646202141873 4 1593 10 2316 3 2055 9 2064 11 2343 8 1920
126 3.5687077234388611 -1.0893900701802912 32.498290040635176 217 222 226 1.4840916052511506 4 1605 10 2327 11 2354
127 1.5077867857013554 7.4649450865666482 25.735090178940798 123 128 132 2.2324239988148444 10 2335 3 2072 9 2075 11 2362 2 2205 4 1615
132 8.7913039932311037 -13.888259977866642 30.055383443474284 162 170 172 1.6576884249333714 4 65 3 92 8 633 7 27
133 2.4894768055181942 -14.8495638714822 33.075315701255676 115 121 119 1.7609247586923673 4 455 10 1022 3 98 11 1079 12 2218 2 1427 19 2073 1 1797 8 1014 20 1234
135 8.2268473226009391 2.2035179011302848 28.761114794200957 71 78 86 0.99685138626029679 4 520 3 200 9 313 7 279
136 6.1110508830089261 5.913863423666661 29.419267422526818 29 20 13 0.98280448644818452 4 550 10 420 3 274 9 380 11 324 2 1088 8 774 7 507
137 2.508852076910931 -17.167132321474828 34.217750439393882 64 62 63 1.2961339075545761 4 372 3 693 10 949 9 768 12 1301
138 2.8988229369938296 -15.25431208801367 31.352317145978816 132 134 133 0.89327933174541407 4 431 9 806 10 106
139 3.2560662570604069 -16.194291884102928 33.568855154392004 106 110 113 1.4304101769158453 4 430 10 979 3 745 9 808 11 1052
142 3.8330215360861204 -16.536427524688857 34.021586336393639 132 133 135 1.356094371181827 4 434 3 751 8 570
143 3.8330215360861204 -16.536427524688857 34.021586336393639 132 133 135 1.356094371181827 4 433 3 752 8 571
146 8.5334989680170263 -12.869846540317296 30.122885789013765 187 187 187 1.7226414756208681 4 84 3 804 9 840 7 242
147 10.496682664849917 0.78649180705077859 27.229336230315536 116 123 133 1.5418499244469936 4 500 3 853 9 896 8 708
148 9.7497578745310616 0.85431499863205673 26.249126010834914 200 214 225 1.5453808039306958 4 799 3 854 9 1269 8 1098 7 89 5 176
149 9.7781995881261778 5.1929969497388857 27.586425784368743 89 82 76 0.93529641254721141 4 543 3 933 8 763 7 294
151 0.584057378389363 6.228011954267731 26.50478956584282 6 5 5 1.0824912518451437 10 442 3 957 9 396 11 1219 12 2352 2 1529 13 2573 14 1940 15 2674 16 2542 1 1902 17 2739 19 2041 8 1141 20 1303
152 7.9691604362800357 7.4794467591311964 22.391492142504521 64 41 23 1.3115902060674915 4 577 9 993 10 1200 8 814 7 325 5 54 6 497
153 4.1300752741638931 7.8387456191989777 22.492324781684363 122 122 126 1.9870447019119193 10 1203 3 989 2 1561 8 823 7 523
154 2.2054313548353455 -17.328490992781166 34.12613425532895 77 76 74 1.6352557190203354 4 912 10 947 3 1207 9 1174 11 1018 2 1657
155 9.3810956283423614 -15.724626279106934 30.326561741144314 95 95 95 1.7462618627599633 4 723 3 1216 7 384
157 8.0870854926048192 2.1600481745636286 29.27877138315467 78 82 91 0.65651335736321226 4 807 10 1528 3 1296
158 -1.3904286792472755 2.9272180399268724 22.61401244681322 46 44 48 0.80708612508207023 10 1537 3 1314 9 1292 11 1621 12 2303 2 1500 13 2876 14 3089 15 2993 16 2813 1 2150 17 2711 18 2480 19 2120 8 1121 20 1291
160 0.85954231780097334 5.8361113265227385 27.717303299727767 71 46 30 1.6035235886038919 10 433 3 1338 9 387 11 1646 2 1753 12 2827 13 1774 13 2891 1 2172
161 6.9562985725589561 6.1805511205361414 29.278684267225305 61 46 39 0.96204425321708076 4 826 3 1340 8 1134
162 2.7058127118591679 6.964715220768686 29.136844248745106 103 85 73 1.529725260008457 4 839 3 1344 9 1316 8 786
163 0.6392692701857231 6.5020866416807914 24.89532030114864 78 80 82 0.8992253594793973 10 1558 3 1347 12 2359 2 1758 13 2578 15 3025 16 2961 17 2861 18 2563 19 2217 8 1142 20 1397
164 0.25430751970278026 6.6251681661853601 24.222228120251529 59 60 62 0.86668120102620705 3 1348 9 1327 12 2358 2 1535 13 2897 14 3110 15 3023 16 2964 17 2743 18 2493 19 2218 8 1149 20 1309
166 -1.4934769856067509 8.3274295530992131 27.062000160990092 58 58 60 1.5523558038443146 4 856 3 1362
167 4.7845016088340948 7.917044114037421 23.678965475254451 121 124 123 1.2460070807003292 4 583 9 1339 2 1552 8 1166 7 521
168 6.4313336047797405 12.86310118625058 28.87664623315786 107 115 126 2.250657264069043 4 1049 3 1406 8 1390
169 0.67844968077720236 -15.719414978449603 31.668409015613214 15 10 6 1.4162051025803577 10 1686 3 1454 9 1434 15 2903 16 2730 1 2090 17 2611 18 2276 19 1957 20 1076
170 2.4275729294887589 -16.158693833645934 34.09142739369063 122 123 124 1.3924863388944146 4 1065 3 1461 9 1224 10 1009 2 1671 8 1235
171 6.0542316972855108 -15.285674456874254 31.423838019228732 109 118 123 2.1160970008831614 4 1067 3 1463 10 1827 11 1797 2 1666
172 11.687676045830436 -14.126693716113547 28.514037282538546 121 123 122 1.6100142545744791 4 940 3 1468 8 1257 7 674 5 288
175 9.7665397266519349 -8.0368828865766542 28.060898944909894 161 171 179 1.8947726180488165 4 958 3 1486 9 848 10 205 5 298
176 5.1241503430426345 -0.44708748215940908 29.618207873056509 205 212 220 1.1634687853444368 4 793 3 1503 9 1265
177 5.6302673469799824 -0.29636315633753907 28.5837442645952 165 179 189 1.1327281945553314 4 991 3 1504 9 1488 10 1072 11 1591 8 1318 7 626
178 7.5860501731441321 -0.040238446212880113 28.12406042810532 129 145 153 0.91136369466536105 4 1123 10 1509 3 1510 9 1616 7 628
179 4.4994738921760122 0.88414329874014408 31.747097463160973 78 88 98 0.74463854051007727 4 1128 3 1520 11 1974 2 1850 8 1463
180 10.641409215175758 2.5759941748030561 27.705305362731828 70 75 81 0.82822578545828518 4 809 3 1527 8 1110
181 0.85883294067731042 5.2667782891588875 26.08773857915428 63 36 22 1.5783020458472745 3 1544 11 1208 10 415 15 309 1 336 17 2738 16 2955
182 3.1479641942878072 7.0173125084233465 26.465394398977477 129 135 140 1.666096812655721 4 1026 3 1548 2 1766 9 1322 10 1187 8 1144
184 11.870428527222831 -15.29279085127507 29.80154605963423 96 104 108 1.1506404222487672 4 927 3 1606 7 557 5 201
185 1.3230618353360819 -15.84246030030808 32.001160026588913 8 7 3 1.4876905135899594 10 1825 3 1611 12 2778 2 1818 1 2328 18 2511 19 2158 8 1403
186 1.0324679025002566 -15.388046164136526 31.818189106212404 40 36 33 1.4846154910771523 10 1965 3 1612 9 1697 11 1942 12 2779 1 2331 18 2512 19 2160 8 1406 20 1334
187 1.0290917527045624 -15.39448907745042 31.839327595547868 40 36 33 1.6027737557617177 3 1613 11 1943 12 2780 1 2332 18 2513 19 2159 8 1405 20 1333
188 5.0024593741929992 -14.904181621799385 32.249424453659117 143 148 151 1.1781952954246009 4 933 3 1616 9 1587 8 1418
189 6.5393345491223105 -14.009674380573221 30.078345160596943 167 173 171 1.2844265138652087 4 1074 9 1458 10 1698 11 1946 8 1430 7 764
190 9.1113963833520852 -13.587731135266729 28.74783531898499 104 106 105 1.9722287526632294 4 935 3 1620 9 1589 7 568
191 9.2807270545318197 -13.029133578082998 27.183535708081351 94 96 93 1.4641784006182992 4 1076 10 1700 9 1459 8 1267 7 571
192 10.187217915655467 -12.068653338402964 26.025781536561322 147 160 160 1.4477009087653532 4 949 9 1460 8 1269 7 678
193 6.573395288896223 -12.816543994353095 30.54184942199095 239 246 252 1.8918292256439972 4 1215 3 1625 9 1592 8 1435 7 771
194 5.8315025538733494 -7.3444685067941338 28.827894104990033 250 251 253 1.3151484763778289 4 1097 3 1628 9 1598 10 1838 11 1950 8 1442 20 1347 7 778
195 8.754722431028533 -7.3592515281094197 28.474362358367134 173 182 189 1.2473736569558269 4 1099 10 1708 3 1630 9 1472 8 1443
197 7.5073799299347623 6.0886368127177919 27.992292684228062 26 12 9 1.0608393052333096 4 1268 3 1682 9 1743 8 1575 7 808
200 1.9165988790632744 -17.553240774675615 34.289377529211897 3 1 2 1.7657407198606059 4 1183 10 1964 3 1727 9 1696 11 2058 2 1926 1 2326 8 1518
201 1.8858582154028845 -17.720673967810356 34.611082474208622 3 1 2 1.8755801525019833 4 1184 3 1728 12 2887 2 1927 1 2327
202 1.7618554361667405 -17.091295801531334 34.251970142208648 86 85 81 1.9851147108292626 4 1186 10 1963 3 1729 9 1698 11 2059 12 2888 2 1928 1 2404 8 1517
203 1.9446629907988149 -15.733019494187872 32.382107301186537 36 35 30 1.3412198035301892 10 1966 3 1732 9 1699 11 2143 12 2947 1 2405 19 2277 8 1520 20 1462
204 11.464363253973859 -14.271907687994938 29.028199403494693 110 114 115 0.78473896490310668 4 1079 3 1734
205 3.7993180076857707 -14.776956052015466 32.448164957706979 108 114 114 1.2293930003696987 4 1203 10 1832 3 1735 9 1585 11 2065 2 1932 8 1414
206 3.7993180076857707 -14.776956052015466 32.448164957706979 108 114 114 1.2293930003696987 4 1202 3 1736 10 1833 9 1586 11 2066 2 1933 8 1413
207 6.1858004828503219 -15.043317017642668 32.034427928904144 126 131 132 1.3261034595969456 4 1208 3 1737 2 2005
208 3.5380760673694764 -14.62287478918515 32.947612734433932 183 187 188 1.3465466903455234 4 1205 3 1739 2 2006 8 1525
209 4.0200831247377948 -14.167532833067124 31.694310661506652 178 182 185 1.4263944516068667 4 1206 10 1971 3 1740 9 1705 11 2067 8 1527 2 2008 20 1463
210 5.8779610259460418 -8.3316985004834052 28.780697344772758 243 252 251 1.2941434428318586 4 1222 10 1836 3 1741 9 1594 11 1948 8 1533 20 1345 7 776
211 11.002648744566914 -6.9955719617976548 27.19419524668201 251 251 251 0.67875965171085351 4 1101 3 1746 7 781 5 363
212 7.1345543496672645 5.0070753636168686 28.580063101251802 63 54 47 1.082934197311997 4 1259 10 2004 3 1766 9 1736 11 2090 8 1565 7 801
213 5.0628213429883004 5.839414102571947 30.027054617808638 41 19 9 1.2923535012819056 4 1266 3 1768 9 1641 11 1998 2 2030 8 1470 7 804
214 9.4012486790950884 6.4127592625529788 26.978137558413142 37 18 10 1.1323731964256945 4 1146 3 1770 9 1745 8 1354 7 734
215 3.7619551832546683 7.9384226294860989 22.367713853356939 115 120 124 2.0591761235475206 10 2020 9 1756 2 1981 8 1595 7 819 4 1157
216 6.1251345528560224 -15.081777908866648 30.410815707583549 133 144 148 1.1751910858381804 4 1308 10 2064 9 1794 11 2144 8 1626
217 6.3667791002911116 -14.459691712003018 31.678501368043257 182 188 188 1.1523662624466191 4 1311 3 1813 8 1630
218 6.3667791002911116 -14.459691712003018 31.678501368043257 182 188 188 1.1523662624466191 4 1312 3 1814 8 1631
219 9.9478275437407611 -14.008969115260239 29.594516421511511 127 132 127 1.3627591025230588 4 1313 3 1815 7 857
220 10.604717962794464 -7.211345381977007 28.175411427096773 253 246 231 0.79900510267003377 4 1226 3 1818
222 6.1038177740082675 4.9004120070301802 29.701200716683886 70 59 53 1.0860250116192047 4 1427 10 2087 3 1838 9 1734 11 2089 8 1664
223 -0.53513216453932322 6.1347639077114344 27.305155752715095 73 72 71 1.3067597888059939 10 2097 3 1849 12 2977 13 3164 14 3380 15 3277 16 3087 8 1579
224 7.919113135935536 7.4291253675330884 22.80041344183417 100 78 57 1.1207068000530842 4 1356 9 1827 8 1678 7 901
225 10.200912407221953 -15.406774305149213 28.969231138483543 77 73 64 1.5229908512339398 4 1384 3 1875 8 1624 7 845
226 8.3263843700967346 -13.227573973526635 27.936875738267876 178 184 182 1.1853269861470701 4 1393 9 1799 8 1632 7 929
227 2.8991716819197388 -15.05720490808794 34.048427800254416 181 186 188 1.6889827144998502 4 1456 3 1884 9 1937 10 2198 11 2286 10 2234 2 2111 8 1703 20 1541
228 4.799510526261237 -14.077701141961063 31.177169939539077 183 188 187 1.3528750668726111 4 1391 10 2148 3 1885 9 1871 11 2207 2 2060 8 1704 20 1491
229 3.2034189042684083 -14.214410973131843 33.703202440395003 149 158 163 1.2294536392442261 4 1399 3 1886 9 1800 2 2063 8 1711
230 8.1529109758738372 -8.373838631898705 28.372632933599206 247 245 246 1.4313437694689761 4 1317 3 1888 9 1801 8 1642 7 866
231 9.6337308701194448 -7.0913154935633411 28.165634759262414 254 250 240 1.6156972238471354 4 1412 3 1889 9 1882 8 1719 7 998
232 3.3725949803526176 -7.9012971646233936 32.502197208305788 179 190 194 1.064523902179739 4 1321 10 2155 3 1890 11 2151 2 2065 8 1645
233 4.9149112981260616 7.9570099562549386 24.234556443950279 119 127 130 1.6743696626394597 4 1435 9 1908 8 1736 7 956
234 7.6674272076841987 7.9720368334216882 21.491775895913747 97 80 62 1.9737624782255909 4 1358 9 1832 8 1680 7 904 5 458
235 10.446735565737699 -13.649873738483704 28.501580834391923 174 178 179 2.3106011106735029 4 1395 3 1931 9 1865 8 1707
236 10.497181774501378 -12.639497368510298 27.579369776587246 124 133 138 1.8569983682853217 4 1462 9 1938 8 1773 7 986 5 517
237 3.7014691381685862 -13.67537918275022 32.203416437441497 117 128 130 1.5787604533440918 4 1458 10 2201 3 1936 9 1940 11 2251 2 2112 8 1769 20 1526
238 8.2858886908302054 -11.986481534361237 28.192499752564988 245 245 245 2.30961798816403 4 1464 10 2150 9 1877 8 1775
239 10.588908169082666 -12.432184881748054 29.011834314044179 245 246 248 1.521493463313202 4 1465 3 1939 8 1776 7 988
240 9.719002618734395 -8.3785087434873944 27.98917699826098 245 247 246 1.5816251423637664 4 1467 3 1940 9 1879 8 1714 7 990
241 3.5083406194469475 -8.655262431828401 32.524340846209959 156 173 186 1.0177470162051885 4 1472 10 2206 3 1941 9 1948 2 2144 8 1778 10 2238
242 6.0031511481233286 -8.4521568520644657 31.094534047972576 159 169 179 0.71251571678074621 4 1470 10 2207 3 1943 9 1950 11 2257 8 1779
243 9.2886438067623018 -7.0751460869414311 25.724441784932232 156 168 180 0.80353827051828375 4 1473 9 1953 8 1781 7 995
244 9.2886438067623018 -7.0751460869414311 25.724441784932232 156 168 180 0.80353827051828375 4 1474 9 1954 8 1782 7 994
245 3.2972041776382897 5.5914200055853849 30.399532004927288 46 20 15 0.79005330448621058 4 1532 3 1991 9 2001 8 1844
246 7.2152563317878355 6.0795076851473118 28.117717645104356 34 19 10 0.91625525288341425 4 1533 3 1995 9 2002 8 1847 7 1049
247 7.2152563317878355 6.0795076851473118 28.117717645104356 34 19 10 0.91625525288341425 4 1534 3 1996 9 2003 8 1848 7 1050
250 9.29019740933302 11.070604762331724 27.330769149415683 78 76 90 2.144522341363059 4 1566 3 2028 9 2009 7 1078 5 614
252 4.7357148756385508 -14.972612101631508 31.621755072649243 130 140 146 1.6513252029955026 4 1579 10 2302 3 2037 9 2055 11 2334 2 2175 8 1911
253 2.8618991974049623 -12.748648051432882 32.962948670449563 242 242 244 1.8456227188405152 4 1581 10 2305 3 2038 9 2057 11 2336 2 2176 8 1914
254 8.9679058161420624 -7.8273885697334675 28.231679016163017 128 131 139 1.4393231010270131 4 1588 3 2044 9 2061 8 1917 7 1096
255 1.9205581794246027 0.0021985354147407068 32.045856388777324 57 56 52 1.829781383919985 4 1594 3 2056 9 2065 2 2183 8 1921
256 8.1539863771287759 1.1311981261203943 28.11504705360473 95 108 119 0.86556303916677169 4 1596 3 2058 9 2066 8 1925 7 1100
257 8.1539863771287759 1.1311981261203943 28.11504705360473 95 108 119 0.86556303916677169 4 1597 3 2059 9 2067 8 1926 7 1101
258 5.4925099745541601 8.1301333967367473 26.751806987482233 111 116 120 2.0373530526404044 4 1601 3 2064 8 1932 7 1114
259 0.91311686592059826 -16.127698594425642 31.636171232338263 14 9 6 1.5203230331889976 3 692 10 34 9 9 11 1017 12 2 15 1720 1 1273 18 2042 8 14
267 6.4230796969666883 -14.867336867617606 29.384062543329797 143 143 141 0.59417578701087936 10 57 9 79 11 30
268 6.4230796969666883 -14.867336867617606 29.384062543329797 143 143 141 0.59417578701087936 10 58 9 80 11 29
271 6.9472724512738457 -14.276326254106369 28.145270335050316 138 144 143 1.213303531491029 10 134 9 87 11 37
276 5.3162221092324105 -13.727937255317268 30.138326874695242 169 179 181 0.33727310726778886 10 168 9 145 11 90
278 3.5945835160972903 -14.525542475670639 33.363234644965452 147 152 155 0.94660844537884725 3 101 4 465 10 165 9 163
280 4.9146450932372607 -12.551100210816942 30.079710219438663 240 248 250 1.3005483926079731 3 105 10 184 9 176 11 97
282 7.8798584368980755 -7.6268527973720097 28.36850248299195 167 170 173 1.0540789403052526 4 486 10 1041 9 189 8 136 7 61
285 5.625185725949108 -7.5575149798280812 29.375971468201914 253 254 254 1.0335512783921506 3 120 10 208 9 196 11 110 8 141
287 -3.8470369206288346 -1.1770901862373164 37.651863849241295 35 7 0 1.0265949719933931 3 135 10 239 9 232 11 156 12 81 2 95 13 78 14 77 15 74 16 1711 1 94 17 1634 18 1506 19 1321 20 513
288 5.8287308435103489 -1.1105841318547633 30.232462770504217 233 238 249 0.45861701918398384 10 242 9 235 11 146
289 8.7809740739489026 -0.42446714496662125 27.080700884625301 219 227 233 1.3052865686216792 3 145 4 115 10 249 9 241
291 4.6492005423878791 -0.19087112579366794 31.888107665298765 162 174 182 0.7021101611230276 3 152 9 245 11 175 8 158
292 4.9011331524591197 -0.25877689456927855 31.729984348332124 223 230 237 0.60332688743138962 10 1071 9 246 11 176
294 -2.9342338836089921 0.14879372451708192 26.040062617390976 154 161 169 0.75839018668416924 10 1069 9 264 11 1123 2 126 13 2495 14 2675 15 2602 16 2771 1 1824 17 2658 18 2459 19 2098
296 7.2051315439740051 0.1670821632074504 29.240814524938997 220 231 237 0.62827287956216871 10 1074 9 271 11 180
300 -0.91201061123645311 0.99437765591583438 23.258260281735797 109 117 128 0.78854366420905442 3 856 10 1102 9 280 12 1405 13 1696 14 1862 15 1805 16 1761 1 1353 17 2381 18 2099 19 1799 8 711 20 922
301 0.081586721538766588 1.0649211984549973 24.485461161343522 151 160 169 0.9761812300509578 10 298 9 282 11 208 18 2333
302 1.1602849284855783 0.67378209298153069 32.834355736296949 100 100 103 1.2485281801872854 3 167 9 283 10 1086 11 1827 12 2624 2 1711 15 3119 16 2780 1 2124 17 2666 18 2324 19 1996 20 1274
303 3.6339905646033337 1.4143401479166271 33.259187072070297 104 126 146 0.92147532641781893 3 179 10 304 9 284 11 215 2 1020 8 172 20 546
304 -2.8347861479165761 1.2476616065300741 21.627947606576743 102 109 116 0.90968465179535307 3 186 10 317 11 195 9 290 2 145 13 161 14 165 15 181 1 1358 17 1688 18 2091 19 1792 20 928
305 -1.7034076588849192 1.1361096063692251 22.478701630375671 139 146 156 1.0066477927033468 3 189 10 288 9 293 11 197 12 1397 13 1704 14 168 16 1759 17 1693 18 2096 19 1793 19 1794 8 180 20 1151
306 -1.6275839514989903 1.4424195278222902 22.482969766289919 79 84 90 0.94280093153393141 3 869 10 322 9 294 13 1705 14 1874 15 1818 16 2501 1 1365 17 2390 18 2108 19 1802
308 -1.2856026611433138 1.3493749711792973 22.875339473403372 89 93 102 0.9197851755689006 10 323 9 296 14 1876 16 1777 1 1367 17 1695 18 2110 19 1805 8 185 20 930
313 10.913760989961245 2.618998375068661 26.199352780555163 72 73 81 1.1712043360207562 4 521 9 315 8 1112 7 484
318 -1.498954817853563 2.9500464904925332 22.525903717407999 110 101 102 0.77282463292136772 3 241 10 356 9 326 11 262 2 1049 12 2302 13 235 14 236 15 260 1 281 17 1726 19 1824 8 740 20 1173
319 -0.17724830111408998 2.8759593987704641 24.009991607055085 85 79 79 1.1274651775454936 3 224 10 344 9 327 11 249 13 216 15 239 16 1802 17 1728 18 2122 19 1815
320 -0.37244363473104936 3.16636143964609 24.784285228567622 90 82 80 0.46791669694948335 3 222 10 361 9 328 1 285
323 -4.389201441170111 2.8111435880634508 19.612915312476648 73 73 75 1.5324331363612436 10 353 9 335 11 1178 3 238 12 166 2 1045 15 2648 16 2521 19 2028
324 -1.6774150149218201 3.2966982119539758 22.679158050622732 48 40 38 0.74772333383426259 3 900 10 1144 9 338 11 1181 2 1062 13 1746 1 1868 8 202 20 957
325 -1.2461460679681413 3.2173781934406613 22.984972008994696 93 84 85 1.0696242272219931 3 901 10 1132 9 340 11 1622 12 2657 2 1501 2 1732 13 2552 14 2726 15 2996 1 2151 17 2719 18 2356 19 2126 8 1125 20 1381
326 1.2426023568251803 3.971994451911129 26.001555334017478 22 16 13 0.32607932932481221 10 381 9 342 11 285
331 -3.5554911546375996 3.4838454672682873 20.61090446760387 37 30 27 1.0537646745773095 10 370 9 351 10 1155 11 1186 3 938 12 2328 2 1077 13 242 14 266 15 1861 16 1817 1 1401 17 1741 18 2134 19 1834
332 -3.0681856909455765 3.7582404789917168 21.511751552644171 86 80 80 1.1197867035832829 10 1159 9 353 11 1639 3 941 12 2329 2 1515 14 1924 15 2666 16 272 1 1896 1 2165 17 283 18 2369 19 2131 20 1388
333 -3.0523960502286767 3.7557137999425469 21.440290764962469 86 80 80 0.95745309812015833 10 1160 9 354 11 1638 3 942 12 2330 2 1514 15 2667 1 1897 1 2166 19 2132
334 -2.2503626428470054 3.6185918920099578 21.964058809326847 42 38 37 0.76058017628759489 3 253 10 376 9 355 11 282 13 247 15 280
335 -2.149286369128764 3.5193986901172472 22.164066607535595 114 109 108 0.47189699035546795 10 374 9 356 11 279 13 246 14 269 15 1863 1 1404 19 1836
341 5.9201534908454319 6.0160466674282613 30.60904726981413 29 14 11 0.89850947600637787 3 947 10 417 9 378 11 1211 2 1087 8 772 7 112
345 -0.36798536734577136 5.6729095879788893 25.230034283114023 65 35 23 0.77340533889822372 3 284 10 1171 9 392 8 221
346 -0.1598434001582873 6.1419092304233089 27.761819656075442 71 41 29 1.2855126052774275 10 431 9 393 11 1214 3 956 12 2351 13 2571 11 1215 14 2738 15 3014 16 2541
349 1.385855421244619 6.2795692863736789 25.760477409456442 137 134 131 2.0500915548989833 3 294 9 399 10 1178 2 1533 11 1859 15 1884 16 2958 17 2860 18 2492 19 2215 20 1394
350 7.2486501229787672 6.5884773958310427 26.131936063839557 54 26 14 0.38290962978939741 4 173 9 401 8 223
351 10.889579345178479 6.7644851393547398 25.513745248521445 34 14 7 0.60279680958757964 4 558 9 408 7 313
355 5.0967626302116527 7.1962372797789058 24.542317222518253 147 143 140 0.22390754985594022 9 423 11 357
357 7.0699160681504676 6.3892030021556243 20.178629738576639 55 33 22 0.10837967856321735 4 190 9 428
358 5.1164812121034675 7.4305547172879907 23.43837337686697 135 139 145 0.29143392376587229 9 433 11 1239
359 4.5934092209448485 7.1038622550360673 21.771039496469349 95 98 103 0.087695235303444571 10 1195 9 436
360 -1.9408803683825926 7.1454324328096002 20.743304057365272 44 43 48 1.1480180095348964 10 1198 9 451 2 1547 3 985 13 2597 15 2690 16 2556 1 1442 14 388 17 2759 18 2396 19 2055
361 3.1259841422271957 7.4623292062058857 19.877884015552937 106 105 108 0.37168011545259155 10 497 9 459 11 445
362 -3.8181758557903724 7.3622623527161677 19.379389577924648 39 39 41 0.89191580196970754 10 1210 9 469 11 1243 3 997 12 1555 13 2604 14 2766 15 2697 16 2854 1 1937 18 2407
363 -0.32135482841849838 7.2889164698681652 18.572527533644436 58 61 66 0.61836312531909454 10 523 9 476 3 374
364 0.69184625724584659 7.3721249007576839 17.668842236073957 118 122 125 0.57857102593341114 10 553 9 498 11 1288 12 517 13 804 14 2159 15 2220 16 2300
368 -2.0800179540032477 7.2741732025373915 15.627510234360326 102 102 104 0.52820397629613036 10 614 9 544 12 696
369 -2.1004686817178833 7.6047906420905109 16.189772493788265 113 113 115 0.66629193923163721 10 615 9 545 1 2041
370 -2.0697228523273914 7.3834409464420068 15.598115599460694 113 113 115 0.63505719710802933 10 616 9 546 11 1320 12 1765
372 -0.99958421040976941 7.3597554397325959 14.292611805670019 58 58 58 0.68833919978008851 10 677 9 570 11 1378 12 2489 13 2214 14 2955
374 -3.3065916806105822 7.390887098567104 14.236818518854284 38 36 37 0.44522150094529139 10 706 9 586 13 1052 14 1374
375 -1.8012186515943656 7.4057932945253064 14.092341920982873 111 109 110 0.57490653174159623 10 725 9 601 11 744 12 951 14 2491 13 2207
376 -1.5391947975576787 7.390813567604269 14.152947430747439 112 112 114 0.54485889702324797 10 1289 9 607 12 1916 13 2714 14 2496
378 -1.4996491277749855 7.4124357975240009 13.072579360516801 35 31 32 0.79120273388051465 10 796 9 638 11 845 12 2069 13 2372
379 -3.2891195911112647 7.389166353683029 12.832194918835778 103 101 102 0.75368337507134908 10 754 9 641 11 806 12 1968 13 2270
380 -2.8212761897722158 7.3186569207106542 12.769610423825599 109 107 108 0.28681170341031104 10 766 9 649 12 1972
381 -2.1025440518512357 7.4326002936322473 12.417330746968178 100 97 98 0.54384542617328813 10 845 9 666 11 902 13 1596
382 -1.9895168715248035 7.434729973184047 12.958184100713609 111 111 111 0.63750827416373013 10 789 9 667 11 903 12 1166
383 -2.0395408059517499 7.4511257280862635 12.915845025486826 44 44 44 0.57898707628220036 10 1318 9 668 11 1451 12 2062 13 2363
384 -1.9328751421896821 7.4525409984561932 12.650359499153669 109 107 108 0.3859207360158502 10 844 9 671 11 1454 12 1167
385 -1.6518371307583264 7.4272062125585343 12.87351217849568 46 44 45 0.52995470033764402 10 792 9 674 11 910
386 -2.8270816465389155 7.395942848544844 12.225338126749541 57 55 58 0.52540010962318229 10 1338 9 696 11 1440 12 2043
387 -2.7560799456962752 7.4261801628852373 12.382859709389418 49 47 48 0.90589478391953338 10 826 9 697 11 887 12 1158 13 1484
388 -2.5434906964422823 7.4668801764290587 12.087458540317666 98 96 97 0.36662671748172443 10 880 9 701 12 1239
389 -2.4143974240848523 7.4591919671406588 11.997404089189759 92 90 91 0.43762917790625028 10 881 9 706 11 945
390 -3.2474205817237753 7.419990584498013 11.802786695286066 40 39 37 0.83178097645581206 10 866 9 714 11 1472 12 2114 13 2797
391 -2.736076366003644 7.4317389315787503 11.417954839554069 101 100 98 0.56853110562469955 10 1393 9 725 11 1503 12 2178
392 -2.7725975238878342 7.4073776246891798 11.292252347915248 52 51 49 0.56130700323263449 10 1394 9 726 11 1506 12 2179
393 -2.3979398998421599 7.4610888311017174 11.512964446968681 44 34 28 0.48228686246354929 10 906 9 728 12 2182
395 -0.61420264699233307 -17.190912715170946 33.870136724362673 25 20 16 1.2370603909719469 9 747 11 6
400 3.9991924344744705 -14.889350861209058 30.434613250573022 109 112 113 0.65768140983913814 10 988 9 779 11 1058
401 4.8161584087673548 -15.605993146124455 31.874027151853525 113 118 117 2.1197654112454365 3 769 9 781 11 1062 10 120 2 40
403 7.1754652923543443 -18.185104302700097 36.985525107359479 138 148 150 2.4378242021757983 4 449 10 127 11 1071
410 4.0144781646056433 -15.857818410309124 32.615846205774325 103 109 108 1.4519279886949401 3 755 4 437 10 987 9 813 11 1057
412 5.0976518755347477 -14.565032700336221 29.940866079751562 99 108 115 1.5467981534580482 3 774 10 996 9 816 11 1553
413 4.2812445912377743 -14.18126151283653 31.462696324599165 135 144 153 0.36787689315251781 10 1026 9 827 11 1082 8 630
414 4.8895269489691779 -13.77340364391649 30.082640636800971 190 191 190 0.69307673515320622 10 1473 9 828 11 1562
417 8.4572204867667953 -12.683017994252126 29.438876108002098 241 245 248 1.6016294136969313 3 110 4 769 9 841 8 648 7 588
420 5.7186234937578373 -8.3118188261950454 29.348315800771839 139 148 152 0.44291246579397248 10 1483 9 845 11 1570
424 -3.3783154056246061 -2.4782942087194768 37.064463782367696 127 93 45 1.2696605200383222 10 1052 11 1580 10 1488 12 2228 2 1441 13 39 13 2474 14 40 15 35 16 55 16 2448 3 1268 1 1295 17 44 17 1617 18 1484 19 62
427 -4.0642133226004491 0.32311807773004708 25.69371435121062 138 143 149 1.1270507262391709 10 1085 9 888 2 1466 13 2503 14 1842 3 160 15 1782 16 2480 1 1333 17 117 18 2084 19 1993 20 1268
429 -3.3384308152068969 0.059340063128443268 26.836392412204983 120 127 135 0.83219987538286566 3 846 9 891 10 1068 12 2259 14 2674 15 2601 13 102 17 2893 16 3007
431 -3.4127150728258879 0.77992604203331817 22.993340788911432 111 120 127 0.94588348292017532 3 1285 10 1095 9 897 2 1476 13 1691 15 2610 16 2484 1 1831 17 2373 18 2327 19 2000
432 0.35823200432074326 1.0246104799182036 25.081773656649258 74 82 88 1.5277059705189995 3 859 10 299 9 900 11 1156 14 1866 16 1769 1 1355
433 1.5594468464179629 0.73612112361282833 32.700003294201053 99 100 100 1.5673931846325895 3 170 10 1087 9 901 11 1828 12 2625 2 1712 15 2958 1 2257 18 181 18 2325 1 165 19 179 20 1275
436 4.5612080445280956 1.1867652973292111 31.884588700612397 105 119 128 0.89335644525389402 3 862 10 1106 9 905 11 1602 8 1100 20 1144
437 -3.1202625806417363 1.3500938229259944 21.612637429874443 121 124 132 1.1699941294850196 10 316 9 906 11 1140 2 1028 13 1702 14 1868 1 1359
438 -2.6139399769695859 1.4114232249889183 21.489745553417873 96 100 105 0.81645311997585501 10 1114 9 907 11 1141 12 1424 13 2522 14 1869 15 2623 16 2497 1 1838 17 2387 18 2336 19 2009
439 -2.1726227038597909 1.4296410603941898 21.836961295843214 77 76 81 0.77849143120213093 3 1301 10 1518 9 908 11 1600 12 2288 2 1485 13 2525 14 3064 15 2969 16 2794 1 2130 17 2690 18 2466 19 2106 20 1283
440 -1.8362639719173925 1.5037011634181447 22.078927979741614 63 60 68 1.5969145326123895 3 1304 10 1116 9 910 11 1609 2 1859 11 1835 13 2853 13 3004 14 3066 14 3290 15 2970 16 2795 1 2131 1 2264 19 2182
442 -4.462557070227394 1.4897534329696565 21.008230671275808 91 91 93 1.7074286164176127 10 1110 11 1159 13 2518 15 2620 16 2792
443 -3.7076802890090401 1.8204444547057159 20.410244274014318 83 87 90 0.71116376635739098 10 1122 9 915 11 1161 2 1035 13 1714 14 1884 15 1825 16 2504 1 1847 17 2392 18 2111 19 1806
444 -2.0113564909350643 1.6103733625070811 22.096109148461515 100 98 99 1.1738264380988173 10 321 9 916 12 1427 2 1486 18 2337 20 1164
446 -3.0992723565451659 2.3489294113719206 20.946890113993167 64 62 63 0.71434170465999547 10 1530 9 921 11 1616 3 1312 2 1493 14 2705 15 2979 16 2806 1 1854 17 2705 18 2345 19 2115
447 -2.2542425862635684 2.4364108189834894 22.046251354977947 88 85 87 1.0079179826076246 3 1313 10 1128 9 922 12 2297 13 1728 14 2706 15 2637 17 2706
448 -0.79213810905444648 2.1413308447990316 23.478344720920926 98 98 106 0.94384786897547013 10 1124 9 923 17 2702 8 734
450 -2.3321047778969861 3.363683151077637 21.846884529944539 40 38 39 0.75449839869289836 3 921 10 1139 9 933 11 1188 12 2312 2 1507 13 1744 14 1911 15 2657 16 2526 16 2830 1 1878 17 1744 18 2129 19 1831 20 1182
451 -2.2220821088867595 3.4231802962665721 22.021641421750363 119 119 120 0.94561062167100696 3 1326 10 1141 9 934 11 1629 12 2313 2 1741 13 2560 14 2725 15 2658 16 2831 1 1879 1 2157 17 2723 18 2481 19 2123 20 1384
454 -3.5241182023575077 3.7039111586342992 20.660930566116299 40 28 28 1.1647085089502669 10 1158 9 941 11 1203 3 269 12 193 2 1078 14 1922 16 1831 3 267 1 311
455 -3.3790995177555603 3.6715495253625092 20.897351554441471 35 25 24 0.86499906476439448 10 1549 9 942 3 1333 12 1490 13 1755 14 1923 15 2665 16 1818 16 2536 1 1895 17 2433 18 2138 19 1839
456 -2.6621754663245629 3.4090291275351468 21.700309045068852 52 48 49 2.0602300093400978 10 1542 9 943 11 275 2 1738 11 1853 14 1925 15 2656 15 3004 16 1819 1 2274 17 2423 17 2849 19 2196 15 3143
460 -4.3653039721466813 3.6850861209537329 19.634077668851624 33 27 29 0.95650532466962446 10 1153 9 950 11 1198 3 263 12 1484 2 1071 13 257 14 1920 15 1870 16 1828 1 1890 17 2429
461 -4.2393557156699613 3.7466386364928135 20.099501169704897 40 31 34 1.0946609696682186 10 1154 9 951 11 295 14 1929 15 2661 16 2836
462 5.1519034757169653 5.8024292254702408 29.998763618869305 35 17 11 1.0093432024497444 10 1168 9 956 11 1645
464 -0.23680305122709316 6.0673231384788808 28.180480916401173 76 55 41 1.6753187710270794 3 283 9 960 10 430 2 1086 13 1773 15 307 1 334 1 1419 8 220
467 1.4516543607067143 6.3755060249201154 26.645397802641956 69 47 34 1.4535350971495755 10 1177 9 970 11 1651 1 2178 17 2859
468 1.7069919857822078 6.460991235639149 25.842545078173611 150 147 146 0.98898066123385686 10 1183 9 976 11 1652 12 1510 2 1534 17 2742 20 1305
469 3.3492706414924078 6.7863126557487741 24.992918562356717 142 143 148 1.3386708924339055 3 1350 10 1559 9 978 11 1656
470 3.4890198891731012 6.7852060752348509 24.866224324812496 143 141 144 1.3949868019018594 3 1351 10 1188 9 979 11 1657
472 4.7323951499016585 7.1221579606848886 24.821057113255169 143 142 146 1.7071529940841081 3 966 9 985 11 1659 2 1541 8 1155
473 4.9582021095462467 7.3879230042613617 22.688977067304247 119 118 120 0.95652610131754157 10 1199 9 991 11 1238 8 812
475 4.5443211752514499 7.6205252700185007 22.515130336578519 130 129 131 0.43978308609259359 10 482 9 997 11 395
476 6.7199332005348662 7.4974008067911582 19.909469437892469 63 46 38 1.096516764418936 10 503 9 1004 8 1168
478 1.953235891546504 7.7770426258067946 18.925759648554155 119 125 125 1.4164217383818147 10 1226 9 1021 12 2430 2 1228 8 334
479 -3.5018131864338158 7.2220269218450648 16.385159524302782 107 107 107 0.52032510649406982 10 1234 9 1022 12 1648 2 1589
480 -0.20577277128385368 7.4115216056291064 16.495044798194556 60 61 65 0.84167846593626283 10 1239 9 1023 13 2669 15 3082
482 -3.8222189789636105 7.5118638601585275 16.846641260109163 52 50 51 1.2237326565101356 10 1235 9 1027 11 1305 12 1646 2 1204 13 1914 14 2131 15 2166 16 2132 1 1577 17 2576
485 -0.5911650885902231 7.3322061429844672 14.767621448563203 112 112 114 0.7458141575836118 10 1265 9 1040 12 1843 13 2717
488 -0.59740343925001627 7.5053297090042221 14.700690119726405 34 28 28 0.88329485346644054 10 1268 9 1043 2 1357
490 -3.5171220924649784 7.4600401384043362 14.309533782965559 46 44 45 0.94109965947649699 10 702 9 1054 11 709 12 791 13 1044 14 2383 15 2482
491 -1.3375400084890658 7.4138192301367107 13.968100964993372 60 60 62 0.49168050031366628 10 1295 9 1062 11 1376 13 2740 14 2990
492 -3.290466289324562 7.3555090322728214 13.280209423934961 97 95 96 0.61123104865360234 10 1301 9 1069 11 1399 12 1899 13 2184
493 -3.2387677742706371 7.45628859734071 13.301562394109665 41 38 39 1.0966334783903693 10 1303 9 1071 11 1738 12 2500 13 2733 14 3183
494 -2.4289955182274268 7.3912299614091852 13.553227262659776 46 42 43 0.63187161008195036 10 1282 9 1073 11 1728 12 2482 13 2736 14 2946
495 -2.2869659059536667 7.4191423051787799 13.375890840724473 46 46 47 0.72499372861232481 10 1307 9 1076 11 831 13 2280 14 2583 12 1065
496 -2.1568952831090709 7.3805271548675897 13.429150356206694 43 41 44 0.51385024876896668 10 1312 9 1077 11 1403
497 -2.0699444968572394 7.400278758350602 13.21918139615952 45 45 45 0.4918031449400857 10 1316 9 1079 11 1411 13 2290
498 -2.2042216379632023 7.4405649560620111 13.219455312490078 44 44 44 0.45815859365450551 10 1317 9 1080 11 1408 13 2281
499 -3.3250825438566998 7.4327037911562179 13.086455827900066 37 35 36 0.99596398539097319 10 1304 9 1089 11 1398 13 2274 14 2567
500 -2.6982656238318077 7.4049904791341792 12.391298452407055 94 92 93 0.41177934242795783 10 1341 9 1092 11 1443 12 2049 13 2347
501 -2.6510213724201654 7.3775420794741891 12.565077104045212 46 44 45 0.52134784540176371 10 1339 9 1094 11 885 12 2047 13 2348
502 -2.2952688346517292 7.4546228502137044 12.58944593209039 47 45 46 1.3194721065496333 10 838 9 1096 11 898
503 -3.2245483745155927 7.4041776855571291 11.892847199154675 101 97 96 0.62640376547942733 10 1360 9 1104 13 2796 12 2116
504 -3.1714414225215459 7.4864896786961674 12.009280788696623 49 46 45 0.52869006114129746 10 1361 9 1109 13 2418
505 -3.1683540874383103 7.4730210672482071 11.987204869663474 49 46 45 0.63922817542437838 10 1362 9 1110 12 2118
506 -2.8090835115639394 7.3695089992496463 12.284047076168671 98 96 99 0.81827089110636109 10 1337 9 1112 11 1442
507 -2.5675466004786971 7.4290058964095262 12.39342975223885 102 100 101 0.33138464777092963 10 834 9 1113 11 889
508 -2.3474547782359325 7.4684518315314259 11.965295985275116 47 45 46 0.41327652024284189 10 1372 9 1118 11 1480 12 2141
509 -2.2047539085494465 7.4394978595762513 12.164263940629199 52 48 45 0.59385811460856286 10 1373 9 1119 11 1773 12 2562 13 2802
510 -1.9979051262072143 7.5326007808684272 12.235711983015927 32 16 12 0.64604046048312969 10 1652 9 1120 11 1926 12 2564
511 -3.0332712895920562 7.4284814818498583 11.806655232784202 47 45 45 0.57776444713344877 10 871 9 1127 11 1474 12 2126 13 1566
512 -2.642542654961809 7.4070845737655988 11.556884627823434 103 102 100 0.66437213743529011 10 1370 9 1131 11 1502 12 2132
513 -2.6655693577137729 7.4264062873512886 11.452559435064916 53 52 50 0.65569263241043274 10 1660 9 1133 11 1504 12 2181
514 -2.5655114360368971 7.4489108723630313 11.663720006765811 43 40 38 0.46930309652718588 10 1371 9 1134 11 1508 12 2135
522 6.4572045477185354 -14.580488004255306 28.809604501993547 105 109 108 0.55180580565317772 10 1438 9 1198 11 1543
524 8.3630010254029656 -14.609497314298819 28.099101665837598 135 136 135 2.0498588255605434 4 724 10 1440 9 1201
534 3.2614301877454874 -14.666758512394043 32.424868875847629 135 141 141 1.059346013871423 3 1250 10 1023 9 1235 11 1080
538 4.7798355025044286 -8.8553144228599425 31.148288064587216 243 245 248 0.88191721289296165 10 1482 9 1245 11 1568 20 1100
539 -6.4718596549114373 -3.1545553294792201 37.854828770213921 20 3 4 1.0511515551917665 10 1487 9 1256 11 1578 12 2226 2 1440 13 2472 14 3010 15 2575 16 2743 1 1803 17 2625 18 2288 19 1972 3 1266 20 1108
540 -3.0879294934688351 -2.4498227158797614 36.187958841813284 159 125 79 1.1127035061629056 3 1267 10 1489 9 1259 11 1581 12 2227 2 1692 13 2475 14 2643 15 2578 16 2449 1 1804 17 2331 18 2056 19 1752
541 8.7875066907073531 0.12704436057631951 27.987913299758706 145 160 167 0.65784214989515999 4 794 10 1510 9 1266 8 1093 7 469 5 174
542 -3.9994988088870742 0.064429317033537825 27.021952827176154 142 149 160 0.61797219560661876 10 1502 9 1267 11 1122
543 2.6258919386182913 0.41172416538280393 31.248464856456049 127 146 158 1.2131055478314332 3 1518 10 1511 9 1268 11 1829 12 2264 2 1708
544 -1.3314662290360952 1.0118825356922057 22.871832311366937 146 154 165 0.93627751058112163 3 855 10 1100 9 1270 11 1150 12 2273 2 1009 13 2512 14 2683 15 2616 16 2791 1 1832 18 2330 19 2004
545 10.497703137583633 1.0426767785351265 24.428435378682732 150 168 180 0.45929989194728149 4 801 9 1271 6 462
547 -1.6569762640083101 1.2986202790810955 22.483006699203223 84 84 90 0.88674407913735698 3 1294 10 1519 9 1274 11 1601 12 2272 13 2852 2 1715 14 3068 15 2971 16 2929 1 2133 17 2683 18 2338 19 2108 8 1328
548 -1.6501871777376473 1.300573246303125 22.431388700680678 84 84 90 1.0189824201017534 10 1520 9 1275 2 1716 13 2851 14 3067 15 2972 16 2928 1 2132 17 2682 18 2339 19 2107 20 1373
551 -2.37757746506515 1.7745107176645865 21.651505122156976 70 69 74 0.76790490246151422 3 1303 10 1524 9 1281 11 1607 2 1483 13 2857 14 3071 15 2975 16 2802 1 2139 17 2699 18 2468 19 2109
557 -0.83605794961870961 2.8483593482587213 23.217360733555019 137 142 145 1.5312690583957296 10 1538 9 1293 14 3298 12 2906 15 3220 16 3022 1 2349 17 2906 20 1434
558 -3.9658837036875982 2.9187188899917382 20.12429187550606 46 38 41 1.005065703800782 10 1535 9 1296 11 1850 2 1731 13 2551 14 2717 14 3093 15 2991 16 2818 1 2148 17 2718 19 2122
559 -3.7655942679998176 3.6931997158481331 20.472294224740686 99 95 94 0.63958138121504948 10 1157 9 1298 11 1636 3 939 12 2327 14 2734 16 2838 1 1893 17 2730 18 2368
560 -3.792772045996335 3.7061625980402559 20.581433751132959 99 95 94 1.0158366520086066 10 1156 9 1299 11 1637 3 940 12 2326 14 2733 16 2837 1 1892 17 2729 18 2367 19 2136 20 1188
561 -3.7067023015301985 3.6536742381335614 20.669000197576732 36 31 25 0.87676145751949719 10 1548 9 1300 11 1187 3 937 12 1488 12 2325 2 1513 13 2559 14 2735 16 2535 16 2829 1 1894 17 2432 18 2137 19 2036 20 1189
563 1.948506062041242 4.402012896232403 26.455514690002595 142 145 152 1.5124135995235446 10 1882 9 1304 11 2087 3 1674 2 1964
564 -3.9836069606959232 3.7037161578195854 20.273582096096341 38 32 34 0.7448408805028236 10 1547 9 1308 11 1635 13 2566 14 2732 15 2662 16 2532 1 1891 17 2728 18 2366 19 2034
568 -0.15745285652193911 6.5976748507392458 24.27066746235958 97 97 97 1.8296239906104939 3 1550 10 1562 9 1325 11 1862 12 2690 2 1764 13 2581 12 2356 15 3154 1 2179 1 2290 17 2862 19 2216 8 1148 20 1452
571 2.71830214463492 7.0546231674669864 24.654294602780507 134 139 145 0.36906780286582236 10 1566 9 1331 11 1872
572 1.7365767053788046 6.8257434860307269 22.752050401438829 124 129 135 1.2210980234485722 3 1356 10 1771 9 1332 12 2366
573 4.8652093548060575 7.6435897650428233 23.216872452947332 121 122 124 1.2719853782498434 10 1578 9 1334 11 1883 8 1159 7 656
574 -3.1996404057794887 7.4497719935114395 17.02008791298076 104 104 106 1.0201141340342548 10 1598 9 1355 11 1700 12 2717 2 1790 13 2635 14 2817 15 3064 1 2207 17 2872
576 -3.0776694425223265 7.4382577560807261 14.044074004570252 43 39 40 0.98338716946877069 10 1276 9 1372 11 1369 12 1902
577 -1.4660471137231565 7.3720969801289362 13.878651390255802 59 59 61 0.49911094684236196 10 1292 9 1374
578 -1.2202729731018584 7.3703923334093622 13.477187033589068 61 58 58 0.90377346726432695 10 1625 9 1375 11 1745 12 2512 2 1651 13 2742
579 -1.0172072336468727 7.3966437472277793 13.575576248617599 101 96 97 0.76510440883561182 10 1803 9 1376 11 1920 12 2758 13 2967
580 -0.89271493882335939 7.4933601788787927 14.019103408109599 103 101 102 0.52042543207970227 10 1627 9 1377 11 1916 12 2760 13 2953 14 3187
581 -1.4918073524520652 7.4008687194669927 12.89246768959849 94 90 91 0.77021098506482744 10 1632 9 1385 11 1757 12 2542 13 2965
582 -1.3964843378776439 7.421865608189675 13.108611238929599 100 94 97 0.68058005005126287 10 1633 9 1387 11 1744 12 2764 13 2964
583 -2.7385002761220778 7.3210705020592037 12.620440975090634 40 38 39 0.80365394587102301 10 1306 9 1388 11 1441 12 1973 13 2766
584 -2.3273614925302075 7.4515320233496389 12.466313114769759 98 94 95 0.43540808275077919 10 1346 9 1389 11 1756 13 2427 12 2056
585 -2.1233152551270824 7.4386004495170814 12.569632354849345 39 37 38 0.55047542082640932 10 1639 9 1390 12 2541 13 2429
586 -2.1250578010584262 7.4405199304125533 12.568507041075417 39 37 38 0.5728236152009214 10 1640 9 1391 11 1450 12 2540 13 2430
587 -1.586496491000472 7.4729220119125719 12.92714117564331 99 93 94 0.52452408277341067 10 1631 9 1392 11 1758 13 2777
588 -2.9105162763736212 7.4011983549702132 11.960200628117759 45 43 46 0.22863994905825102 10 1647 9 1400 11 1771
589 -2.963988414973985 7.432625178885897 11.821355398637909 99 98 97 0.6497977830774293 10 1367 9 1401 11 1476 12 2556 13 2421
590 -2.8704199125710961 7.4487823324896869 12.205038682067199 97 95 98 0.72515605438598918 10 1648 9 1402 11 1924 12 2762 13 2971
591 -2.3300880810424345 7.4722511240811675 11.819495550768925 93 89 89 0.53969134485678028 10 1374 9 1405 11 1774 12 2559
592 -2.1033828116331565 7.4704706987240055 12.160824592080862 99 95 94 0.43658723749511347 10 1651 9 1406 12 2563
593 -2.475160959690474 7.4149125482683695 11.497374976463631 83 82 79 0.64824953109300776 10 1662 9 1411 12 2588
594 -2.9340339964415771 7.4449935975844861 11.229523810307501 46 40 40 0.7159903832075355 10 1659 9 1414 11 1934
605 5.8096807548249529 -15.334257151327122 31.989006012654304 135 146 148 1.477605624339821 3 1462 4 1066 10 1688 9 1449 2 1820 8 1419
607 3.8817346123239318 -14.712779427965964 32.93436485675322 122 128 128 0.55622456981628532 4 931 9 1455 8 1261
608 4.3343389852593441 -14.452582524673948 31.469540967268244 117 125 127 1.4004497465364667 3 1472 10 1697 9 1456 11 1802 2 1823 4 1073 8 1417 20 1409
612 -4.1689712958165828 -0.26926154604670766 29.431539044918601 151 158 161 0.92175473162764399 3 1506 10 1852 9 1485 11 2073 2 1944 13 3144 14 3353 15 3253 16 3072 1 2413 17 2990 18 2643 19 2316 20 1504
613 4.7139183320096762 -0.5617723987077603 31.019098042956443 195 199 206 0.76485839578458992 10 1718 9 1487 11 1964 3 1649 8 1455 4 1244
614 6.0011242998128633 -0.062295339900728872 29.212197807382488 206 216 226 1.1900538941214318 3 1508 10 1726 9 1489 11 1971
616 -4.2735020546990405 0.011775299811478629 26.998081483416662 146 151 159 1.1238238587897418 10 1722 9 1492 2 1706 13 2998 17 2820 19 2177
618 4.0025251580376899 0.82057922496202984 32.981922115112127 93 106 123 0.71087620131250329 3 1519 9 1498 11 1139
620 -1.0008973253723692 1.3490329790999656 22.993509695173785 82 81 87 1.0911344252412876 3 1295 10 1733 9 1500 11 1831 12 2640 2 1851 13 2854 14 3069 15 3120 16 2930 17 2824 18 2536 19 2183 8 1104 20 1374
623 7.9825346838643449 2.1763008798828181 27.746076852145862 75 83 91 1.4390875214782539 3 1522 4 808 9 1507 8 729 10 338 9 1283 5 264
625 -2.1427824049401591 2.0443983655665834 22.009461105951775 103 101 106 0.87631014127893503 3 1531 10 1740 9 1509 11 1841 12 2647 2 1861 13 3011 14 3074 15 3127 16 2934 1 2266 17 2832 18 2473 19 2189 20 1378
631 -3.624603879769333 3.8228862735301226 20.849627102508244 74 66 64 1.0622210770782412 10 1750 9 1519 11 1856 3 1541 12 2677 2 1746 13 3029 14 3105 15 3007 16 2952 1 2278 17 2854 18 2483 19 2205 20 1389
632 2.9766245982363291 6.0896421467489228 32.459012174824863 72 45 24 0.63900011168077553 10 1887 9 1520 11 1997 12 2828
633 2.3731412898656448 6.8905938583767279 26.932227212530591 132 134 141 1.6309323717174029 3 1684 4 1025 10 1890 9 1525 11 2002 12 2835 2 1762 1 2371 8 1477
637 4.2725923061915498 7.2014490036270526 24.504692664445642 124 133 135 1.6657368300792053 3 1690 10 1764 9 1531 11 1877 2 1892 8 1365
639 0.88814861869627459 6.7925110601009742 22.764815638495563 111 116 120 0.8504446837589088 10 1570 9 1534 3 1355 12 2363 2 1539 15 3160 17 2930 19 2224 8 1156
641 4.4003038253384261 7.8375303377913701 24.29941064053714 120 125 129 1.2055379197175029 10 1776 9 1537 2 1897
642 5.2883292789148939 7.3421018186714146 23.215935911365442 127 136 138 0.46215209213427055 10 1773 9 1538 11 1884 8 1160
643 0.74139075923663067 6.9743014224942055 21.467119797532693 123 126 131 1.122454828135 3 1699 10 1896 9 1540 12 2845 2 1974 13 3112 14 3317 15 3237 16 3095 17 2972
644 0.74139075923663067 6.9743014224942055 21.467119797532693 123 126 131 1.122454828135 3 1700 10 1897 9 1541 12 2846 2 1975 13 3113 14 3316 15 3236 16 3094 17 2971
645 0.019145594894104518 7.2870185908005327 19.593238527233094 85 86 91 1.3564130926100508 10 1779 11 1894 12 2707 2 1778 13 2912 1 2195 9 1543 15 3049
646 -0.46084876809266812 7.286284405596092 18.524653309789134 110 115 119 0.98485883149860665 10 1908 9 1546 12 2715 2 1903 14 3255 15 3173 17 2942 8 1378
650 -1.9602422054995672 7.4450569821926402 12.327641306045722 86 82 80 0.5618813416439683 10 1812 9 1571 11 1925 12 2768 13 2974
651 -1.8762647836444517 7.495768251646175 12.611567091155431 101 97 94 0.49094041876808658 10 1944 9 1572 11 2047 12 2874 13 3080
657 11.131469777561771 -7.676077463003077 26.304209069079146 240 239 244 1.6384894546540656 4 961 9 1595 8 1535 3 809 7 252 7 683
658 2.5882785750022164 -8.6958890082530278 32.244798779174999 195 206 210 1.2353180960997721 4 1219 9 1596 2 1829 8 1437
660 -6.5367007505572277 -3.5215581510060505 37.475292699994881 35 10 2 0.72367351779116529 10 1840 9 1604 11 1954 12 2601 2 1832 13 2984 14 3194 15 3104 16 2902 1 2240 17 2801 18 2438 19 2081 20 1247
661 -6.5002483201887156 -2.8518440639704474 37.816283675709492 158 110 61 0.74106252244109849 10 1841 9 1605 11 1955 12 2785 2 1834 13 2985 14 3195 15 3200 16 2903 1 2241 17 2882 18 2519 19 2166 20 1353
663 -5.7274496579220013 -1.0775205299296344 35.018517225859206 15 5 1 0.88464582817760873 10 1844 9 1607 11 1958 2 1942
665 8.1225804123681922 0.018673667204843165 27.750920601312462 138 155 165 1.3958390869275028 3 1511 4 1247 10 1728 9 1617 8 1320 7 793
674 -1.3193046391128469 2.7563170258637721 22.692285296259648 137 140 145 0.85852577719043799 3 1761 10 1876 9 1634 11 2081 12 2904 2 1953 14 3296 14 3372 17 2961 19 2251 20 1474
675 0.82859304191801808 3.2944276058692648 24.960336422689942 51 41 39 1.0261954222898888 3 1762 10 1877 9 1635 11 1989 12 2907 2 1956 15 3223 16 3029 1 2354 17 2912 18 2544 19 2191 19 2252 8 1563 20 1380
676 1.2602350584347695 2.9510455406235092 24.702477643332948 63 58 57 1.6491730925566619 3 1668 10 1743 9 1636 11 1983 12 2908 2 1957 15 3221 16 3023 17 2907 8 1341 20 1437 19 2253
677 -1.7791328779150586 3.3701924937412779 22.600387328595058 82 77 74 0.83718829007377127 3 1670 10 1880 9 1637 11 1993 12 2813 2 1960 13 3018 14 3230 15 3144 16 3028 1 2355 17 2911 18 2607 19 2255 20 1441
679 -3.3572785133699456 3.8868435608768843 21.240378162368302 10 4 4 0.84692005949198423 10 1881 9 1639 11 1994 3 1678 12 2820 2 1962 13 3104 14 3303 15 3225 16 3035 1 2358 17 2917 18 2486 19 2206 20 1390
680 2.4129738322364105 5.8428213299924883 29.865329824834546 51 22 11 0.91139930803138614 3 1681 10 1886 9 1640 11 2092 2 1968
682 0.62369480252691056 6.6291036568785815 24.473271286777539 121 125 128 1.2387091867399309 3 1551 10 1758 9 1648 11 2000 12 2833 13 3108 14 3310 15 3233 16 3089 15 3279 1 2291 17 2968 18 2620 19 2301 8 1360 20 1488
683 0.61449514503229397 6.665194155154758 24.609826116630845 121 125 128 0.91926729665841345 3 1552 10 1759 9 1649 11 2001 12 2834 13 3107 14 3311 15 3234 16 3090 15 3280 17 2969
684 4.6241801804182465 7.6006431517984598 24.825505759341421 125 130 134 0.96045967794694798 10 1772 9 1654 11 1879 2 1894
687 -1.9669602987719719 7.1844433865110497 20.131046422034956 99 101 105 0.63407212827410941 3 1778 10 2017 9 1659 11 2109 12 2919 2 1979 13 3110 14 3384 15 3283 16 3100 18 2660
688 -0.90414694006777185 7.2808722399876409 21.01621775615234 104 110 113 1.3361555759535721 10 1901 9 1660 11 2102 1 2440
689 2.4853220210892428 8.7942362438040185 25.349144591841966 90 91 96 0.55803116371484085 4 1035 9 1662
690 -0.78295566865752997 7.3105857605275437 19.084962660446262 113 118 121 1.1075011826443195 10 1906 9 1665 11 2016 2 1987 8 1495
691 -0.05640615802175878 7.3143345068719938 18.722120353890038 106 106 108 1.0599306069075967 3 1706 10 1910 9 1667 12 2851 13 3055 14 3324 15 3174 8 1496
695 -2.2505501580713321 7.5163154216168637 12.115223127190177 91 89 89 0.45560776372880935 10 1951 9 1688 11 2048
696 -2.5783696166033523 7.4536830541956594 11.508320563587649 84 80 79 0.62861814835826491 10 1958 9 1689 11 2052 12 2884
697 -2.3029076872703298 7.5837965078545189 11.587268893736718 69 46 30 0.8773950866213811 10 1959 9 1690 11 2139 12 2946
698 -3.0422164892031351 7.424934841422405 11.122799987068298 93 89 88 0.5744227550349138 10 1954 9 1692 11 2050 12 2944
699 -3.0422164892031351 7.424934841422405 11.122799987068298 93 89 88 0.5744227550349138 10 1955 9 1693 11 2051 12 2945
700 -2.9113608241630131 7.594272309915878 11.305992598388915 80 76 73 0.33110856967480856 10 1962 9 1694 11 2055
701 10.674930329345772 -15.037421044094058 29.033895061850568 124 132 135 0.75349549926000869 3 1730 4 1189
704 5.9029906163696166 -13.71245619117258 29.768229869101589 186 187 191 0.29901320012029292 10 1968 9 1706 11 2063
707 0.40268491619321617 0.7828120372382682 24.981940328392113 172 183 189 0.84837212845419552 10 1987 9 1721 8 1661 20 1507 19 2286
709 -2.1409772405472891 1.7356922637188652 21.956108569242602 115 116 118 0.85116178472196791 3 1757 10 1989 11 2078 9 1724 12 2899 2 2016 12 2961 13 3149 14 3365 15 3262 16 3077 1 2418 17 2994 18 2646 19 2287 20 1471
710 -3.2846773594303622 1.9299066668431513 20.821326325763405 109 110 113 0.7252965891549169 3 1759 10 1988 11 2079 9 1727 12 2900 2 2018 13 3093 13 3148 15 3261 16 3076 1 2419 17 2957 18 2601 19 2290 20 1472
711 -2.8161351453801502 3.1079664767375346 21.220341095094096 123 129 132 0.75009575844069631 3 1764 10 1994 9 1729 12 2909 2 2023 13 3157 14 3374 15 3270 16 3079 1 2423 17 3000 18 2652 19 2293
712 -2.327097609942522 3.1500145777645971 21.849962838451443 117 125 128 0.77154229179828482 3 1836 10 1996 9 1730 11 2168 12 2969 2 2025 13 3159 16 3129 1 2425
713 -2.3265704205793765 3.1508965821183232 21.852085316624184 117 125 128 0.76097995077787273 3 1835 10 1995 9 1731 11 2167 12 2968 2 2024 13 3158 15 3316 16 3128 1 2424 17 3001 19 2325
714 4.1710430438789512 4.7546473280891774 32.87951370627588 68 59 52 0.73833149937247888 3 1765 10 1997 9 1732 11 2084 2 1961 8 1564
716 9.1888013427026429 5.2420570177953136 26.164379457605623 67 56 50 0.46340775898726227 4 1262 9 1740 8 1567 7 802
717 7.4836204808367306 6.1312288176006247 26.977986461525823 75 62 56 0.512257203992034 4 1269 9 1744 8 1576
718 10.084317147723473 6.4806950764937383 24.67024137269194 70 53 45 0.91823595735264008 4 1272 9 1747 8 1476 7 809 5 406 6 760
719 -3.9375757955679118 7.2114114615427978 19.609664730263713 92 92 92 0.85206264928390896 10 2016 9 1758 11 2108 12 2989 2 2042 14 3383 16 3092 1 2439 18 2659
725 -2.7343648893879275 7.5395491541215094 11.491458518237936 92 88 87 0.60917727492062701 10 1956 9 1781 11 2138 12 2882
726 10.284920473977159 -14.559020430754128 26.749701023178243 102 95 87 1.6032797230571809 4 1306 9 1786 7 846
731 5.876480756599312 -15.750852073055421 32.061089849435966 126 133 132 0.76085124057025788 3 1877 4 1307 9 1793 2 2058 8 1697
732 11.659283051086447 -12.661608436763906 25.9235046344319 173 182 181 0.92168564488725468 4 1314 8 1634 7 861 5 430
733 11.659283051086447 -12.661608436763906 25.9235046344319 173 182 181 0.92168564488725468 4 1315 8 1635 7 862 5 429
735 -2.611908960045767 2.4026455643690778 21.523528921054329 52 44 42 0.54364776915775292 10 2080 9 1813 11 2165 3 1832 2 2019 13 3151 15 3264 16 3125 17 2995 18 2648 19 2291
737 -2.3702814355874642 3.6758625684302668 21.995525456339081 28 22 22 0.73849686555404148 3 1837 10 2085 9 1815 11 2223 12 3024 2 2083 13 3207 14 3412 15 3320 16 3131 1 2469 17 3003 18 2684 19 2326 20 1512
738 -3.8370392177733224 3.9794825708555632 20.398335460341322 8 2 4 0.84138753515250497 10 2092 9 1817 11 2174 3 1844 12 2975 2 2086 13 3210 14 3415 15 3324 16 3166 1 2473 17 3007 18 2687 19 2329
739 3.7470699724963135 5.7646900604347797 31.75044101487866 38 16 13 0.62720060459204052 3 1842 10 2093 9 1818 11 2228 2 2088 20 1537
740 10.21862397166505 6.9232850860085939 25.275718806751584 38 13 6 0.76746306963147881 4 1352 9 1824 8 1675 7 898 6 852
741 0.0092950307643650393 6.783487505684958 24.02914566419895 110 111 113 1.3010953805385721 3 1851 10 2102 9 1825 11 2179 12 2981 2 2035 1 2479 8 1586
742 -1.6321040874286161 7.2516839813731986 21.76025122464635 103 103 105 0.20972799749395682 10 2182 9 1828 11 2279 12 3053
743 -0.63953966198099577 7.4475654769694559 18.333083061259444 99 100 104 1.8301993238885328 10 2110 9 1840 3 1859 14 3424 1 2482
747 -2.7267159671843477 7.4010026734165102 13.83543298200243 60 55 51 0.85809296771213917 10 2125 9 1851 11 2198 12 3036 13 3222
748 -2.0172910997201607 7.4187676487065897 14.298924560382918 61 59 60 0.83161538943006674 10 2126 9 1852 13 3180
749 9.6389968866627722 -12.833229987374194 26.665494572234003 177 178 176 1.10162990334646 4 1394 9 1866 8 1708 7 930
750 4.4839408550946542 -13.622102809587453 31.822617575207605 143 157 157 1.5396424119983116 3 1937 9 1873 10 2149 11 2252 2 2113
751 10.473257244821456 -7.2668676928935128 24.375001004378266 245 245 244 1.3078847215951692 4 1408 9 1880 8 1715
752 -3.1435232069514925 -5.871408068777014 35.977324457429738 110 87 73 0.83953101331645941 10 2158 9 1885 11 2211 12 3007 13 3185 15 3299 16 3114 17 2983 18 2637
753 -2.5567633308724971 -0.37066497538784504 34.203422275321344 53 33 17 1.6845385485001174 3 1896 10 2160 9 1890 11 2215 12 3043 2 2128 13 3196 14 3438 1 2495 15 3347
754 -1.0401417896941032 -0.10079774326420349 31.659876720650924 36 27 22 1.9834813614665914 10 2161 9 1891 11 2158 12 2958 2 2075 13 3145 14 3359 1 2459
755 -0.074809857239544808 0.073470486104293242 30.591819988414652 6 2 0 1.822466072005084 10 2162 9 1893 11 2218 12 3015 2 2076 13 3198 14 3441 3 1898 8 1796
757 -2.7428848166565323 1.9394566701616613 21.468027351613255 58 47 46 0.78986159258942257 3 1905 10 2170 11 2219 9 1899 12 3019 2 2077 13 3202 14 3408 15 3313 16 3163 1 2499
758 -2.7290817562683793 1.9453237583345613 21.413407254297759 57 46 48 0.95365636052801039 10 2171 9 1900 11 2220 12 3020 2 2078 13 3201 14 3407 15 3312 16 3162 1 2500 17 3028 18 2681 19 2321
759 6.3042144344915423 7.5690558889235842 27.073054445878924 73 46 33 0.35110204859995431 10 2181 9 1907 11 2232
761 9.6300037505628744 -13.721244915730605 26.254821282032715 116 120 123 1.3816992311339098 4 1453 9 1934 8 1763 7 981
762 0.40849416211630968 -10.061646078808362 31.815256394366422 50 46 43 0.74787962701447319 10 2203 9 1944 11 2255 1 2488 18 2670 19 2310 8 1825 20 1494
763 5.4456900628042266 -8.8628473418509142 30.19250606261814 243 243 241 0.82199753946962772 10 2204 9 1945 11 2209
768 -6.5300372911758906 -2.1800959682625032 37.700826501620917 6 5 1 1.0853759576661719 9 1958 10 2244 11 2265 12 3042 2 2126 13 3228 15 3344 16 3175 15 3362 1 2510 17 3048 18 2701 19 2345 20 1534 3 1985
769 -4.0807060920466567 -0.67722203912926116 34.430077971263572 3 3 1 1.1390277014806478 3 1950 10 2215 9 1960 11 2266 13 3247 14 3455 15 3369 16 3184 1 2512 17 3062 18 2722 19 2360 20 1561
770 -4.0807060920466567 -0.67722203912926116 34.430077971263572 3 3 1 1.1390277014806478 3 1951 10 2216 9 1961 11 2267 13 3248 14 3456 15 3370 16 3185 1 2513 17 3063 18 2723 19 2361 20 1562
772 5.7806242369200707 6.1019800692404527 29.440660867834264 48 19 11 0.75315393523584584 3 1956 10 2219 9 1966 11 2276 8 1803 7 1010
774 7.0775829081151542 8.9621746975622916 30.360216652675764 132 139 145 1.0545826868422663 3 1960 9 1971 11 2100
777 9.0957250284426152 -13.647915731249242 27.485945945859708 111 108 101 1.1778378828594347 4 1506 9 1983 8 1817 7 1030
778 10.6225791420364 -11.383466866455239 26.266894052687704 246 247 243 1.5007004080968211 4 1510 9 1986 8 1822 7 1033 5 566
779 9.8558527980070529 -6.4149319882899167 25.858581764417746 251 249 239 1.0511182753879436 4 1520 9 1993 7 1038 5 571
786 -4.8112126308707586 -3.7200481560068921 37.020544216586977 112 81 59 1.1605231598978907 10 2276 9 2028 11 2317 2 2169 13 3261 14 3463 15 3367 16 3182 1 2524 17 3060 18 2712 3 2020 20 1549
789 4.9488556042961935 0.041207744074963498 29.593647664735368 208 221 230 1.0663300386159218 3 2022 10 2282 9 2031 11 2320 8 1880 4 1595
790 -1.0665105659482823 2.5398528323903045 22.946405860607786 88 84 89 0.78559380795551548 3 2061 10 2320 9 2036 11 2346 12 3089 2 2186 13 3277 14 3477 15 3382 16 3203 1 2534 17 3076 18 2734 19 2375 20 1578
800 -4.9196015090063216 -2.3774093375531229 39.274701004874785 205 175 115 0.9585053050580693 10 2314 9 2063 11 2341 12 3087 2 2181 13 3275 14 3474 16 3201 1 2533 17 3074 18 2732 19 2371
801 9.1115662023849904 6.2968947854411255 24.776306532365364 62 33 18 0.72352907565290903 4 1599 9 2068 8 1929 7 1102 5 619
803 -4.4217367343665126 -7.3818721151942404 37.726050512869222 186 153 100 1.5584684118201098 10 2326 9 2071 11 2352 12 3095 2 2192 13 3279 14 3480 15 3385 16 3200 1 2537 17 3072 18 2729 19 2366 20 1566
804 4.0759660061526102 -11.150288075261694 30.869556670145752 244 244 246 1.1907864090004894 3 2073 10 2337 9 2077 11 2364
806 -0.28911014225573017 4.4265764668177354 23.927606409829728 19 13 13 1.2403341382206747 3 2074 10 2340 9 2079 11 2365 2 2206 1 2550 12 3108
807 -0.29707717856053711 4.3478014768428892 23.523961164364014 19 13 13 1.6848125559246456 3 2075 10 2341 9 2080 11 2366 2 2207 1 2551 12 3109 20 1586
810 4.703810488499431 1.1161166304415933 31.230308545602842 99 114 126 1.0297568162506983 4 1334 3 1826 9 1722 3 1753 10 1863 11 2161 8 1551 8 1662
811 1.9658450321424432 6.7938004751871937 29.80564838336106 48 29 14 1.0572515222063132 4 1491 10 2253 3 1997 9 1967 3 1957 10 2220 11 2301 12 3068 2 2160 8 1805
812 -1.106594655012465 7.4350220625878265 15.515188871584927 48 48 50 1.2051468582160285 10 621 9 547 12 1768 13 2110 3 509 14 2873 15 2881
813 -3.5785740993055954 7.4064875349951134 18.903226321701279 41 42 46 1.0933315830110923 10 1212 9 1016 3 1020 12 1556 2 1567 13 2606 15 2698 16 2581 18 2409
814 -0.50627084640085485 7.4865263800754764 14.964797738657877 120 120 122 1.2436554601624523 10 1266 9 1041 11 1349 12 2490 2 1628 3 1412 13 2718 14 2958
815 -0.70781291092514742 7.4307221975688513 14.473409061549253 87 81 81 1.0721259871410216 10 678 9 1042 11 1381 12 1922 3 1093
817 -3.58859605958961 1.5125477534688541 20.824182013319859 118 119 123 0.97843291516084485 10 1515 9 1279 3 1298 14 3062
818 -3.5033540482541392 2.0459616538639436 20.517851430525017 64 66 70 1.1250314234981398 10 1738 9 1286 11 1611 11 1839 3 1529 3 1308 12 2646 2 1489 13 2861 14 2698 13 2536 15 2978 16 2805 16 2939 1 2141 17 2830 18 2472 18 2541 19 2111
819 -2.928370335208899 2.0222907920103332 21.258109357070634 100 98 98 1.1368764765313273 10 1739 9 1288 11 1840 3 1530 13 2862 15 3126 16 2801 1 2142 17 2698 19 2188
820 -4.0645061759524914 1.696434950538688 20.255835335935569 80 81 84 1.0149804420592232 10 1736 9 1503 11 1833 3 1528 2 1856 14 3216 15 3123 16 2932 1 2262 19 2184
821 -3.5737584081960776 1.8485208790825722 20.541219535497316 117 121 124 0.73954723612532347 10 1868 9 1504 11 1978 3 1666 12 2803 2 1860 13 3007 14 3217 15 3124 1 2263 17 2900 18 2537 19 2185 20 1377
824 -0.5980722758917415 7.4403113178635003 14.626071868203393 52 48 49 1.1401451369367404 10 1927 9 1562 11 2040 12 2940 3 1717 2 1999 13 3128 14 3336
825 -3.5273227184892577 1.6834393467231563 20.686037963807014 71 72 74 0.66394650403471211 10 1867 9 1626 11 1979 3 1662 12 2799 2 1857 13 3008 14 3213 15 3213 16 3015 1 2345 17 2898 18 2538 19 2245 20 1428
826 -3.1494914110977619 1.739583152767173 20.93366002905012 56 52 53 0.83566502475285409 10 1869 9 1628 11 1981 3 1665 12 2800 2 1949 13 3094 14 3292 16 3018 17 2902 18 2600 20 1430
827 -3.1494914110977619 1.739583152767173 20.93366002905012 56 52 53 0.83566502475285409 10 1870 9 1629 11 1982 3 1664 12 2801 2 1948 13 3095 14 3293 16 3017 17 2901 18 2599 20 1429
828 -3.6887916000965673 7.401228138702165 18.581307850240044 107 108 110 1.2042289455912065 10 1902 9 1668 11 2111 3 1783 12 2926 2 2043 13 3114 14 3319 15 3289 16 3103 17 3014 18 2665
830 -2.6112374411118999 7.3469726487979781 16.47078362212881 91 92 94 1.4985050460019418 10 2027 9 1766 11 2117 3 1791 14 3388 15 3291 16 3105
831 -2.7223447300252617 7.3839400131344588 13.788605401837247 60 55 51 0.98256843285987749 10 2124 9 1850 11 2197 12 3035 2 2103 13 3221
832 -3.6808524541953163 1.996711378281592 20.432819638653932 88 93 96 1.0104886335359715 10 2169 9 1898 3 1953 12 3046 2 2132 13 3233 14 3442 1 2498
835 -1.8202510365070639 -16.804255003739996 34.580478397885408 44 36 33 1.5848655032563232 9 46 11 40 12 33 13 0 2 20 16 1672
836 -1.1764970780780397 -16.603643170780067 33.429908145126134 47 42 38 0.9951894551302306 9 53 11 41 13 1 14 4 18 1470 19 7
838 1.5423539423028594 -16.550307549191533 34.002034247150064 53 52 50 2.2542794808565847 4 715 11 48 2 897 1 27 12 1312 11 47 8 56
839 3.1702040287156104 -15.229053600081363 31.805691451554445 138 148 151 0.32834470150079281 9 810 10 112 11 53
840 0.99250385599603075 -15.686794474373652 33.160017433964413 40 37 32 1.0192843574525485 9 112 11 76 1 1284
848 -7.0140579512148271 -0.45070112922969802 28.733412340943676 96 96 94 0.58938603176428861 10 252 11 153 2 973 13 74 15 1768 16 1721 1 108 17 1647 18 1512 19 1322
849 -7.0341034320589975 -0.33544605038769354 28.786801306595592 111 110 108 0.13572137026231113 10 253 11 154 13 75 16 89
850 2.5067617584338415 -0.52826457382159053 31.562465704359067 87 95 98 1.233618500208713 3 829 9 242 11 158 12 2247 1 1815
852 -4.9192271000943624 0.29832825945904101 25.890172426778829 105 108 113 1.0619974449906056 3 158 11 169 10 277 2 989 12 2256 14 1841 1 131 15 126 17 116
853 -3.1085949884545214 0.23081309082589882 25.973270952419341 127 133 139 1.1468154284227088 9 266 11 173 12 98 3 165 2 125 14 126
854 -2.3222195783093609 -0.14727909144486467 33.548260848013662 33 19 6 0.6859908696066791 9 874 11 174 2 994 13 1680
855 -6.335476266477043 0.58617802131449248 24.43843952927271 140 141 146 0.97977447329307776 10 275 11 186 12 111 2 133 14 153 15 1794 16 2475 1 1346 17 2363 19 1999
856 -6.4260748957105136 0.59518311110111066 24.758026056553074 140 141 146 0.91363884812207075 10 274 11 187 12 112 2 134 14 152 15 1795 16 2476 1 1347
857 0.66962395563901378 0.85411058259810091 24.744503014493457 62 68 75 1.7154314029794933 3 176 11 189 12 1412 2 140 15 173 1 1356 20 914
858 2.8605520977071826 0.67042912357668272 32.39564768022462 113 139 156 1.2509416382474088 4 504 11 192 12 1394 10 1089 9 903 2 1004 1 1348 19 1787 20 1140
859 -0.90574058612817887 0.98032815569191267 23.204971130300233 98 107 119 0.75409308473796588 9 281 11 201 12 1404 2 155 13 1697 14 1863 15 1806 20 923 3 857
861 -0.75991770641058409 1.2258659795491045 23.355589890257402 95 99 108 1.001634686519091 3 878 10 296 11 206 15 2626 1 1371 18 2103 19 1800 8 187
862 -0.48308394059103293 1.0212830527498695 23.527482487730822 147 155 166 1.1135529512906461 3 174 10 297 11 207 12 126 14 175 15 171 16 175 1 180 17 181 19 1378 20 557
865 -3.8561068119014457 1.4959635065484103 20.284796688350269 116 116 118 1.0206375271838588 9 307 11 219 15 1810 17 2385 18 2105
866 -2.4996633767033236 1.4616745715250161 21.596911955896918 120 128 131 1.0510376054755886 3 205 10 318 11 220 13 162 14 191 15 1813 16 189 1 1360 17 1707 18 1556
867 -1.9297812834782209 1.4737447444782126 21.946049804367213 106 104 108 0.89179517602903702 3 209 11 221 12 135 2 1030 15 189 16 1775 1 204 19 1385
868 -1.6085400980691007 1.5781131877673165 22.385399758124258 106 111 117 0.89267619954560862 3 210 11 222 12 136 13 181 14 196 15 191 16 1776 1 218 17 1710 18 1557 19 1804 20 1161
869 -2.1484737399680394 1.882346178512333 21.903580957467238 84 84 86 0.92029477339240695 3 207 11 230 12 149 13 179 14 210 15 201 16 202 1 1379 18 1561 19 225
870 -2.1353924760012495 1.8840206497743617 21.817738665576346 84 84 86 0.51966812950226782 3 208 11 231 12 150 16 203
871 -0.77952564061377372 2.3120284041072057 23.260049522928192 104 112 118 1.1549662055263135 10 343 11 232 2 171 14 227 15 222 16 1791 1 231 17 1721 18 1568 19 1391 19 1811 20 1166
875 -4.2344198126424812 2.5659963372177295 19.452306481584689 108 104 105 2.0052750097309699 9 321 11 244 3 234 12 1452 2 1044 13 211 1 249
876 -4.1749973821347925 2.6091727764987818 19.367700879476438 108 104 105 1.9190236781934962 9 320 11 245 3 236 13 210 1 250 1 275
877 -4.180775887517278 2.6439390426393938 19.874200182172167 56 50 52 1.5474189830579523 3 896 9 322 11 246 14 234 15 1848
878 -1.4473788167181589 2.6907524170165793 22.48092673117802 78 78 83 0.74627144630108055 3 218 10 342 11 247 12 159 2 1037 14 1905 16 1800 1 251 17 240 20 569
879 0.44936053923524671 2.7262394977980478 24.522227643847984 96 88 86 1.1833473785870756 3 225 10 346 11 251 12 2298 13 1733 15 240 16 227 1 1863 18 2123 19 1397 8 1119 2 1727 20 939 20 1169
880 -4.5349814715802399 2.7175063491620723 19.541084216405054 113 113 115 1.0328059560289504 3 895 10 351 11 258 12 1460 2 1043 14 2716 15 2642 16 2512 1 1867 18 2355
881 -4.3376849116476208 2.8407678360757194 19.771983665764758 108 104 104 1.3764309942616335 3 239 11 259 2 1046 1 272 17 252
882 -1.5775457288186026 3.0299366000140844 22.560282887487727 52 43 44 0.8013075014183505 3 899 11 263 12 168 2 1050 13 1745 14 237 15 1855 16 1808 1 1396 17 1737 18 1582 19 1401
883 -1.1684812636126252 3.0747945384603206 22.949053400824464 58 50 48 1.9305865814359351 10 358 11 265 2 199 15 2649 16 243 16 2821 3 1315 17 2419 19 2022 20 1179 17 253
884 -0.84851584625969745 3.1801145492604848 23.426638583021585 108 104 103 0.88333165748666409 10 359 11 266 12 2304 14 261 15 262 16 1809 1 283 2 1053 3 904 17 2420 18 2125 19 1825 8 747 20 958
886 -2.5618895933831602 3.5074898717585734 21.724523822192694 79 70 68 1.2270280316659368 3 249 10 372 11 276 12 182 2 1060 13 243 15 277 18 258 19 1835 20 1183
888 -2.1973397442295433 3.5479112783835269 22.054379178753074 46 40 40 0.8023656935557657 3 252 10 375 11 278 2 204 13 244 14 268 16 257 1 298 18 259 19 1421
889 -2.0646057397642923 3.4901322250803224 22.157290967749098 62 56 56 0.69944786673627313 3 255 11 281 15 279 16 259 1 297 17 272 18 1591 19 1422
890 -2.1737834616961349 3.7403231156138483 22.58753770100417 7 3 2 1.2630599704486876 9 357 11 283 15 1864 16 1821 19 260
891 -1.708536696898076 3.4294477307290241 22.716778985516683 83 75 75 0.71986816560286904 3 256 11 284 2 205 13 249 14 260 15 281 16 260 1 299 17 1746 18 1592 19 1417 20 960
893 4.9034981850579751 4.6636227668728498 32.146212836679325 69 67 69 0.56002912201274524 3 246 11 290 2 1067
894 -4.3540356734454999 3.8244509158870907 19.418014054212016 14 9 8 0.82883067672255217 3 948 11 293 2 225 13 258 14 271 1 306
895 -4.571476588233252 4.0094819852079118 20.024970819582482 63 60 57 0.85199636431513637 10 414 11 294 12 1497 2 1083 13 259 14 272 15 303 16 1832 1 1415 17 1755 18 2141 19 2038
896 -4.1201070929799295 3.7925800550474684 20.197192654090877 49 42 42 0.74125772745078622 10 391 11 296 15 289 16 266 1 308 17 1750 18 1598 19 1426
899 -5.107397764037116 4.3682050133506198 19.158413920222461 32 23 24 0.60086221743492274 10 426 11 308 12 211 2 231 13 263 15 306 16 279 17 292 18 289 19 280
900 -5.1093178883174266 4.3501938869540107 19.14734249357625 32 23 24 0.40906081306122538 10 425 11 309 13 264
901 -4.7618739874033027 4.1746612749779723 19.562647104771663 3 0 0 0.98166620493849455 3 954 10 413 11 310 12 203 2 233 13 266 16 274 1 326 17 289 18 280 19 282
902 0.89904451142761932 4.9862936954925443 26.555830400536294 3 4 3 1.6475177568633488 9 377 11 311 19 270
903 4.096379431286862 5.8376059380109808 31.666466287048674 77 62 55 1.4052552597930486 3 273 10 416 11 314 8 212 4 549 20 1187
904 7.4948521297533004 5.4167283805289275 30.541606746562401 54 43 37 0.75450248584359769 9 367 10 405 11 318
905 -0.84199669592208715 6.3339208864864869 28.426085684608797 84 82 83 1.9305750831297661 11 321 2 1091 13 1772 14 281 13 275 14 282 15 1875 16 280 4 174
906 0.22457837670253258 6.0930466964355539 26.802999433716209 7 1 1 1.3753054988038815 3 290 9 395 11 326 12 1507 2 239 15 321
907 -5.4064958918117352 5.214898599533595 18.052421334114079 105 101 100 0.87557959014799169 10 450 11 331 12 2354 2 1095 13 285 15 327 16 1841 17 1765 18 1611
908 0.82401164315443964 6.9404431482076863 22.821277020225136 83 88 91 0.79314545118486146 3 306 10 463 11 350
909 0.77614726603933848 6.6592420482833941 21.844172954338831 83 88 91 0.77334304693139755 3 307 11 351 13 329 14 351
910 -2.0686087000530682 7.2442327382993499 19.337390082476912 44 42 43 0.3421916081852035 9 472 11 384 14 461 15 1950 17 2488
911 -4.8679670853467263 7.554674508758727 18.622075307769684 21 17 16 1.1263214103081134 10 538 11 409 12 1580 2 1145 13 1812 14 1990 15 1934 16 2577 1 1461 17 2478 18 2239
913 -4.0816101061105261 7.5040053392506874 19.118765484929018 93 89 90 0.80245700478465798 3 393 11 411 1 542
914 -4.069837121337474 7.4810677800983472 19.056778121325394 93 89 90 0.66045736301896307 3 392 11 412 1 541 16 557
915 -3.9382292702124442 7.3651157276983099 18.875570413809449 50 45 49 0.7395200352591742 3 394 11 417 10 509 13 1817
916 -2.9425434092471634 7.47397859889361 18.989246307746519 34 34 36 0.85397587544166609 3 1021 10 514 11 425
917 -4.3988231645989924 7.6780653583778067 17.575128663280619 53 50 51 1.0417922186589705 3 449 11 472 12 470 2 1199 13 625 14 2066 16 2124 1 1532 17 2547
918 -3.6727247710294582 7.4855227462421432 18.308253327740228 47 45 46 0.73496197356261128 3 399 11 478 12 388 2 424 13 1852 14 1995 15 1995 1 1489
919 -2.814619818522075 7.4511048928184556 17.374401187504525 105 105 105 0.74263219507309264 3 425 11 480 15 2084 16 2151
921 0.7337657513894722 7.3919278278392619 17.489599264428353 40 40 42 1.1366602836369328 3 410 10 554 11 493 12 1716 14 2843 15 2812 16 2892
922 1.8701877262460482 7.4145227965484599 18.092145074599078 65 66 70 1.283148864568048 9 479 11 499 12 1662 2 458 16 2680
923 1.886943254478147 7.5243182011332683 18.376238438753276 65 66 70 0.11640727566689095 9 480 11 500 12 1663
925 -3.6378403174720324 7.4150244765614444 16.742402360001186 54 52 53 0.65439698205312513 9 528 11 542 15 2174
926 -4.732426148308174 7.5835876743228683 15.771759910905846 45 41 40 1.2253500557776511 10 608 11 569 12 584 2 1261 14 1008 15 2273 16 2234
927 -4.2291923476005255 7.533507526561535 16.165177655139644 90 89 87 1.2314334487296104 10 609 11 571 12 1692 15 2158 16 2667
929 0.30671138813917542 7.4506977504720577 16.333569901773064 59 59 61 1.0570784578767114 3 438 11 606 12 724 13 2128 2 1250 14 2878 15 2850
930 0.30671138813917592 7.4506977504720551 16.33356990177306 59 59 61 1.0570784578767232 3 439 11 607 12 723 13 2129 2 1251 14 2877 15 2849
932 -3.6296246002346768 7.4642969285238392 14.815443818055552 41 39 40 1.2271275643853399 10 652 11 628 12 688 2 1293 13 2093 14 2866 15 2836
933 -3.6135322481209338 7.4889666584805363 14.721272902073705 98 96 97 1.3430047781320942 10 653 11 630 12 787 2 1295 13 2094 14 1192 15 2480
934 -3.3535818596040623 7.4712735737315388 14.403514035448246 33 31 32 0.55598793913313516 10 707 11 633 13 1053 14 1373 15 2485
935 -2.1743681276780049 7.378258820089231 14.811609151372803 46 46 48 0.42821399575639585 10 1259 11 642 14 2396 12 1833
936 -2.1047728931419019 7.430492893092878 14.452878542722805 50 47 47 0.34966675680477444 10 664 11 645 14 2908
937 -1.8210100060808589 7.3512468380126714 14.735436318522444 115 113 114 0.4664016100612785 10 1260 11 648 13 2103 14 2400
938 -1.1984283955440649 7.3969792162425652 14.486065299730715 119 119 121 0.55946718257085959 10 673 11 655 12 1918 13 1244 14 2507
939 -0.538799686822241 7.6827328575325016 15.938890475743692 111 112 114 0.56993227925715839 3 521 11 665 2 1277 12 2456
940 -0.55015539227562738 7.4716852581752882 15.298846977875877 45 46 48 1.2395044568680305 3 1075 11 666 12 1844 2 1313 9 572 14 2913
941 -4.2506725180771054 7.3664519977122875 13.488565281397296 93 92 90 0.65097902877890934 10 688 11 693 12 1890
942 -3.7919940679227073 7.432921177391683 14.097778074161731 108 104 106 0.93334744392179725 10 697 11 706 12 786 13 1038
943 -2.3196968353929615 7.4532083609492679 13.861676845188306 103 101 102 0.95470486278318523 10 723 11 726 12 1912 2 1341 13 2198 14 2484
944 -2.0043293716937347 7.3913488235170304 14.269500733639209 99 95 94 0.90032081654110607 10 667 11 731 14 1555 2 783
945 -2.1778116706389894 8.1680051379534948 15.987645249224107 118 117 115 2.2331947473013787 3 548 11 742 2 1344
946 -1.4839541839248338 7.3767042267830112 14.189898398032343 58 58 60 0.6191708911196524 9 606 10 1290 11 752 12 961
947 -3.0682784043938125 7.3538698136461846 12.942085492489843 95 94 92 0.6039685275945702 10 762 11 807 12 1039
948 -2.967249451025884 7.4053367539764476 12.877646360163626 96 95 93 0.53751936056814331 10 765 11 810 12 1047 13 1351
949 -2.9562589463576532 7.353590565509676 12.894059519709138 42 38 37 0.32890185397369931 10 764 11 815 12 1043
950 -2.8452302222313697 7.3738989295977388 12.980972992053255 45 41 40 0.58127559308242926 10 769 11 817 12 1971 13 1358
951 -4.0309412517153511 7.4228623793008541 12.231201127187063 46 41 37 0.50398031297102341 10 1330 11 859 13 1453 12 1128
952 -3.9113410454120494 7.5328116542694525 12.920307332757263 48 42 43 0.78365440848442469 10 806 11 862 12 1963 14 2975
953 -3.8662678018197325 7.4454591621784436 12.636567023287652 98 92 92 0.40618720125983376 10 805 11 863 12 1962
954 -4.0104157421622357 7.4857482002672171 12.489407180834942 91 86 82 0.58720585948228787 10 803 11 864 12 1010
955 -3.5416441110650019 7.5177831399217983 12.371738345491984 93 89 88 0.3429317507091858 10 810 11 869 12 1145
956 -3.5521063921906633 7.5441748442455498 12.420832803141314 93 89 88 0.4446772631524144 10 809 11 870 12 1144 13 2339
957 -3.3100683191823794 7.4934708335071623 12.521601672304181 52 48 49 0.35807416118917512 10 814 11 874 13 2343
958 -2.9518248470934392 7.4133946940328102 12.759278855665192 35 34 32 0.40496071202194101 10 816 11 877 12 1969
959 -2.9518248470934392 7.4133946940328102 12.759278855665192 35 34 32 0.40496071202194101 10 817 11 878 12 1970
960 -1.6652701912175385 7.4684905596037128 12.958883271244705 42 40 38 0.49501516749851637 10 793 11 909 13 2370
961 -3.8711741616008459 7.5516916198602502 11.760577218271523 38 37 35 0.5381667596444587 10 1381 11 915 13 2410
962 -2.393134334244353 7.430019699095249 11.811543254655872 45 44 42 0.49243524807532291 10 883 11 946 12 1244
963 -3.8509423438285086 7.5388939420267773 11.591378297802468 41 40 38 0.41675766518783991 10 887 11 956 13 1609
964 -3.1834195792850615 7.4266031687845091 11.557402127731541 99 98 96 0.39736042645238162 10 896 11 973 12 2121
965 -2.9704739556360731 7.3891013315043637 11.109143538385064 96 92 91 0.87710264102542235 9 737 11 979 12 1286
966 -2.882355347417032 7.4262834360087098 11.076901732684233 88 83 79 0.67318758486761998 9 739 11 1006 12 1288
968 6.4939301379262648 -14.481067467772997 28.935609372527637 138 140 142 0.73651111234588507 9 81 10 129 11 1029
975 2.7727130153748396 -15.240017642540721 31.582042447222669 101 105 107 0.79804467116898403 9 804 10 977 11 1050
976 3.0917080355934603 -15.354499971440939 31.675155710142178 100 106 106 1.2674191478689956 9 807 10 978 11 1051 20 844
977 3.9983079861161794 -14.762035891861263 30.256795428194565 101 107 107 1.4687151936554752 3 758 11 1059 9 778
978 5.3663603306387984 -18.451244997172846 37.722994351903459 145 151 151 1.7407284132057717 4 438 10 990 11 1060
988 -7.2659135382004321 -0.25975836482005271 28.011731471509982 113 113 113 0.35635211908969905 10 251 11 1107 2 99 13 73 14 94 15 1766 18 118 19 114
989 -5.8824063383571827 -0.016426601671337492 26.556243312413628 149 150 154 1.2185310863381049 3 836 10 1063 11 1110 12 1375 2 974 13 1669 14 1821 15 1769 1 1819 17 2342 18 2071 19 1768 20 1122
990 -5.732180997077724 0.012557273195163136 26.502609186615249 85 88 93 0.98936874706100686 3 837 10 1064 11 1111 12 1377 2 983 13 1670 14 1822 15 1770 16 1733 1 1328 17 1648 18 2073 19 1770 20 1126
991 -5.3873655335497856 0.30639517460933563 25.613924869851164 94 97 102 0.81532267460838426 3 839 10 1079 11 1112 2 985 13 1672 14 2667 15 2598 16 2477 1 1821 17 2348 19 1990 20 1134
994 -5.3318788812098949 0.24576067978717972 26.074453778615499 147 150 155 0.42382213191833867 10 1082 11 1115 12 1381 2 1459 13 2491 14 2669
995 -5.0738593883862082 0.38249419748464109 25.494411666208457 109 110 115 0.80531772047233652 3 843 9 885 10 1084 11 1117
996 -4.0464862253428144 0.18738930588465141 26.0324786328503 111 116 120 0.83887224705783514 3 1279 11 1120 2 1464 13 1675 16 2770 18 2311 19 2092
997 -4.0475206913829513 0.18600244387478268 26.034955903277787 111 116 120 0.76501523058870247 3 1280 11 1121 2 1465 13 1676 16 2769 18 2312 19 2093 20 1269
999 2.7949980709231141 -0.25034235413256178 32.659085653401533 96 115 122 0.81449768048025573 3 147 10 262 11 1129 12 2262 2 979 1 141 19 1989 20 1261
1003 -2.0133767847666997 1.2723190879761757 22.00084537045575 129 137 145 0.95825138704568091 10 319 11 1144 12 118 2 148 13 163 14 1872 15 187 16 1756 1 1362 17 1689 18 2093 19 1801 20 1158
1004 -1.8150860332978636 1.1503820058606826 22.321094654756184 93 100 110 0.98976326168153528 9 292 10 1097 11 1146 3 1293 12 2271 2 1478 13 2527 14 1857 15 1801 16 1757 1 1364 17 1690 18 2094 19 1372 8 181 20 1150
1005 -1.8141234557920474 1.1500873979538777 22.316444936059948 93 100 110 1.0467389879456044 3 1292 9 291 10 1096 11 1147 12 2270 2 1479 13 2526 14 1858 15 1802 16 1758 1 1363 17 1691 18 2095 19 1373 20 1149
1006 -1.4138775507294941 1.0597250929421522 22.675175268517616 94 98 107 0.8512135941689587 3 871 10 1101 11 1148 12 1399 2 1477 13 1693 14 1860 15 1803 16 2488 1 1351 17 2379 18 2097 19 1795 8 1101 20 1278
1007 -0.76192212710715856 1.1051827033765933 23.553855535035609 95 102 110 0.96501504307772645 3 877 10 1103 11 1151 15 2619 1 1834
1008 -0.75557158603645824 1.0946841359973969 23.405583260531689 95 102 110 0.89589092179636665 3 876 10 1104 11 1152 13 2528 14 2684 15 2618 1 1833 18 2332
1009 -0.94644269892381694 1.18561224290439 23.163162988904123 89 94 101 1.2439847332552039 3 875 9 298 11 1153 12 1407 2 1014 13 1708 16 2491 1 1842 17 2382 18 2101 19 2005 8 183 8 184
1010 0.077198958282995778 1.2280880703313222 23.912979927008319 153 162 171 1.4333144872762291 3 196 11 1155 17 1705 1 208
1011 -4.3414499166411264 1.5640059300797242 20.11757253146169 110 114 115 1.2113585003494125 3 884 10 1111 11 1158 13 1701 1 1846
1012 -3.3617328406132665 1.7582474305886664 20.809151677298104 116 116 118 1.2930243135780477 10 332 11 1162 2 1490 13 177 14 2700 15 1826 16 2505 1 1377 17 2696 19 2015 20 1165
1014 -2.1136306668475835 1.6091718818097156 21.962590762915099 90 91 93 0.82198072453440185 9 308 11 1164 2 1031 14 1873 15 1828 16 1774 1 1378
1016 -0.19347138806921321 2.6814198013524599 23.530449125270099 59 55 54 1.4471121278134211 3 220 11 1172 2 181 17 2414
1018 -4.4261405842906525 2.9332727739612743 19.688712895191625 124 124 126 0.81927975840205491 3 919 10 1130 11 1179 12 1461 2 1059 13 1742
1020 1.7455918585183161 3.311364655301805 25.961532649607378 84 91 100 0.73438142190718692 11 1182 1 1871 8 199
1023 -5.0216631503269271 3.2665871418381327 18.648988034818629 38 34 33 1.3847998489177595 10 1151 11 1185 2 1070 13 1752 14 1919 15 3001 12 2666 17 2846 18 2482 19 2204 1 1875
1024 -2.1876821849663743 3.3364653586616919 22.132995967455258 69 66 66 1.187388406028562 3 922 10 373 11 1189 12 1473 2 1508 15 1862 13 233 16 2522 1 1402 17 2418 18 2360 19 2029 20 1184
1027 4.7877038565261927 4.6187400722201772 32.740935497407989 94 92 95 0.89249922783999891 9 346 11 1194 10 1149 2 212 3 245 8 754
1028 5.1534625957780191 4.6721907616226872 32.506357189701191 101 99 102 0.53569788641966232 3 916 10 1150 11 1195 2 1068
1029 -4.5974770857056768 3.8874136503785133 19.722225791300705 39 30 27 1.174428641527862 10 1164 11 1199 12 201 2 1082 13 2564 15 3006 16 2835
1030 -4.0246268952576134 3.810679014636853 20.247551054464893 81 71 72 0.68428246466770459 9 953 10 392 11 1200 12 1487 2 1074 13 1762 14 1930 15 2663 16 2534 18 2144
1031 -4.023257507300654 3.8125812049429664 20.248339757508024 81 71 72 0.73362896399914668 9 952 11 1201 2 1075 3 1332 13 1763 10 393 14 1931 14 2737 15 2664 16 2533 17 2431 18 2143 18 2373 19 2035
1032 -3.7948552474732158 3.7821186227975279 20.499447030728412 50 40 41 2.0161207405235779 3 265 11 1202 10 394 12 1489 2 1076 13 1764 14 273 1 1410 17 282 17 1751 18 2135 19 1838 20 969 3 268
1033 -3.0099642644916793 3.8343280967351228 21.176449366322895 7 3 4 0.361281540974149 3 943 11 1204 1 1411
1034 -4.8299611885703779 4.244211363583628 19.139833862340648 102 100 101 1.150671755570229 10 1170 11 1207 12 1495 2 1526 13 265 1 332 18 279 18 2377 19 1846 19 2138
1035 5.9351160809817216 6.0442124082109716 30.741317201896162 27 12 10 0.75637438919326283 9 379 10 418 11 1212 8 773
1036 0.15608516885951038 5.9693895141181956 26.756258270428116 79 55 40 1.0228669876489984 3 286 9 394 11 1216 8 783
1037 6.0066789551064241 6.1409758244260848 28.483006300699245 80 62 58 1.1205444329638916 3 1339 9 389 10 1173 11 1217 8 1474 4 1144 7 732
1038 6.9949618596000249 6.2175568786870192 29.240708058443111 64 49 42 0.80554616575146998 4 167 11 1218 7 309
1040 -2.1225644991713417 6.9842885212366426 22.374824158799623 79 75 76 1.1307645121172298 10 1193 11 1225 13 1786 14 2747 15 2682 1 1916 17 2446
1041 -3.8188743832856513 7.3655583426784341 19.402281830831562 40 38 39 0.67254859057332417 10 1209 11 1242 13 2605 16 2853 18 2408
1043 -4.5202168832834522 7.334896224717796 18.167992289640559 37 33 32 0.78290787826055164 10 1219 11 1255 2 1146 14 2776 1 1933
1044 -4.4312648484355002 7.4748164329381117 19.411594058794808 36 32 31 0.76713538256478908 3 1381 11 1256 12 1549 2 1565 13 1813 14 1971 15 1938 16 1918 1 1935 17 1846 18 1764
1045 -4.2770903208815767 7.3709687658307885 19.267951374163083 96 92 93 1.2537939351994396 3 1378 10 1584 11 1257 2 1557 13 1815 15 2689 1 1936 16 2852 18 2406
1046 -1.3926850806141204 7.3247554375820592 18.869657126218563 123 124 128 1.2603351850415725 3 371 11 1262 12 2394 13 2911 1 1957 8 1173
1047 -0.54249225329901196 7.3184072596336751 18.78725020776054 123 124 128 0.91956975627550719 3 1002 11 1265 12 1600 13 1867 14 2014 15 757 16 2062 17 2127 8 305
1048 -0.40768604063787728 7.2931534663272144 18.925572925266756 117 118 122 1.0432157779645364 3 1003 11 1267 10 1215 14 2782 15 2716 16 2613 17 2555 8 306
1049 0.16280717987945625 7.2545848724515212 19.228766173599141 121 122 126 0.53942786486208782 10 1586 11 1271 13 2622 16 2860
1050 -4.9770279186472415 7.3204178423437396 16.113655190381543 77 71 71 1.1305374114192466 10 566 11 1299 12 457 2 1191
1051 -4.3954819281959612 7.6295270283966836 16.939738063019607 33 31 32 1.4743899632510811 10 1231 11 1302 12 1643 2 1197 13 2632 14 2813 15 2775 16 2865 1 1574 17 2790
1053 -4.2187165893028054 7.5352717667548932 15.97481654806557 49 46 45 0.28761308329198193 10 1243 11 1318 12 1693
1054 -3.6785552748103658 7.483714435632173 14.446208616377591 46 44 45 0.82156268177475333 10 651 11 1333 12 1820 13 2685 14 2902 15 2872
1055 -1.8156556616839374 7.3742043490489282 15.115373169538277 45 43 44 0.6151535474928288 10 619 11 1341 13 2102 14 2314 15 2506 12 701
1056 -1.3867757986826164 7.7405236070008394 15.881968626225586 101 101 103 1.5445982184443698 10 1261 11 1344 1 2224 2 1626
1057 -4.1432028743062626 7.5245309487634797 13.773798006508493 41 40 38 0.85547248971931267 10 1273 11 1363 12 896 13 2177 14 2376
1058 -2.6861561545579149 7.4407778268182163 13.992654043485611 43 38 35 0.49442761283993031 10 1624 11 1371 12 2481 13 2709 14 2944
1059 -2.0307727190865696 7.4209562828101046 14.204368641174119 51 47 46 0.87714745651615789 9 1058 11 1373 12 1913 13 2205 14 2950
1060 -0.89851696501122802 7.4137315829632282 14.563289122964637 66 66 66 0.99688802893500605 9 566 11 1379 12 1921 2 1627 13 2716
1061 -4.2233953416115568 7.4969848213133652 12.826861609305755 45 41 39 0.74098048562487939 10 1325 11 1391 13 2261 12 1956 14 2558
1062 -3.3041272122923413 7.4820699400436625 13.609894837857183 39 38 37 0.96888170170219667 10 1302 11 1400 12 1901 14 2942
1063 -2.3221058474692606 7.4705216308687135 13.35841764283269 117 115 116 0.76275350512041018 10 1308 11 1405 12 2503 14 2584
1064 -1.4638758542580044 7.9956856300085537 14.628022027839631 49 47 48 2.0970559099625774 3 1146 11 1415 12 1985
1065 -3.656149097364632 7.3891692323587099 12.251723418060518 39 35 34 0.32012779581658257 10 1331 11 1430 12 2525
1066 -3.5052326591416061 7.56180197887688 12.633104416244379 43 39 38 0.46131457805778786 10 811 11 1432 12 2033 13 2758
1067 -3.2298520455977719 7.4522821568978177 12.293376324507623 107 103 104 0.72103163277376847 10 1333 11 1436 12 2038 13 2762
1068 -3.1728493794484636 7.3544790088890721 12.113991801083923 107 103 104 1.0017891815800006 9 690 11 1437 12 2037 13 2761
1069 -2.9491609933476743 7.4807754754737426 12.422638694917234 91 90 88 0.45234423121788608 10 821 11 1439 13 1471
1070 -3.7605314092402899 7.5004019030395357 12.174384740079846 104 103 101 0.40525978697216103 10 1351 11 1465 12 2030 13 2334
1071 -3.7749953432730656 7.5302265980490937 11.870045728125016 44 39 36 0.7476262441030791 10 1355 11 1467 13 2789
1072 -3.2567872875680965 7.3828185450270718 11.524075934196441 47 46 44 0.64687484743332446 9 1125 11 1470 12 2119
1073 -2.9192489996792093 7.4670144453978358 11.933309929956049 48 46 47 0.35863442778898885 10 1649 11 1478 12 2127
1074 -3.5346789169344013 7.4740344318059346 11.123703166701192 102 98 97 0.5425722751271137 10 1388 11 1495 12 2169
1075 -3.5346789169344013 7.4740344318059346 11.123703166701192 102 98 97 0.5425722751271137 10 1387 11 1496 12 2168
1076 -3.3846267578207128 7.5097828596980909 11.360700322602394 32 31 29 0.39836026780400297 10 1390 11 1498 12 2171
1077 -3.3299919951350305 7.4660462304042428 11.35518520823709 79 78 76 0.26871063738376177 10 1389 11 1499 12 2172
1078 -2.6960660163604229 7.4934243842576738 11.573530900409837 50 46 43 0.44817425482833562 10 1661 11 1505 12 2180
1079 -2.4014355553857873 7.5234885757798837 11.523588335390629 63 45 32 0.68610483196804106 9 729 11 1512 12 1290
1080 -3.766806258751108 7.5166616782946916 11.085991568960051 89 86 81 0.56681527893575445 10 1406 11 1519 12 2165
1081 -3.5773209739255858 7.4917178373791611 11.020788975779212 50 46 45 0.44571804895708117 10 1407 11 1524 12 2170
1082 -3.2075333982091387 7.5146508821025932 11.029082854053756 100 96 93 0.50694551507432362 10 1416 11 1528 12 2192
1086 -0.88826101823099468 -16.509952975072554 34.261265389328024 10 5 2 1.6197041348142358 9 1193 11 1547 13 2461 14 3000 15 2907 16 2733 3 1232 18 2280 19 1958
1089 -0.053940073578841292 -15.523124697550996 33.172114010713024 43 38 35 1.2782378719701457 9 1442 10 1691 11 1559 15 2909 16 2734 17 2615 18 2429 19 2072
1090 0.32179768311399565 -14.564936735203943 30.395326248438437 46 41 38 1.9480583846208446 9 1222 10 1458 11 1561 12 2215 20 1081
1091 4.2110292280463799 -13.69456447679288 31.121842529072964 124 138 140 0.66864598060478453 9 1239 11 1564 10 1476
1095 -2.8416005003077438 -2.2879533155462211 35.668799981600849 69 39 19 1.3216524521400606 9 1260 11 1582 13 1637 14 1795 15 36 16 2450 1 1808 17 1618 18 1493 19 1973 16 2745
1099 -4.6729629975081712 0.32013770616876108 25.638899815701869 110 115 119 0.9320050127353513 3 1516 11 1595 12 2258 2 1463 14 3042 15 2952 1 2117
1100 -4.6729629975081712 0.32013770616876108 25.638899815701869 110 115 119 0.9320050127353513 3 1515 11 1596 12 2257 2 1462 14 3043 15 2953 1 2118
1101 -3.5072783221756314 1.3860641804275111 20.783381666594575 91 95 98 0.97137208227050531 3 1524 9 1499 11 1599 2 1720 13 2849 14 3061 15 2967 1 2129 19 2104 20 1280
1102 -3.8410425318810812 1.4327094411339354 20.827095002935973 85 86 89 0.72918893846753263 3 1523 10 1514 11 1604 12 2286 14 3060 15 2966 16 2793 1 2128 17 2689 18 2334 19 2103 20 1285
1104 -2.37530369950206 1.7684995352145483 21.64248032239594 66 66 71 0.70740119311060246 3 1302 9 1280 11 1608 2 1484 13 2858 14 3072 15 2976 16 2803 1 2138 17 2700
1105 -0.79735209430473453 1.5261427100719391 23.402876211725602 86 89 94 0.84495196939268546 10 1117 11 1610 14 2693 15 2627 16 2502 1 1843 17 2692 18 2340 19 2014 8 724
1106 -1.3896889366169056 1.918016261685566 22.701842607433104 92 93 98 1.0310395229020046 3 1305 10 1525 11 1612 2 1491 13 2533 14 3075 15 2632 15 2977 16 2804 1 1851 1 2140 18 2470 19 2110
1108 -0.98322260987557897 2.5775843817240971 23.079838575905359 69 70 74 0.93311931319657659 9 1289 11 1617 15 2989 16 2814 1 2145 17 2834 19 2116
1109 -4.2665570123774055 2.8278938866992123 19.858340666150983 55 47 49 1.3666550263788262 3 1317 11 1618 13 2543 1 2147 17 2717 19 2121
1110 -2.9971321397173232 3.0340645296487057 20.924970837417412 43 40 44 1.0359368449712021 3 1318 9 931 11 1620 10 1536 12 2656 2 1498 14 3094 15 2992 16 2942 1 2149 17 2841 18 2479 19 2195 18 2546 20 1383
1114 -2.3663981858218954 3.7873354794855971 22.46860227159862 7 1 1 0.50816556098071219 9 1302 11 1628 2 1516
1115 -5.2617047734878097 3.6081508662115049 18.739616799787257 69 60 58 0.3344080116646399 10 1152 11 1632 12 2323 13 2563 14 2731 17 2428 17 2726 18 2371
1116 -4.1035540952536529 3.646562195537808 20.049572520684709 74 70 71 0.56602350356622544 3 1331 10 1546 11 1634 12 2324 13 2558 16 2531 14 1921 17 2430 17 2727 18 2133 18 2365 19 2032
1117 -5.4684573305608533 4.268318682822037 18.871039954186482 36 31 28 0.92918099385279551 10 1169 11 1643 2 1525 15 2670
1118 6.1927465109075825 6.3127912217431446 30.088836935701924 40 19 14 0.61967700954195948 9 962 10 1172 11 1649
1119 3.4877635821294226 6.8828495579248292 24.503875941561013 128 133 139 1.4122232101780343 3 1352 11 1658 8 1154
1120 0.15500355114875777 6.8791010081516646 21.776374486571896 125 130 134 0.95690948224480721 10 1569 11 1660 2 1115 14 2754 13 1795 15 1898 18 2391
1122 -0.046069898430750301 8.1141329533369984 22.563983865805575 116 117 121 2.0187917758434164 10 1202 11 1670 12 2377 4 872
1123 2.9731112947502694 7.2992636593869715 20.467866288628535 115 120 123 1.3445341035385621 9 1338 11 1672 8 1165
1124 4.8031764346526904 7.5534559782308266 20.56841668977107 72 56 48 0.89342433652782371 9 460 11 1685 8 825 10 1204
1125 -3.2305523549689501 7.4968657732568795 17.363199263474769 52 48 49 0.95019399448312125 3 1393 11 1688 12 2409 2 1591 10 1237 13 2636 14 2796 16 2866 1 1969 17 2793
1126 -5.2017830045512836 7.6391461439571149 17.075259328882442 42 36 36 1.2440483631411499 10 1596 11 1693 2 1586 13 2630 14 3132 15 3057 16 2861 1 2201 17 2778
1127 -4.7744099873103236 7.6301650328846335 16.718064948541855 40 36 35 1.2258880284754345 10 1597 11 1695 12 2407 2 1793 13 2631 14 3140 15 3063 16 2862 17 2785
1128 -4.4144149577302034 7.5595053442863049 16.622137674909357 87 85 86 1.1503124677335306 10 1230 11 1697 15 2770 16 2864 17 2787
1129 -4.2749594609148769 7.5733203514671574 16.620110582950709 90 88 89 0.73638778266793536 10 1232 11 1699 12 2423 14 2814 16 2875 17 2788
1130 -0.99941948984401296 7.4554404956947007 17.071721858566718 101 100 105 0.7043509394567431 10 1600 11 1701 13 2650 16 2878
1131 -4.6849520580497712 7.6312631065937779 16.2483814656681 45 41 40 1.2994501569430055 10 1608 11 1705 12 2725 2 1794 13 2918 14 3141 15 3176 16 2985 1 2206
1133 0.82203675769233897 7.6110756231053598 16.750455135529769 113 110 111 0.95135869576991439 10 1602 11 1710 12 2443 2 1796 13 2694 14 3154 13 2941
1134 -2.4943260538516832 7.6058933813894019 15.482645599091649 97 97 99 1.8782358108440318 10 1618 11 1715 3 1420
1135 -0.30767683832325016 7.4143076742412148 14.648151253092122 105 100 102 0.97067735970392099 10 1797 11 1719 12 2750 2 1922 13 3069 14 3273
1136 -0.1170456927857034 7.6527614085920224 15.493878400343563 101 97 96 1.3064490575759884 3 1595 11 1720 12 2745 2 1804 13 2947 14 3171
1137 -3.7907741454960409 7.4246238367537005 13.932630116099885 31 28 27 0.43997272287476763 10 1621 11 1724 12 2453 13 2933
1138 -3.4882670806533143 7.4701713250877173 13.342393389111818 39 35 34 0.60445487746678472 10 1300 11 1737 12 2479 13 2732 14 2938
1140 -1.1884246037426771 7.2697525412688124 13.223490516172841 53 53 49 0.3123065716806277 10 1626 11 1746 12 2513
1141 -3.6463464329471602 7.4583904033731807 12.487875119154857 90 86 85 0.33158856938743453 10 1635 11 1749 12 2526 13 2963
1142 -3.3887861826338392 7.4773197167576511 12.335246745961667 101 97 96 0.55868218630972755 10 1636 11 1750 12 2529 13 2760
1143 -3.1676279833150374 7.3372874189692032 12.181093638809731 53 49 50 0.36673024819936834 10 1638 11 1751 12 2531
1144 -3.0119706344901829 7.4015387973500877 12.382220803337924 45 43 44 0.60317958698386809 9 1106 11 1753 13 2764
1145 -3.0762802019427204 7.4667580021410345 12.379015940567033 102 100 101 0.62932800457497517 10 1336 11 1755 12 2532 13 2765
1146 -3.8938416098395798 7.5472191094944057 11.883472702074389 92 92 90 0.76410161398933141 10 1350 11 1763 12 2547 13 2787
1147 -3.7845129152951147 7.4940634273657194 12.034774926691137 42 38 35 0.4732339611345675 10 1353 11 1764 12 2524 13 2791
1148 -3.6898036658910907 7.4651079818134054 12.181718327094742 42 38 38 0.4283593427537738 10 1643 11 1765 13 2757
1149 -3.7529033029978018 7.5107549561840701 11.709782331001223 103 98 95 0.41243531754228147 10 1356 11 1766 13 2790
1150 -3.5886196430077297 7.478745683266057 11.797050450110996 42 41 37 0.76434648959971674 10 1359 11 1767 12 2548 13 2794
1151 -3.5653825105007737 7.5299459793744861 12.006530715186406 98 97 95 0.426342430346559 10 1646 11 1769 13 2793 12 2550
1152 -3.5653825105007737 7.5299459793744861 12.006530715186406 98 97 95 0.42634243034655905 10 1645 11 1770 12 2549 13 2792
1153 -3.622372971183565 7.4977617191805264 11.578891933054532 48 43 42 0.13752469170823203 10 1654 11 1779 12 2110
1154 -3.5482927171029557 7.5204086629067497 11.6041654419246 96 92 91 0.30779341148377187 10 1655 11 1780 12 2553
1155 -3.5482927171029557 7.5204086629067497 11.6041654419246 96 92 91 0.30779341148377187 10 1656 11 1781 12 2552
1156 -3.7261441323275446 7.5849916377269544 11.483361880613209 47 43 42 0.85665080993773657 10 1658 11 1782 12 2166
1158 1.8136309713703922 -16.090250692883764 33.360952705026421 22 21 17 1.425463997194218 9 1445 10 1460 11 1796 2 1670 1 2233
1161 6.1360894885125843 -14.884588697886427 31.761858918381972 129 130 132 1.7603773207720981 9 1450 11 1803 2 1672
1163 -3.4320694051918399 -2.5862886744858575 36.627650442134026 126 91 52 1.2501732162505617 9 1717 11 1817 12 2604 12 2786 2 1691 15 3105 16 2744 18 2441 19 2084
1167 -2.3789064832205966 1.4257297964351794 21.692199645191316 89 93 98 0.62516865395134569 3 1299 10 1516 11 1834 12 2638 2 1721 13 2850 14 3063 16 2926 1 2260 17 2826 18 2465 19 2105 20 1372
1168 -1.2928042929100139 1.7997645571814762 22.833398217891212 131 130 136 1.5157824820099026 9 1505 10 1526 11 1836 12 2639 2 1724 13 3010 14 2701 14 3218 15 2633 15 3125 16 2935 1 2265 17 2828 18 2540 19 2186 8 1335 20 1375
1169 -4.4577785161937982 2.6266569248002298 19.597159646531242 66 64 65 0.82094998136974351 3 1533 10 1745 11 1846 12 2654 2 1730 13 2867 14 3087 15 2986 16 2812 1 2144 17 2837 18 2478 19 2119
1170 -4.7691240069514667 2.739976532704179 19.175019982409292 56 52 51 0.90754105532352902 10 1744 11 1849 2 1868 14 3086 15 3136 19 2193
1171 -3.1718817368566699 3.5542084062723567 21.049540824062515 38 30 27 1.2244745902188141 3 1537 9 1301 11 1852 12 2668 2 1748 13 2884 14 3101 15 3142 16 2945 1 2155 17 2848
1172 -1.7192241767232392 3.5514036343841515 22.650188588863227 8 4 5 0.98885214247457132 3 1538 10 1543 11 1854 12 2671 2 1742 13 2886 14 3103 15 3005 16 2832 1 2161 17 2724 18 2362 19 2030 20 1297
1173 -5.2653798590258907 4.2260968296739128 19.071404266507571 43 34 29 1.434804243224121 10 1754 11 1857 12 2684 2 1752 13 2568 14 3240 15 3011 16 2540 1 2284 19 2211
1174 2.2489918218828038 6.8314199897671388 29.869035196617912 68 41 26 0.77362167684489769 3 1343 10 1757 11 1860 12 2686 2 1757 1 2286
1175 -0.10572790803985177 6.5381585577858061 24.660686454770655 69 67 68 1.30286796834997 9 1524 11 1863 12 2689 2 1763 15 3022 14 2742 16 2960 1 2289 8 1147
1176 2.6712328985571392 6.581858127634594 24.981271264286502 127 128 130 1.3620602602367367 9 1321 11 1864 2 1886
1177 -0.10277905439417431 6.7413571223860584 23.578151924154191 111 112 114 0.56297723870619432 3 1559 11 1867 10 1564 15 3156 16 2963 18 2565 19 2221 20 1399
1178 2.4286134544260514 6.6814027188898226 23.435577157377846 135 140 144 1.4366157407858182 3 1688 11 1869 2 1889 8 1364
1179 2.4240482455446788 6.6921838864025949 23.441583788538775 135 140 144 1.1554290914921204 3 1687 11 1870 8 1363 20 1489
1180 2.7691571268123623 7.0984783197906962 24.904343704284898 127 132 138 1.3641833378505217 3 1556 10 1567 11 1871 4 1031
1181 3.5216004672635468 7.0865512110587519 24.566034935854642 104 111 117 1.8486418989917486 3 1558 9 1529 11 1874
1182 4.2456970729943384 7.1594185655460647 24.332502770026192 126 131 136 1.5107308791315424 3 1689 9 1530 11 1878 8 1366
1183 4.5237108369745647 7.4926142985369069 23.183415675203328 128 131 136 1.6063442286306893 9 1333 11 1882 8 1158 2 1775
1184 0.49878750434192082 7.1325767914422133 20.586592094252996 114 119 123 0.97882829141750738 10 1774 11 1886 12 2702 2 1896 8 1374
1185 3.7034037697022426 7.0312714059711858 20.878046456305938 128 133 137 0.86456576589139045 3 1367 2 1774
1186 -2.6372592070043863 7.34487463386382 18.309584706727801 101 101 103 0.75966975433551265 9 1349 11 1891 12 2850 10 1916 15 3169 16 2979 17 2938
1187 -4.5819929841405367 7.4968406551731732 18.034574142431655 48 44 43 0.58594150611166973 10 1587 11 1897 13 2616 15 3168 16 2973
1188 -4.5782146650494759 7.4990216859424974 18.036412313238213 48 44 43 0.43677710260803276 10 1588 11 1898 12 2389 14 3128 15 3167 16 2974
1189 -0.92798201676573921 7.3752996128733708 17.170932804787043 79 78 83 1.478557672361837 10 1589 11 1902 16 2989 15 3066 1 2314
1190 -0.93671595223963655 7.3819674021981854 17.145304457090468 79 78 83 0.41932013330386309 3 1587 10 1590 11 1903 16 2990 15 3067
1191 -2.2338219188830255 7.2703875096663042 15.661183817644396 95 93 96 0.39812570100996125 10 1790 11 1907 12 2727
1192 -1.6923917689606687 7.446893155168345 12.740942042917908 87 86 84 0.67270552331283107 9 1573 11 1921 12 2763 13 3081
1193 -2.2954246460423815 7.5204309593340257 11.766192119015818 21 9 4 1.4482418971534576 10 1650 11 1935 12 2589
1194 3.9931542894606946 -15.06319763154025 31.301028079242695 138 145 152 0.60511996688731218 9 1447 10 1826 11 1944 8 1407
1198 -5.9432868653324658 -0.12611914040931849 26.650251920950911 132 131 134 0.98667067652596374 10 1850 11 1967 12 2795 2 1844 13 2996 14 3210 15 3114 16 2916 1 2248 17 2889 18 2528 19 2176 20 1366
1199 5.2563289903212045 -0.21156743263896588 29.241554362530469 232 237 243 0.99173675041282028 3 1652 11 1969 2 1849
1200 -3.8771377638362088 1.7457988728442764 20.335327557715662 84 82 85 1.085428581834275 10 1737 11 1977 13 3006 16 3014 1 2344
1201 -3.5238955141880037 1.6857323355353813 20.679769208281826 76 74 75 0.63408297404075842 3 1663 9 1627 11 1980 2 1858 14 3214 15 3214 16 3016 1 2346 17 2899 18 2539 19 2244 20 1427
1204 -4.4189392696488623 3.5607617401543687 19.712988277949126 123 121 124 0.77616974955388229 3 1676 10 1748 11 1991 12 2818 2 1874 13 3022 14 3233 16 3033 1 2356 17 2915 18 2549 19 2259
1205 -4.4189392696488623 3.5607617401543687 19.712988277949126 123 121 124 0.77616974955388229 3 1677 10 1749 11 1992 12 2819 2 1875 13 3023 14 3234 16 3034 1 2357 17 2916 18 2550 19 2260
1206 -4.9491234788799199 3.9628489476882698 19.001297172349805 44 36 33 0.76255216477983956 10 1884 11 1995 12 2823 14 3238 15 3148 18 2553
1207 1.7019763467861493 6.6558296614980303 24.018951964449251 123 128 134 1.3110004175842793 3 1686 9 1527 11 2003 12 2839 2 1885 8 1362 8 1480
1208 7.2947901770367496 7.6186960781251285 27.914463334664948 83 56 35 0.30328184115027002 9 1526 10 1766 11 2004
1210 1.5064228739510162 6.7659867630471195 22.440996003873135 123 128 134 1.3400792194265112 3 1692 11 2006 12 2917 16 3046 18 2628 19 2303 8 1485
1211 -2.7436818996428887 7.2784885832406223 19.195497157421723 102 102 104 0.99711827188836233 3 1780 11 2015 12 2922 9 1759 2 1983 13 3116 14 3318 1 2385 17 2975
1212 -0.78624435549072413 7.3129965488148718 19.103816958796607 106 107 111 1.191901419831302 10 1907 11 2017 2 1986 8 1494
1214 -1.6224445737682789 7.4577959327151611 15.803978873071594 89 89 91 0.67794954568196319 10 1926 11 2031 13 3065
1215 -3.9851507488536018 7.4381101429145025 13.205964225605323 96 94 95 0.32288412433069863 10 1805 11 2041 12 2868
1216 -3.9851507488536018 7.4381101429145025 13.205964225605323 96 94 95 0.32288412433069863 10 1806 11 2042 12 2869
1217 -2.5019103738705932 7.5550433906474268 11.539488961029503 25 10 4 0.57531019321807264 10 1820 11 2053 12 2774
1218 -2.387480657701686 7.4394539939999067 11.691789744772393 83 79 77 0.58689878305459697 10 1815 11 2054 12 2877
1220 3.3569176361816204 -14.050804547005518 31.558236406947497 182 186 189 0.85506378449085663 9 1704 10 1970 11 2064
1221 -5.7912108871428991 -2.6015759355429466 37.846965429340855 212 179 117 1.4252189315657653 9 1606 10 1712 11 2071 2 1835 13 2819 14 3012 14 3347 15 2917 16 2904 16 3068 17 2803 18 2520 18 2588 19 2083
1223 -6.5656061500074943 0.11255431980865027 25.845972512126483 129 130 132 0.94799357659465322 10 1985 11 2075 14 3286
1224 -0.58455831997621333 2.5495423482287651 23.856333228828024 74 65 60 1.5853823698031824 10 1872 11 2082 2 1951 13 3153 15 3266 16 3078 1 2422 17 2996
1225 -4.1689569775706303 2.880609322268044 19.865938429910599 56 46 48 1.3921721203559465 3 1763 10 1873 11 2083 14 3294 15 3269 16 3027 1 2353 18 2604 19 2254
1226 -4.8171670989084578 3.6348480450510205 18.995483710303066 122 121 126 0.97855559802790837 10 1999 11 2085 12 2910 14 3376 12 2971 15 3273 1 2427
1227 -4.8484389139256612 3.6474192329559849 19.097415965270422 122 121 126 1.0090882395316521 10 2000 11 2086 12 2911 14 3375 12 2970 15 3272 1 2426 17 3004
1229 -4.8356945223544852 4.0984930856633408 19.436132244454264 108 109 111 1.0026473246865939 10 1885 11 2091 12 2912 2 1877 13 3030 15 3149 16 3036 14 3302 1 2360 17 2918 18 2554 19 2212
1231 -0.32817163773036562 7.6842183759610148 25.402232030525671 98 99 103 1.4060174503327565 4 1280 11 2097 2 2036
1232 0.99617525734123302 6.9516159354856235 21.229289428230512 119 124 128 1.2207653652390988 3 1775 9 1657 11 2103 15 3285 16 3097 18 2657 19 2339
1233 1.0153349797281555 6.9656097783714124 21.247427483055397 119 124 128 1.4164663945262823 3 1774 9 1656 11 2104 12 2990 15 3284 16 3096 17 2974 18 2658 8 1489
1234 -2.1856205652149492 7.2935197618854284 19.171903045562541 107 108 110 1.0267389448730257 3 1781 11 2113 12 2923 2 1984 13 3118 14 3385 15 3286 16 3143 1 2441 17 3011 18 2667
1235 -3.7344337420409381 7.4836902738418489 14.231024190286364 90 88 91 0.7625476297614362 10 1932 11 2125 12 2937 13 3125 14 3330
1236 -2.9258098990582582 7.4247821259991484 13.972258767727757 50 44 44 0.55317410431498293 10 2039 11 2126 12 2939 13 3127 14 3391
1237 -2.9274762268215224 7.6710236089192154 11.140592271120367 34 15 5 0.759269358881974 9 1695 10 2052 11 2140
1238 -5.820830256267155 -3.6337718575692595 37.508679657950047 101 76 54 0.6991283796440827 9 1804 11 2155 13 3137 16 3067 18 2587 19 2237
1241 6.1488601203644135 1.1602183758662163 28.497806738352615 103 116 132 0.75565323970425491 3 1901 10 2074 11 2162
1242 -2.6174263895818499 2.9992020759479803 21.69990655801201 58 48 47 1.0103829758640481 3 1834 10 2082 11 2166 12 2966 2 2021 15 3315 16 3127 17 2999 18 2682 19 2322 20 1510
1243 -2.8464457502728377 3.7196630791889533 21.623086841141795 21 11 10 0.86309840473580335 3 1841 9 1814 11 2170 2 2027 13 3160 15 3274 16 3080 1 2428 17 2962 18 2653 19 2294 20 1477
1244 -4.6862076244504314 3.5509478089274085 19.368781674117592 47 35 34 0.28179084764830048 10 2083 11 2171 12 2972 16 3134
1245 -4.6862076244504314 3.5509478089274085 19.368781674117592 47 35 34 0.28179084764830048 10 2084 11 2172 12 2973 16 3135
1246 -4.3877652906569589 4.0077868028740777 20.070234028715443 1 1 1 0.80075443082979514 3 1843 10 2091 11 2173 12 2974 2 2028 13 3161 16 3082 1 2429 17 2963 18 2611 19 2263
1247 1.361955839706374 7.0168703153407179 21.92544630606854 72 77 80 0.94595494867805885 10 2103 11 2181 12 2988 19 2304 11 2099
1248 -4.2357050794140978 7.5419041607711659 15.622130060911822 63 57 57 1.2223045339844623 10 2112 11 2188 12 2998 2 2052 13 3176 14 3390 15 3293 1 2444
1249 -2.5894422212925847 7.5882251465199468 16.333452479431418 67 65 66 1.4750525884633705 3 1865 11 2189 2 2097
1250 -4.7261838408456587 7.7553565202138106 15.522887367193178 81 81 81 1.2404864114668364 10 2117 11 2191 13 3124 12 2860 15 3245
1253 -2.6423314561399831 -2.4405217350829105 36.122886464165582 35 20 13 1.0269384496623506 11 2214 12 3067 2 2125 13 3230 14 3436 15 3342 1 2492 17 3022 18 2676 19 2315 20 1532 19 2346
1254 -6.2141919196915874 0.25882139233985635 25.826334421751582 133 140 147 0.65885934438097749 10 2163 11 2217 12 3014 2 2130 13 3195 14 3440 15 3348 16 3157 1 2494 17 3049 18 2703 19 2355
1255 -5.3763510781560724 3.6394769565839384 18.539082449232662 87 85 86 0.6454252881085959 10 2090 11 2226 12 3023 13 3209 14 3414 15 3322 16 3133 17 3031
1256 -2.7347655023577238 7.1724375317729017 20.513027687830778 92 92 94 0.59861796815202717 3 1918 10 2183 11 2233 14 3448
1257 -2.9763211725119376 7.329065779562109 17.646174622473008 100 100 102 1.5757393086130962 10 2185 11 2235 15 3358 12 2993 16 3145 13 3120
1258 -0.81255983233465923 7.4128271410891564 14.196702054722929 95 95 97 0.610048496730209 10 2189 11 2241 12 3060
1259 -4.7857537436520543 3.9198412318906106 19.185255851154796 74 75 81 0.57431493722296856 10 2217 11 2272 12 3049 2 2136 13 3235 14 3444 16 3180 17 3056 18 2708
1260 -4.6876376733920742 7.1430114090739814 19.988056050785815 70 66 65 1.1905771091295811 10 2224 11 2277 2 2162 13 3239 14 3447 15 3366 1 2519 17 3058
1262 -4.3514004043340337 4.1264018102505657 19.926769273769576 2 1 0 1.605610050463427 10 2251 11 2298 12 3075 2 2159 13 3253 14 3461 15 3372 16 3186 1 2527 17 3064 18 2725 19 2364
1263 -2.6793203336038531 3.9123162883144684 22.041701526402321 23 19 20 1.174604656180309 10 2287 11 2324 12 3074 13 3266 15 3371 18 2724 19 2362 20 1564
1264 -1.4757136137385269 6.4238323760272316 26.230345604318902 3 3 3 1.1938917156281446 3 2063 9 2069 11 2347 15 3388 16 3204
1265 -0.47318864781743392 -4.457880219416694 34.066068508503335 60 52 49 1.9990751591290721 3 2077 10 2343 11 2368 9 2082 2 2209
1266 0.82244041854259198 6.590577096901022 23.822272515419392 120 124 127 1.46054492069402 3 1553 9 1329 11 1655 10 1189 9 417 12 2691 13 3041 15 3030 17 2745 18 2387 19 2142 8 1361
1267 0.70665090436476119 2.6035560279214809 24.836214019849074 101 91 90 1.173966737872522 3 1311 10 1531 9 1290 11 1848 10 1742 9 1510 12 2653 2 1728 13 2870 15 3128 16 2940 1 2269 17 2835 19 2190 8 1339 20 1288
1268 -3.1754147126931445 2.9042540384132591 20.709526807145597 29 25 25 0.7484060346691549 10 1746 9 1514 11 1988 3 1669 10 1874 12 2809 2 1869 14 3224 15 3137 16 2941 1 2270 17 2840 18 2543 19 2194
1269 0.23494850492392422 2.206987133105105 24.593493247607046 76 76 78 1.1462467820256605 9 309 11 233 3 889 13 200 14 211 15 1835 16 1784 17 1716 17 2399 18 232 19 1388
1271 -3.7579678768384182 7.2609539825531959 14.846371351662318 45 43 44 0.18817423251833332 10 611 11 577
1272 -1.2273665464779924 7.6688682700273709 15.768019175385273 56 54 55 1.548596431541359 3 1867 11 2192 2 2053 13 3217
1273 1.1784531893219934 0.52984326766071044 32.424535169500579 64 63 63 1.0396147861880614 3 168 12 113 20 90
1274 -2.8419115527819963 1.3136695569873553 21.553539081891298 123 130 137 0.93641422476535996 3 187 11 194 12 117 2 146 13 160 14 190 16 1772 1 196 17 1687 20 927
1275 -5.2854477841373964 2.1187474826542654 18.90582405774034 95 93 92 0.8019464436613033 11 227 12 148 2 173 13 193 14 1894 15 1832 16 212 17 229
1276 0.51984152267956363 2.7340978912036662 24.635600750880929 51 41 38 0.98183464527235442 3 217 12 161 9 318 14 245 18 239 20 564
1277 -5.9690738744195748 2.6961464826688242 18.174496279912621 50 45 41 0.51099257122763031 11 1175 12 163 13 1732 15 1853 16 1804 17 2417
1278 -4.642777882132699 2.6415849629237211 19.441769879359761 74 74 74 1.1517553064476376 3 231 10 350 12 164 17 1723
1279 -4.5780323470910709 2.8662122965979986 19.514567133379334 99 98 101 1.3998310932567395 3 233 12 165 13 230 15 250 16 239 1 273 17 250 17 1734 2 191 19 1410
1280 -2.7668340020350035 2.8759116973866892 21.415932901629969 89 85 86 0.34969119158043904 3 240 12 167 14 235 18 244
1282 1.2685068189139019 3.7294934136484321 24.621202591233548 55 43 43 1.2730156971842597 10 380 12 185 2 208 17 1748 20 578
1283 -3.3894368774185137 4.1905860742102954 22.352888471015223 29 26 24 0.41720311953929229 3 270 12 194
1284 0.30375636011100771 6.2315644872703464 25.727964462939259 41 39 40 1.5420820017381889 3 292 12 219 15 1883 17 1759 18 296
1285 0.404038232930375 6.4259630186098189 25.969850955643061 91 89 90 0.88037896450917996 9 409 12 220 3 293 2 245 8 225 20 597
1286 -6.2666278618058895 7.6151862855744046 18.548591543921471 65 63 61 1.1451264719761087 11 398 12 299 13 387 15 1924 16 1911 1 1457 18 1814
1287 -6.1830821121760362 7.5889937286923423 19.350017775623687 26 22 21 1.1959191192480436 11 401 12 301 13 338 2 359 14 368 15 1908 16 1912 1 1448 17 1836 17 2460 18 2195
1288 -6.1744041102186431 7.6392938558241195 18.767378526445256 73 67 69 1.1825760714677553 11 399 12 303 15 1925 16 1914 14 1968 1 1459 17 2474 18 2205
1289 -2.1864228193330608 7.1642473915853735 19.485289113303104 97 101 102 0.79189310183233275 3 338 12 331 2 335 15 1949
1290 -6.0568969245961677 7.6715247263148649 17.693525882232525 86 81 78 0.82944000499971393 11 454 12 372 13 475 15 661 16 856 17 1972
1292 -1.4888333749124678 7.3026107449375317 18.03325097847069 52 52 54 0.70455653276033314 11 484 12 402 13 514 14 726 16 2056
1293 -0.50084559959783603 7.2859509535142548 18.866882272180202 61 60 65 0.45752749444114843 3 372 11 433 12 410 13 1866 14 2015 15 2017 16 2612 17 2554
1294 -0.18653961695390958 7.2946934281314881 19.25719553248334 48 48 50 0.80495348285769541 10 522 12 414 13 527
1295 -5.9801429164121922 7.7446264618773739 17.342306362905205 43 39 36 0.79011290423303193 11 510 12 451 13 1844 14 2044 15 2731 16 2597 1 1508 17 2536
1296 -5.6599653035459436 7.4866492574081889 16.893457399641118 89 84 82 0.63247220935284421 11 512 12 452 13 480
1297 -5.6106711312224586 7.723854338727544 16.715613873791934 95 93 94 0.46610066168533504 11 517 12 455 13 601 16 2107
1298 -4.2287474442016357 7.5725837158838685 17.485740018997834 52 47 51 0.56140098411620087 11 474 12 471 13 628 16 1060 17 2090
1300 -3.7774379344846047 7.626719003348482 17.224849610238543 54 52 53 1.1217283503307354 11 543 12 478 2 502 15 2173 16 2640 17 2581
1301 -2.7038707113035199 7.4187948596950228 17.041115428355397 111 106 112 0.61833224176210688 10 585 12 486 2 514 13 654 14 857 15 1029 16 1087
1302 0.79550442257521392 7.317348645273773 17.5525101330993 115 115 118 1.1050523369001768 3 409 12 521 10 1224 13 2653 14 2160 15 2789 16 2679 15 2333
1303 0.88438193391711328 7.5407444789289793 17.813776048044783 116 116 118 0.34666521813158874 11 555 12 636 13 814
1304 -5.1861354312614827 7.6625968528299992 15.098342444453138 45 41 40 0.86888905863500199 11 616 12 677 13 1995 14 2202 1 1668
1305 -3.5129123250846117 7.2586974897657859 14.316113046622183 45 39 39 1.5364619031246465 11 629 12 689 2 1294
1306 -1.8401605475185492 7.428715800775386 14.612761585231455 99 97 98 0.50354961777746887 11 651 12 815 14 1410
1307 -1.8401605475185492 7.428715800775386 14.612761585231455 99 97 98 0.50354961777746887 11 650 12 816 14 1409
1308 -1.7509593090698827 7.4409318500328316 14.559902312653195 105 103 104 0.47345036180363698 11 652 12 821 13 1229
1309 -1.551906432740046 7.433537759691319 14.544810910727866 59 57 60 0.45793268409190829 11 1342 12 826 14 2497
1310 -0.83557095881836763 7.4033621762385993 14.787031497206906 43 38 39 0.86859798732582438 11 662 12 836 2 734 13 2216 14 2509
1311 -4.5899341767848814 7.5832945341533282 13.478766186534701 50 46 45 0.82518614986086603 11 784 12 893 13 1169
1312 -3.8387128140448081 7.5975069996386742 13.564231329428502 96 94 95 0.62728301922453877 11 798 12 906 14 1520 13 1331
1313 -3.5641324149844911 7.4242449654389109 13.398651382248687 90 86 87 0.5618970605177217 11 1394 12 916 13 1188
1314 -3.2052247235803213 7.4914271130914054 13.465362209532277 101 97 98 0.84860695991508539 11 1402 12 919 13 1344 14 2570
1315 -3.0499697727779007 7.5155572259101469 13.615253725730421 46 42 43 0.2719990178804792 11 811 12 922 13 2278 14 2478
1316 -2.5734235445177647 7.4170381492515771 13.983475501874116 100 98 96 1.0597010012970043 10 717 12 927 14 2481 2 775
1317 -2.5650242907825875 7.4471809471224715 13.760904142279776 40 35 31 0.51826900562461586 11 721 12 929 14 1543
1318 -2.4554857866344211 7.4652799535348127 13.851836126532831 115 111 111 0.44645741566082098 11 725 12 935 13 1214 14 1544
1319 -2.4482384767999918 7.4400745892199822 13.802183886260337 115 111 111 0.33601192707905092 11 724 12 936 13 1215
1320 -1.9033916520978944 7.41897482677836 14.083606179427775 103 97 97 0.24753505031454656 11 743 12 949 13 1227
1321 -0.81134480948259657 7.4267686734914395 14.136047323390756 63 61 62 0.57881951548911703 10 736 12 970 14 1732
1322 -0.4730826861761071 7.6477404889114213 15.176745802944907 63 59 58 1.2807489255286217 11 668 12 972 2 743 3 1094 13 1263 14 2513
1323 -4.4797958563357136 7.6465526097498895 13.307895738063376 55 51 50 0.72158386420637122 11 789 12 1007 13 2257
1324 -3.3387488285746656 7.4160509073520302 13.143416115007241 89 83 83 0.17428890383905604 11 804 12 1028 13 1341
1325 -2.6445210796953074 7.4731450509509481 13.166126449589191 105 101 100 0.4158327553967085 11 822 12 1052 14 1696
1326 -2.5199975736418483 7.5484054769161313 13.725981003188696 108 104 103 0.42232410435670475 11 821 12 1060 14 2582
1327 -2.0400529563442964 7.4482395106666575 13.080555243393633 58 54 53 0.30453014835454673 11 837 12 1073 13 2362
1328 -1.5324024671321961 7.5418567463629822 13.698929895562305 109 103 103 0.31379511400886639 11 847 12 1084 13 1389 14 1721
1330 -1.1148295679712528 7.3952428313279865 13.651352780855069 52 50 49 0.96094274231142973 10 735 12 1093 2 859 13 1401 14 2606
1331 -3.9166949955315133 7.4432991072111623 12.300068252469361 46 41 39 0.18733525188831712 10 804 12 1130 13 1454
1332 -3.9391095823150373 7.5097338257613453 12.325792846578334 95 90 87 0.3986594220288886 11 865 12 1131 13 1457
1333 -3.5763957228742056 7.5407734182427069 12.616612596700422 100 96 93 0.15027175510908122 11 867 12 1141 13 1460
1334 -3.6113851861711703 7.5776646025508256 12.595530965820904 44 40 39 0.12827300200498454 11 868 12 1142 13 2338
1335 -3.5072818554003318 7.51629703807642 12.229152038321516 40 36 33 0.74803149732113461 10 861 12 1147 13 2412 11 1468
1336 -2.7743485210812682 7.4525399426917813 12.634855072586294 46 44 43 0.48592903468618348 11 882 12 1156 13 1482
1337 -3.6256382726699301 7.5043479432537969 11.749067051127298 88 82 82 0.85156687751601723 10 1358 11 920 12 1218 13 1559
1338 -8.4235452529414054 -2.3808277727670268 31.543562536275754 115 85 50 1.6998607589391643 10 1711 12 1346 2 962
1339 -5.9483472960856121 -2.5150428781876224 36.148721329013561 113 83 47 0.40452112650584282 9 225 10 1050 12 1351
1340 -5.7630226140175997 0.026762513508532926 26.622314679668037 96 95 100 0.73443276360992538 10 1065 12 1378 3 838 2 984 13 1671 14 1823 1 1329 18 2074
1341 -5.1144188087782068 0.3579456495686047 25.629027591041879 114 115 120 0.60185263445695925 10 1083 11 1116 12 1383 3 844 2 1460 13 1686 14 2670 15 2599 16 2479 1 1822 17 2349 18 2308 19 1991
1342 -4.8999778481967109 0.031420364931292272 26.625085328223388 111 111 119 0.94655239981256756 3 845 10 1066 12 1384 13 1674 1 1332 20 889
1343 0.18429555620618965 0.25699660792136947 31.090819889938594 58 54 51 1.4571624210047278 9 268 12 1389 2 129 1 161
1344 0.18549728749740449 0.75719719605603564 24.416289575207134 130 140 150 0.68122297330256953 3 175 12 1393 20 912
1345 -1.6579667812782384 1.0902636438770108 22.786772741785196 106 115 122 0.59104523392604047 3 190 10 1099 12 1396
1346 -1.8401399325210388 1.3313312339659229 22.264951873844769 157 161 167 1.2978590449244101 3 868 10 320 12 1398 9 1273 2 165 13 164 1 203 20 1284
1347 -1.1528188997015858 1.0551036910947571 22.907278981283557 147 157 167 0.45970475863184218 3 191 12 1401 10 289
1348 -0.92963396389990194 1.1674986582995035 23.04020947570439 97 104 112 1.0977667793894665 3 874 12 1406 2 1015 13 1709 16 2492 1 1841 17 2383 18 2102 19 2006 8 182
1349 -0.38181744743641766 1.0322185021605352 23.565803590489228 116 122 134 1.259654682391214 10 295 12 1408 2 162 16 1765 14 176 1 182 17 1704 19 1379
1350 -2.2235144781819542 1.5129936159470121 21.713097729869126 119 117 122 0.88025988488798212 3 886 12 1425 13 2524 14 2692 17 2388 19 2011
1351 -5.8975781780283434 2.3399688913526386 18.264555094785166 87 78 76 0.65179427581558635 11 1167 12 1447 16 2506 17 2409 18 2120
1352 -6.0509554052837329 2.4812709779373532 18.190533179726678 86 81 75 0.86395589629850245 11 239 12 1448 2 1495 13 206 15 1845 16 1795 17 2407 18 2119
1353 -5.8593522695616258 2.4744883306726506 18.272195563029143 94 90 87 0.77410437162539358 11 1168 12 1450 2 1729 13 2539 14 2712 15 2638 16 2809 17 2707 18 2347
1354 -5.2946914006563279 2.1871167644508724 18.836315106284982 65 63 64 0.74459116314329232 10 1126 11 226 12 1451 2 174 13 194 14 222 15 1833 16 1787 18 1563
1355 -4.9944075394153229 2.9073351652777348 18.923395465190605 115 113 114 0.72294351846437666 10 367 12 1459 16 1805 19 2026
1356 -1.8575061315968768 3.5225400230441668 22.642746848686038 80 76 74 1.2393408241788286 3 923 12 1475 2 1509 1 2160 20 1296
1357 -5.6714544486408167 4.0856049721106364 18.60358653908564 72 64 61 0.9050790780708482 11 1206 12 1494 2 1524 15 1873 13 1768 17 2733 18 2375
1358 -4.7033668721337589 4.2267652713930461 19.060281863377302 16 12 14 0.91704147608883402 3 955 10 427 12 1496 2 230 13 267
1359 0.14970104465525405 6.1463852196707078 26.746523778346187 100 94 95 1.309170266665443 3 288 10 440 12 1505 2 1528 1 1423 16 291 15 320 8 785
1360 0.16602574591176403 6.2014093078821659 26.860323704193746 100 94 95 0.63445794762300123 3 289 12 1506 10 441 8 784
1361 0.93054664633513884 6.8867667504541155 24.017758901587417 116 121 124 1.1416450675900782 3 971 11 1224 12 1515 9 981 1 1914 8 796
1362 2.2374339777557188 6.8306764280572274 23.076062153295581 90 95 101 1.7186831066886092 3 308 12 1526 2 263
1363 1.4795810354083003 6.930631419876307 20.441433585286113 71 71 81 1.1400780079401271 3 986 12 1537 18 2413
1364 -3.5503140129623847 7.3651314471049938 18.795731111455744 43 41 44 0.64161277476505985 11 1259 12 1557 13 2607
1365 -6.1774657111416298 7.7282544898000092 18.035468772308704 33 30 25 0.95273592158281117 11 1277 12 1576 13 1843 14 2774 15 2707 16 2576 1 1951 17 2769 18 2417
1367 -0.44271934944123931 7.3073568372719873 19.249607871978519 113 112 117 0.71763033718676128 11 434 12 1601 14 602 16 778 17 2016 13 525 18 1982
1368 -5.9151502940148575 7.7987450988860507 16.781611253923135 44 43 41 1.0502631331734575 11 1296 12 1628 13 1898 15 2765 1 1990 17 2570
1369 -5.631279770340301 7.7521326501037038 16.898864369141116 46 42 43 0.92727953891629356 11 1297 12 1630 14 2046 13 1902 15 2766 16 2108 1 1564 17 2177
1370 -5.435182562969656 7.6923083264610481 17.271188467642759 83 77 77 0.99206327023392538 11 1691 12 1632 2 1585 13 2629 14 2794 15 2735 16 2600 1 1514 17 2541
1371 -4.2742960710782452 7.5402646064938557 17.071323693727432 103 99 100 0.82415404990221253 11 533 12 1642 2 1200 15 2073
1372 -4.2055777634893854 7.6178433311006994 16.969770921182285 40 39 37 1.1460718218475792 10 1233 12 1645 2 1587 13 2634 14 2816 15 2777 17 2791
1373 -0.66065714853982582 7.4547535012574482 18.213826665128746 67 67 69 1.1881649835371391 11 486 12 1656 8 839
1374 -0.66065714853982582 7.4547535012574482 18.213826665128746 67 67 69 1.1881649835371391 11 487 12 1657 8 840
1376 -5.2058763890413617 7.6060931272564964 15.670904244069305 45 41 42 0.47062690564271115 11 1317 12 1684 14 2830 15 2794
1377 -1.4987096050649797 7.3442475605728816 16.620263313418441 54 54 56 1.2972696837591473 9 510 12 1700 13 1971 14 2839 15 2806 16 2705 1 1999
1379 1.1507949419834189 7.961976569365607 18.606039083698537 118 117 120 1.4141041066102917 11 557 12 1723 13 2670 1 1652
1380 -4.9847496384063552 7.6211346621672069 15.089045676067558 100 96 93 0.19990334609891983 11 1328 12 1749 13 1998
1381 -1.8883256461562881 7.3599560683969525 15.090749458215345 41 36 40 0.75240379637637833 10 618 11 1339 12 1766 2 1273 13 2101 14 2870 15 2876
1382 -3.7302858482894496 7.5325711700941556 14.184216007568503 104 100 104 0.1208108291339937 11 1364 12 1821 13 2092
1383 -1.9000465483137854 7.4033461603601465 14.356483048589416 114 108 109 0.20172330155058193 11 741 12 1836 13 2204
1384 -0.80936739399063484 7.399318024573593 15.282219669356676 54 52 53 0.79935515615908659 11 1348 12 1840 13 2691 14 2912 15 2882
1385 -0.31110739648798008 7.5550960943890617 15.175481158102045 58 56 56 0.92086455480866491 11 1350 12 1850 2 1629 13 2719 14 2960
1387 -4.5081096849733013 7.5774684563475327 13.887294942214224 95 91 90 0.68708879233542908 11 1359 12 1883 13 2171 14 2368
1388 -4.456600288412834 7.5762852776720528 13.385915541281566 52 48 48 0.6175661461474391 11 1388 12 1884 13 2170
1389 -4.4828142376552309 7.6129155359311085 13.460418331071772 52 48 48 0.554042329420528 11 1387 12 1885 13 2169 14 2936
1390 -4.3298029094331065 7.5204678899070228 13.690071877017436 55 51 50 1.0122534620053361 10 746 11 1362 12 1889 14 2370
1391 -4.3341708370394114 7.5001797042221172 13.785311107597845 92 88 87 0.8716237479101796 10 689 12 1891 13 2172 11 692 14 2367
1392 -3.7907763336734437 7.5438971163803572 13.770761578460714 93 91 92 0.40096175407728391 11 1366 12 1896 13 1186
1393 -3.3242559606180704 7.3856181385510302 13.211141283787981 48 44 45 1.0520185670526814 9 1068 11 1401 12 1900 13 2272
1394 -3.00570072426091 7.4029410518880017 13.649836708570822 53 49 46 0.43636903419024459 11 717 12 1903 13 2186
1395 -2.7689972874739546 7.5138190783725518 13.935107046545491 34 26 24 0.44794319294352447 11 1370 12 1910 14 2945
1396 -2.3113046651472651 7.4428660489368834 13.840418346767153 107 103 104 0.23948961250366776 11 727 12 1911 13 2197
1397 -0.96550359274586794 7.5014551808335153 14.446468114771282 119 114 118 0.41178362636822086 11 1380 12 1923 14 2957
1398 -4.5325326193464228 7.6248204586684718 13.229117120538529 101 97 98 0.57263675627635424 11 787 12 1955 13 1317 14 2455
1399 -4.0382537473320532 7.4537007409294205 12.774925540845659 83 77 77 0.44758628194153366 10 1634 12 1957 14 2559 13 1325
1400 -3.754666623758292 7.4875271574123454 13.204904716992148 49 45 46 0.93839825741514282 11 1393 12 1965 14 2976 13 2267
1401 -3.6463265432177052 7.534375715237422 12.731756305168219 55 51 52 0.38572171106990677 11 1429 12 1966 13 2335
1402 -3.6463265432177052 7.534375715237422 12.731756305168219 55 51 52 0.38572171106990677 11 1428 12 1967 13 2336
1403 -4.0782778011375989 7.4893888573971887 12.263792744456572 94 89 86 0.39181540747591986 10 1348 11 1427 12 2027 13 2332
1404 -4.1374111412678065 7.5183870017321972 12.199219297930217 32 27 24 1.1757414556425714 11 1760 12 2028 13 2754
1405 -3.4336263629180168 7.5113514656567251 12.647779066310825 96 94 95 0.6260157307830837 11 1433 12 2032 13 2340
1406 -3.0517447360377754 7.3745649638364714 12.343676159655946 44 40 39 0.52292025430286515 10 1334 12 2035 13 2344
1407 -3.0701991693625121 7.3776680417064506 12.137976123046682 53 49 48 1.0524148932791637 9 691 11 1471 12 2039 13 2763
1408 -2.9577296537702447 7.4384129080281474 12.207576144198876 53 49 48 0.34681026142866545 10 819 12 2040 13 2423
1409 -2.9411669425812779 7.4017704269472544 12.148425704927343 53 49 48 0.59028584897872183 9 692 10 820 12 2041 13 2422
1410 -2.9713578709728807 7.511282840015598 12.478883545090346 90 88 88 0.39503971437575935 11 1438 12 2042 13 1470
1411 -2.3734721161433447 7.4679639297206277 12.895309649910665 54 53 51 0.5536641292978518 11 894 12 2052 13 2354
1412 -1.9883297026930813 7.5298416170643137 12.993483403071631 57 53 50 0.40362473408381322 11 1453 12 2063 13 2364
1413 -1.9883297026930813 7.5298416170643137 12.993483403071631 57 53 50 0.40362473408381322 11 1452 12 2064 13 2365
1414 -1.2551772505797474 7.5171637259211179 12.879158957751843 52 26 12 1.3932268359750493 11 1455 12 2072 13 2804
1415 -4.1082502533254024 7.4372301783751693 11.380903871346717 41 37 34 0.68463700651870363 11 950 12 2102 13 1551
1416 -4.1743012345234947 7.5661883553020512 11.81701819253526 45 40 35 0.35105402615677339 11 1463 12 2103 13 2403
1417 -4.0483251574390104 7.5580707960347651 11.763883252105368 45 40 36 0.23228597458943692 11 1464 12 2106 13 2786
1418 -3.2972009699544849 7.4816140114927983 11.822746391937624 104 100 99 0.59256787055934479 10 867 12 2115 13 2415
1419 2.2965229601796993 -17.089124761152515 34.134324920456599 76 76 74 1.0916553666784365 4 716 12 2199 2 1399
1420 0.36870367643716212 -15.907851432874768 33.132896325797411 40 35 32 1.827483128964611 9 1221 10 1459 12 2214 8 970
1422 -8.1915365058106975 -1.5172894682571121 32.098312528465698 185 165 133 0.75917252622843534 10 1490 12 2232 2 965 11 136 1 67
1423 -8.185407705492123 -1.1879024027068907 32.973253411955291 173 152 126 0.95675663794109533 10 1495 11 1585 12 2234 2 969 10 1060 13 2481 14 2654 15 2935 16 2750 1 1813 17 2628 18 1500 1 1314 19 1977 20 1111
1424 -7.9039770588732061 -1.4626616119919431 37.299259965185449 177 139 90 0.70253487897422251 10 1496 11 1818 12 2235 10 1716 2 1838 14 3026 15 3109 16 2908 1 2243 17 2805 18 2445 19 2087 20 1357
1425 -7.2816349415961996 -1.7183792302683059 37.569798677476818 34 6 0 1.4711305068545046 3 1272 10 1055 11 1102 12 2236 1 1807 18 2062
1426 -2.3069830888393295 -1.5698989358855471 35.692996878548342 115 82 49 1.1814808625603406 3 1501 10 1714 11 1588 12 2239 14 2647
1427 2.8507819212733465 -0.49265336779644947 31.844363548100667 176 190 200 1.3916623215188864 4 118 12 2251 2 978 8 156
1428 -5.5216399667945328 2.4682337205006388 18.61686417524832 77 67 65 1.046150175629899 11 1614 12 2296 2 1496 13 2540 14 2713 15 2984 14 3085 16 2509 17 2708 18 2348
1429 -4.9454436902989487 2.5957432600635095 19.023046285111469 87 82 79 0.81940105434211119 10 1129 11 1615 12 2300 13 2542 15 2639 16 2810 18 2352
1430 -4.669148528767245 2.6533173073589054 19.283068644801638 114 114 114 0.39120397654481143 11 1170 12 2301 2 1042 15 2640 16 2510 17 2710 16 2811 18 2354 19 2118
1431 -0.84142862164702892 3.1948851394499989 23.455585511440024 95 91 92 0.720633459724912 3 903 12 2305 2 1052 10 360 19 1826
1432 0.50053325405774407 2.9111665384568197 24.712651361255801 59 50 48 1.0024411950247256 10 1135 11 1173 12 2307 2 1057 13 2546 14 2721 16 2517 17 2714 18 2351 19 2020
1433 -5.47614061346966 3.4705595017705844 17.350533580352266 39 32 26 1.1653561870335831 11 1197 12 2322 2 1518
1434 1.4507003429645602 4.179324456102445 25.730789258079405 18 10 8 1.226439710355222 3 924 9 944 10 1161 12 2331 2 1080 15 297 1 317
1435 -5.6824937280248555 4.3211819960166418 18.3571776433268 5 0 2 0.97134986693901249 11 1213 12 2345 2 1523 13 262 15 1874 16 2538 17 2736 18 2378
1436 0.26129085195089136 6.6146064678267207 24.178358708144575 47 47 49 0.92936635717325011 3 1349 9 1328 12 2357 2 1536 15 3024 17 2744 18 2494 19 2219 8 1150
1437 -4.8483048697330924 7.600808513654016 18.487720585656774 88 84 83 0.79262473434540537 11 1280 12 2388 2 1169 13 490 14 549 16 1960 1 628 17 2501 18 2241
1438 1.3634597195201434 7.2939064645380727 18.659138342848728 60 59 62 0.53450812832326866 9 1010 12 2402 15 3058
1439 1.3634597195201434 7.2939064645380727 18.659138342848728 60 59 62 0.53450812832326866 9 1011 12 2403 15 3059
1440 -4.7842661814334519 7.641357925736787 16.765083727574929 44 36 37 0.67943271118103987 11 1696 12 2408 16 2863 17 2786
1441 -3.1898262001864977 7.4374667262814835 17.241655460397713 46 42 41 0.92564020838614491 10 1238 12 2410 14 2797 16 2867 17 2794
1442 -0.23397072358795423 7.4536031613132172 16.075445563729247 56 54 55 1.3315271698781264 3 1402 9 1365 12 2440 2 1799 13 2937 14 3151 15 3190
1443 0.30061053400786508 7.3916388835582687 15.984360932509089 97 95 98 0.51045599802676001 10 1248 12 2442 13 2938 15 3094
1444 -4.5060413873883576 7.5745583253230473 14.042656414418614 49 48 46 0.53717730532685426 11 1360 12 2451 13 2088 14 3156
1445 -0.10738125129393494 7.8265101381586 16.397111502075528 105 103 105 1.4251540159808946 11 1718 12 2459 2 1605 13 2693 1 2080
1446 -0.11689050544446741 7.8825522600058529 16.312843522313344 41 39 40 1.3114772906314649 3 1079 12 2461 2 1314 1 2081
1447 -4.4055883545855972 7.5970902219828851 13.48590049037356 98 96 94 0.55574196873653181 11 1389 12 2477 14 2934
1448 -2.4485265974381831 7.427463675570336 13.59616959260377 40 36 35 1.362318178036416 10 1283 12 2483 2 1647 14 2947
1449 -1.8479925467074612 7.3647446250000765 13.819627832081819 60 56 57 0.4611854442984521 10 1286 12 2486
1450 -0.39745544382850689 7.5411647926811467 14.583029362097047 28 10 6 1.4322833338383056 9 1044 11 1917 12 2493 13 2744 3 1095 14 3277
1451 -3.2160625175072228 7.4184508369332098 13.220186009338493 41 37 38 0.85952868113607561 9 1070 12 2501 13 2734 11 1739
1452 -2.2991914758248573 7.4290988954737314 13.063544067469794 44 42 43 0.66332701300221597 11 1406 12 2502 13 2770
1453 -2.7364174029632173 8.3670626774802912 15.066520821436299 110 106 107 1.8120097337313679 3 1130 12 2504
1454 -3.2807267153511344 7.487666398142002 12.492498569561247 56 54 53 1.1844863213355172 11 1752 12 2530 13 2342 11 873
1455 -3.8772363562154317 7.5354012773201298 11.849192981145693 100 94 94 0.19227755702728899 11 1762 12 2546 13 2788
1456 -2.5958112260149369 7.4618144237796082 12.218959783053302 52 50 51 0.63410347927604027 9 1404 12 2558 13 2424
1457 -2.1103168536119372 7.4667147776825491 12.322367702003769 47 41 42 0.39790567771703206 10 1347 12 2561 13 2433
1458 -2.7340586272948562 -17.914753827426502 36.369272635244123 15 8 6 1.599350429727074 9 1581 10 1824 11 1794 12 2592 14 3190 2 1660 1 2089
1459 -2.1477074352185386 -16.721173928792769 34.802882449924915 45 34 30 1.5707614841238202 9 1433 10 1685 12 2594 2 1667 19 2070
1460 -0.62923593720598481 1.73349793161266 23.448052540837374 123 121 126 1.1658646989463139 10 1527 11 1837 12 2641 13 2859 14 3215 16 2936 17 2829 18 2471 19 2187 20 1376
1461 -1.9545734038300715 3.349914205594636 22.290558119214708 51 44 39 1.496139645825592 3 1321 12 2670 10 1140 2 1740 13 2875 14 259 11 280 15 1865 15 3139 16 1820 16 2527 16 2820 16 2944 1 295 1 2159 17 1745 17 2843 18 2130 19 2125 18 2361
1462 1.1545225838474897 3.8562158088517888 24.961586234384722 18 11 12 1.6560517388562297 9 1516 12 2679 2 1743 16 2528 15 283 17 2425 19 1837 8 1345 20 1185
1463 -5.4428180563017126 3.8595027981364747 18.482805676211115 31 25 25 0.56344566461736989 11 1855 12 2682 2 1751 13 2890 14 3104 15 3010 16 2954 17 2855 18 2488
1465 2.1387670227387376 6.7532177324222893 24.323623145825735 131 136 140 0.77739577342576527 9 1330 10 1565 12 2696 8 800
1466 -0.20586093470221278 6.9838115183550205 20.730253747987497 122 123 127 0.97599749505086875 3 1568 12 2701 15 3164 17 2935
1467 -1.7860143028550404 7.3050418346755981 19.394332727567715 64 62 63 1.2161378708095585 11 1893 12 2705 14 3250 1 2307
1468 -1.7392239263730758 7.1928743364411716 19.061657570662696 64 62 63 0.92825919788291755 3 1579 11 1892 12 2706 2 1902 14 3249 16 3052 1 2306
1470 -3.8995826078801183 7.6537052690354956 16.637342632161356 92 89 90 1.3992216251818397 3 1594 11 2022 12 2726 2 1912 13 3057 14 3256 16 2987 1 2313
1471 -3.5598425490783856 7.5128227224914585 14.9665932480963 89 86 87 1.5220368706710841 11 1911 12 2735 2 1920 13 2926
1472 -1.2628878045805985 7.4660970113142318 13.384548244392855 96 88 85 0.46782232146802444 11 1919 12 2757 13 2966
1473 -1.1240704173667122 7.4301641102562419 13.557248208015668 98 94 93 0.97089665167374262 9 1386 12 2759 2 1816
1474 -1.5651003000991566 1.7345019902096732 22.293577495741562 145 146 151 1.3895111983599058 10 1865 12 2802 2 1947 13 3009 19 2246 20 1426
1475 -5.9759408739148565 2.8349138072090181 18.134365828299021 99 93 93 0.71591017749476782 11 1984 12 2806 2 1959 13 3015 14 3228 15 3134 16 3024 17 2908 18 2605
1476 -5.9373099511029901 2.8195353853612901 18.06284255680276 99 93 93 0.4419193600572196 11 1985 12 2807 13 3016 14 3229 15 3135 16 3025 17 2909 18 2606
1477 -5.8071333319176892 2.7153927924521835 18.266322717325757 44 37 37 1.2357573835301452 11 1986 12 2808 2 1865 13 3013 17 2910
1478 -5.3298801566853511 3.3535391466364177 18.575184163096822 51 40 36 0.39502250103053321 11 1990 12 2810 13 3021 14 3232 16 3030 17 2913 18 2548
1480 -5.3340609348263257 4.4414100596747117 19.294642314824916 8 2 2 1.1372902290612346 10 2007 12 2825 2 1967 15 3227 16 3085 1 2285 16 3039 17 2737
1482 -1.1426281461112995 6.6405590507405297 21.719946916898714 100 98 101 1.5022710328796232 10 1768 12 2837 14 3313 8 1367
1483 -1.1392754953107596 6.635054887238752 21.696616285847856 100 98 101 1.5571428295571916 10 1767 12 2838 13 3043 11 1875 14 3312 8 1368
1484 0.79358148516665239 6.9884718812341999 19.139793038246598 103 104 108 0.82823151123744754 3 1702 12 2849 13 3121 14 3321 15 3240 16 3104
1485 -0.88822994568412561 7.596213952631012 17.056772201251292 104 104 106 1.6381451886650749 10 1785 12 2855 2 1913 1 2394
1486 -3.5973750097136508 7.5670217237650119 14.313201213148147 95 95 95 0.79373855574350682 11 2037 12 2866 13 2934 14 3332
1487 -4.7062666105406255 7.6311637556275924 13.217527325493412 91 88 86 0.48071661209374328 11 1918 12 2870 13 3071 14 3335
1488 -3.9965773690026265 7.5479059427595043 12.694416771362226 52 46 46 0.35007260233785659 11 2046 12 2872 13 3074
1489 -2.8543764267059593 -17.404058723882564 36.448410556187213 70 55 48 1.2057562349714455 9 1791 10 2062 11 2145 12 2889 13 3082 14 3280 14 3343 15 3194 2 1930 16 2996 1 2330 1 2407 17 2878 18 2514 19 2161
1490 -2.8520274479789314 -17.390051424318557 36.414259076736222 70 55 48 1.2415626705274527 9 1792 10 2063 11 2146 12 2890 13 3083 14 3281 14 3344 15 3195 2 1929 1 2329 1 2408 17 2879 18 2515 19 2162
1492 -7.8073201918280271 -0.64051891902187752 31.148449300479403 125 123 124 1.0330263823600079 10 1983 11 2072 12 2896 17 2949 18 2591 19 2238 20 1467
1493 2.5488921303660454 6.8049202549925143 25.943414803897998 136 140 144 0.40419587250539163 9 1646 10 1891 12 2915
1494 -2.1885124903755924 7.3073945874005135 19.187582219975379 107 107 109 0.80457337558954778 3 1782 12 2924 2 1985 13 3117 14 3386 15 3287 16 3144 17 3012 18 2666
1496 1.7216659252594704 -14.817747629223456 31.47234102900752 71 71 69 1.6520255794335332 9 1701 12 2949 2 1931 1 2409 19 2233 20 1408
1497 -8.7410648126978145 -1.7578394804298372 32.471737731658898 119 118 118 1.5561909528027398 10 2069 11 2156 12 2952 2 2013 13 3138 1 2411
1498 -7.4491800884352637 -1.4443078654110377 37.229167498516006 25 15 6 0.93058337816565262 10 2070 11 2157 12 2953 2 2070 13 3192 14 3400 15 3306 12 2954 16 3118 1 2455 17 2987 18 2639 19 2281 20 1466
1499 -1.2327458166496925 0.92767247570074585 23.066060362759348 141 151 161 1.1383173622981413 3 1824 12 2960 17 3026 18 2678 20 1535
1500 -5.8013153108437523 5.6014814618379623 17.952919313965133 49 38 32 1.0848566212947834 11 2096 12 2980 13 3105 14 3308 15 3155 16 3043 17 2923 18 2564
1501 0.73848493925270564 6.7405885454496399 22.899384113444953 113 117 120 1.1579527574937649 3 1852 12 2983 2 2037 1 2435 19 2336 8 1592 20 1521
1502 0.064281334175066512 6.8943775905165925 21.244479663576385 113 112 117 1.7194163365975526 9 1753 12 2987 2 2040 13 3169 14 3382 2 1973 15 3282 16 3142 17 3009 18 2692 19 2337
1503 -4.6016442995977762 7.7172477475177557 15.867622674261805 100 96 97 1.1271410981935142 11 2187 12 2997 2 2051 13 3175 14 3389 15 3334 1 2443
1504 -3.992555967372994 7.6676263176472412 13.952934103870124 82 80 81 0.68473755593799324 11 2200 12 3001 14 3430
1505 -0.33100182432345948 7.60865638543945 14.291589918175134 76 47 29 1.2548095206727807 11 2127 12 3002 13 3181 14 3393
1506 -2.0139392141150032 3.020375524788113 22.159062059566871 59 48 44 0.83225146452293575 3 1907 12 3021 2 2080 13 3205 14 3411 15 3318 16 3130 1 2466 18 2683 19 2323 20 1511
1507 -5.3930319038931449 3.6597457818881165 18.582675546737331 88 86 87 0.67319456083235185 11 2225 12 3022 2 2085 13 3208 14 3413 15 3321 16 3132 17 3030 18 2685
1508 0.06584786357526623 7.56046757036777 15.819443507268785 89 87 90 0.950165341439415 11 2238 12 3031 2 2098 13 3219
1509 -4.4383714003957513 7.6773018377455964 13.656110566583386 95 94 92 0.48571632273702864 11 2243 12 3034 13 3242 14 3450
1510 -4.7139428999071944 2.0601578913443634 19.590140025679819 78 74 75 0.75138243610294264 10 2173 12 3045 2 2131 16 3164 17 3054
1511 -4.6920695697973951 2.5811122825640047 19.631235353650361 79 79 79 2.0540039930584975 11 2271 12 3048 2 2134 17 3055
1512 -6.4583608081818635 7.4931295535682514 18.813137182927708 1 1 1 1.0480567079116396 11 2280 12 3054 13 3240 14 3449 15 3356 16 3181 1 2520 17 3059 18 2710
1513 -0.34756585777908172 7.5609240832463005 15.298734477586089 76 74 75 0.83101154372757258 10 2187 12 3058 2 2139
1514 -0.8149371131426133 7.8349987160431072 14.431023585405713 58 32 18 0.64924579821734996 11 2244 12 3063 13 3243
1515 -5.2772034960057468 4.4661013861599139 18.537365859348121 8 3 0 0.72288057156921182 11 2325 12 3077 2 2173 13 3267 14 3478 15 3383 16 3197 17 3070 18 2726
1516 -5.6858062399060794 5.1039673376306611 18.197053120159541 48 37 31 0.70667163155949175 11 2326 12 3078 13 3254 14 3466 15 3373 16 3187
1517 -4.2290738274453279 3.0992916131785622 18.655418252663534 51 41 39 0.85434354221278153 10 2328 12 3097 2 2198 14 3485 15 3391 18 2744
1518 -4.6089502510623479 2.5391434526195336 19.42482683965083 98 97 98 1.8473099839687863 3 230 11 243 12 158 10 349 11 242 2 189 2 190 15 1847 16 1797 1 247 17 239 15 236
1519 -6.7784876660351685 -3.0765858348498654 37.134497927215421 122 86 50 0.61617338880022499 10 229 11 126 12 53 2 77 1 62
1520 -6.5680326709032846 -2.4346934135885525 37.728753413067579 47 33 27 0.88652873940894905 3 128 10 230 11 129 12 56 2 79 13 38 14 39 15 34 16 54 1 64 17 43 18 61 19 61 20 52
1521 -7.7322336651059471 -1.4055063246895212 40.093843216654847 107 77 58 0.90774866787828645 3 131 12 62 2 92 14 73 1 1315
1522 -8.742374358969494 0.6000120334283453 23.755424665993289 126 122 121 0.63354565869165247 11 182 12 105 14 1831 13 118 15 1776 16 123 17 132
1523 -8.0043368780819559 0.87974639000809118 22.464874508083362 118 117 115 1.3831368652382596 11 184 12 109 15 138 1 156
1524 -1.2454237613586354 0.0020355555244226001 26.215372398946723 42 28 21 1.1184368077991482 11 1126 12 1388 2 995 14 132 16 111 1 139
1525 -2.0948474553370939 7.5892381052697599 20.684324019003544 85 85 85 0.69072030427102415 11 1245 12 1560 1 1927 2 1130
1526 -0.29699477382230388 7.2848502703760944 18.554406671698924 55 56 58 1.3578244743682386 11 1268 12 1604 2 1574 13 2619 14 2799 16 2614 1 1494 17 2781
1527 -2.9461018624379718 -18.399695202112955 37.015532829636427 63 56 50 1.3591147863940292 9 1173 10 1432 11 1036 12 2202 2 887 1 1277
1528 -7.0767039470129838 -1.6738440621130104 36.770696305145584 34 6 0 0.5098035451482843 12 2237 11 1101 13 47 14 1804 15 38 16 1695 10 1054 1 1806 17 2335 18 2061 19 1756
1529 -2.1746287575033683 -1.4980922782005675 34.236067552685924 115 82 49 0.82069120829053444 10 1715 11 1589 12 2240 14 2646
1532 1.4845094944016988 1.3343700462076475 31.523062057717048 86 83 83 1.7377737551216301 10 300 12 2631 2 1480 1 2259
1533 1.4845094944016988 1.3343700462076475 31.523062057717048 86 83 83 1.7377737551216301 10 301 12 2632 2 1481 1 2258
1534 -7.0259562336681451 -1.6341953924610522 37.707918084193679 177 135 73 0.79166733750334384 10 1843 11 1956 12 2788 2 1839 13 2989 14 3197 15 3203 16 3001 1 2337 17 2884 3 1646 18 2523 19 2168 20 1419
1535 -3.2392003123133408 -18.071702337022757 36.837149648175313 1 1 3 1.3312419572483403 9 1789 10 2060 11 2142 12 2948 13 3133 14 3342 15 3247 2 2003 16 3064 1 2406 17 2982 18 2634 19 2276
1536 -6.2377317793569258 -1.2124012946825009 36.422061266457312 80 64 50 1.3845065709572568 10 2159 12 3013 2 2071 13 3193 14 3437 15 3346 1 2493
1537 1.4960068760230767 8.3355131164231366 19.00084067101853 68 54 53 0.75674090202062261 11 2236 12 3057
1538 -8.1940174333419247 -3.9242978276748453 37.148524767580845 118 83 53 0.71709877242302567 10 2243 11 2293 12 3066 2 2151 13 3246 14 3454 15 3361 16 3174 1 2509 17 3046 18 2699 19 2353 20 1548
1539 -8.7013359576870002 -2.632948462688911 38.356231409064968 224 196 136 0.82401847637989223 10 2313 11 2340 12 3086 2 2180 13 3273 14 3472 15 3378 1 2531 18 2730 19 2369 20 1569
1541 -6.1997385168718093 -3.1186876463726434 37.598191158231145 131 99 69 0.87035273857147122 9 224 2 78 1 63 17 39 18 55 19 58 20 510
1542 -6.6551198634780357 -0.32679744318571025 28.438969682053788 42 38 37 0.77938420071996106 10 254 2 101 13 76 16 90 17 97 18 119 20 522
1543 -4.6241050607291339 -0.007474658248832278 27.180819883656564 118 123 127 0.59933724865640903 3 159 2 121 16 1741 1 133
1544 -1.6671940123367608 0.97938673120220643 22.616755726912523 139 148 155 1.1577292183423515 3 171 2 149 9 279 13 139 14 167 15 162 17 162 16 173 20 918
1545 -0.82158117527440155 1.078358043019376 26.622806670475569 107 114 124 1.1586532611459988 4 133 10 294 2 159
1546 1.2785481293966168 1.772346553340052 27.184998601216098 133 129 130 2.645456732926367 4 142 12 140 2 168 8 189
1547 -3.6484942553829209 1.9897538917017996 20.234212903378985 92 93 97 0.78660185244483982 3 214 2 170 1 229
1548 1.6747032772223629 3.0261654291270892 26.311541343238467 95 101 113 1.2158559578485881 3 228 10 347 2 183
1549 -5.9941604040279923 2.4998113596900389 18.237667050561235 49 40 38 1.2480121349674715 11 240 2 186 13 207 17 2411 18 1570
1550 -2.022127131881672 3.406646182232584 22.188036013531647 89 75 74 0.70375942406298231 3 254 12 1474 2 203 13 245 14 258 16 258 1 296 17 271 18 260 19 255 20 959
1551 0.85685394710033702 6.0718132894276646 28.202677481635614 61 38 27 1.6836428551867753 9 388 2 236 1 337
1552 -4.8557355622142024 7.5740139891451186 18.786747171834531 85 80 77 0.90696527311889275 11 408 2 367 13 393 12 305 14 1969 15 1936 16 1959 1 524 17 2479 18 2213
1553 -4.3181574738421391 7.5125778906669094 19.151774972590012 48 44 41 1.8941067789237049 3 1015 2 369 13 398 14 428 15 1939 16 553 16 1964 15 557 1 536 1 1464 17 1900 17 1901 18 1836 18 1838
1554 -3.8238857363191321 7.4229247162411607 19.100297964420637 47 45 46 1.1264877243865441 3 1017 2 377 10 511 14 1972 12 318 15 1944 16 1924 1 1465 17 2483 18 2222
1555 -1.5076131197783607 7.3287342836104221 18.140590372180299 48 47 52 1.1666212304946799 11 483 2 438 13 513 14 727 16 2055 1 654 17 2120
1556 -4.8859775368919829 7.5407149435125103 16.73001540589723 77 72 69 1.2682730195351368 11 521 2 480 1 1521
1557 -4.4519244608197708 7.7270773918505844 17.857918898321518 94 90 89 0.83636825743791421 3 447 2 491 13 491 15 2063 14 674 16 2036 17 2077
1558 -4.3005851053322548 7.6959992293266106 17.822332303131791 99 97 95 0.68625497573422922 3 455 2 494 14 681 13 630 16 2038 17 2085
1559 -4.3396822187461748 7.8441403686139592 17.201308654651196 94 93 91 0.84519340498286377 3 493 2 578 14 839 15 1008 16 2240 17 1359
1560 -3.9001536832769679 7.7516308442946613 17.147645215904383 103 102 103 1.1422502743781235 3 463 2 580 13 639 16 2246 1 1579 17 2577
1561 -3.8817524383196806 7.74661270114456 16.980879395777205 45 45 45 1.3280622435828349 3 499 12 592 2 581 13 1955 15 2171 16 2243 1 835
1562 -0.7057936281105861 7.3459319786799835 15.136351591891728 111 109 110 0.96262891173965781 11 663 2 653 13 2115 15 2512 14 1442
1563 -0.88052126179698953 7.2798260096067384 14.594989898566082 40 36 37 1.0707113000329838 12 835 2 733 13 1255
1564 -0.6920979752396752 7.9338823449408231 16.139802868077417 106 103 104 0.081878670653343102 11 667 2 739 1 1230
1565 -2.3621951153376917 7.501028312860913 13.833553457612792 43 39 40 0.8093658003412425 11 728 2 835 14 1546 13 1370
1566 -2.5793008165646931 -17.64970897753436 35.447770259705216 13 2 0 1.1363071544564813 9 746 10 943 11 1038 12 8 13 1618 14 1773 15 1721 2 888 16 1662 17 1590 19 5
1569 5.686942780120817 -16.067879272077711 32.626096342888282 110 114 117 0.23826259224730853 4 447 2 919 8 589
1571 -0.59983162120099631 -16.361445953324331 33.89418284670311 37 29 27 2.0559282271986934 9 58 2 940 10 93 17 1595
1574 -5.5556765736258766 -0.098292708921746311 26.929749639032035 149 150 154 0.54877933600444595 3 841 2 975 15 1772 16 2466 18 2076 20 1127
1575 -3.2095479334009531 0.028839858975458686 27.274537562273565 121 127 133 1.0831240573253842 3 164 2 992 9 263
1576 -2.6837327463112022 1.3076263176434777 21.482462574937813 123 130 137 1.1398954954244651 3 867 2 1006 15 1812 16 2496 1 197 17 2376 18 2335 19 2008 10 1112
1577 -1.1819864607045913 1.2961804175781382 22.833358028539113 130 135 139 0.79578928768729529 3 873 2 1010 20 933
1578 -1.1790430363687165 1.3012878463253985 22.822120254200176 130 135 139 0.71076728919022247 3 872 2 1011 19 1797 20 932
1580 -4.6690857332459377 1.9668035802322126 18.445153222301368 71 67 66 0.94431667586483226 10 1119 2 1034 1 1380
1581 -4.6717858456902714 2.6700384707730449 19.282828528277776 110 108 112 1.2293775797231155 3 232 11 1171 2 1041 13 209 15 2641 16 2511 1 1393
1582 -2.7060405640644922 2.8656156635941272 21.556139436056213 62 56 56 0.67887520634159026 3 898 10 354 2 1047 16 2514 17 2412 19 1823
1583 -0.44706701572574242 2.94085438145235 23.730413256709138 63 54 55 0.67034646863506298 3 892 2 1054 20 1174
1584 1.7921299186047746 3.1865423036111564 25.442169438072899 153 157 162 1.4986950467212594 10 366 2 1058 18 2128 20 949
1585 1.2149090829460136 3.8878516973590695 26.454217855065988 50 43 37 1.1697164188209737 3 905 9 936 2 1064 10 379 1 1881
1586 -4.2536329570576674 3.8271627416382099 19.958884840561549 97 92 89 0.36841583155969809 9 376 2 1084 13 1761 16 1830
1587 0.25935029785109431 6.8868616256788355 21.141344052551265 119 120 122 1.0841630565299147 11 1235 2 1116 15 2687 14 1959 17 2455 18 2182
1588 -4.8509270240056015 7.342505309403105 20.207499916339536 45 39 39 0.7712151851054041 11 376 2 1127 16 1892
1589 -2.248710324447257 7.1989137376358023 20.02623319511385 104 109 112 0.98095325115039422 3 991 10 489 11 383 2 1129 15 1912 16 2565 1 1453 17 2465 18 2201 19 1930
1590 -0.68363558800726831 7.3999387506587349 21.029479974373064 111 113 112 0.75028360328497135 11 1249 2 1133 1 1454
1591 4.248985073270604 7.8969192693181283 23.097719277534754 89 93 94 3.0674393794267556 3 982 2 1140 7 338 8 269
1592 -4.4586898613424593 7.5039919236184423 18.677604351680369 53 49 48 0.7355377454991413 10 540 2 1148 13 1816 14 1993 15 1937 1 1462 18 2216 17 1903
1593 -1.3398976002090763 7.3953223096610099 19.171929854200851 83 83 85 1.2243899130017764 11 1681 2 1154 15 3048 17 2868
1594 -4.8124222860562957 7.708275381772598 18.572145539988579 39 34 31 0.6262025923243153 3 1033 2 1171 15 689 16 1961 1 1484 17 1978 18 2242
1595 -4.6100337855520239 7.7256727218956804 17.996568051230916 49 45 43 0.78840545795948913 3 1053 2 1172 14 2065 15 2738 16 2604 1 1528
1596 1.078216639611189 7.2850284577694264 17.567922503504935 55 55 57 1.2080038429297455 11 1289 2 1187 15 2226
1597 -4.6646241256007963 7.6100068527978335 17.642422436953119 40 34 34 0.91310830570728996 11 467 12 1639 2 1193 15 2736 16 2601 1 1968
1598 -4.0546920458742575 7.6992997857279386 17.372534835728697 55 54 52 1.1493905083458413 3 461 2 1203 13 632 16 2130
1601 -3.8517764158630805 7.5837567049932888 17.285720901160012 58 58 56 1.0024908166952773 11 539 2 1208 14 2067 16 2137 17 2199 1 735
1602 -2.1668369714016951 8.0752435485228453 17.92476174300571 48 46 48 0.7419581057570489 12 1698 2 1242 1 2018
1603 -0.89559814661819315 7.3303680003868896 15.809233318287633 60 58 59 1.0328524389246514 10 626 2 1244 13 2668
1604 1.3382135081173838 8.1830027692940135 18.88898464504841 105 103 105 0.35908146095721427 3 1046 9 1025
1606 -1.9053018527658725 7.4284493411761119 14.790369286116155 47 44 45 0.77213512297528009 12 1835 2 1302 13 2104
1609 -2.149118348955438 8.020856938340577 15.582448738484139 105 101 100 1.3119490205071935 3 547 2 1343 14 2489
1610 3.2907504408868893 -13.368333203391131 24.126660880279847 95 96 98 3.2071576531758361 3 1179 10 1420 2 1392
1611 2.7927367856353498 -0.8088013257920238 30.940899446281836 192 200 205 1.1509657067511831 3 824 12 2248 2 1453 8 1082
1612 -6.0066653265900101 0.010012173442217304 26.423929410635434 109 109 110 0.92114650819336386 10 1500 11 1109 12 1376 2 1455 13 1668 14 2660 15 2594 16 2464 1 1818 17 2341 18 2304 19 1985 20 1123
1613 -5.826739815487687 0.1336187315728114 26.386048204810358 143 147 150 0.48514328508601345 10 1501 2 1457 14 3041 15 2950
1614 -6.0486059184086614 2.8110932717821471 18.229921373188795 101 96 90 1.2159001528685083 11 1176 2 1503 15 2646 16 2519
1615 5.8301760394104596 6.2255734925867285 31.305899081898175 73 59 51 0.64828344620997613 3 1334 9 957 2 1527
1616 4.8592192817984614 6.6980486446898961 23.397799841619427 89 70 59 0.30265974230566273 3 967 2 1542
1617 -1.8808872067334426 7.1292122342524431 20.941262643639924 109 109 109 0.77028564273038302 9 999 2 1546 14 2758 13 1803 15 3037 16 2850 1 2187 17 2758 18 2397 19 2056
1620 -4.0570425984869329 7.5944288902917707 18.27002211084605 104 100 99 0.49643274609310256 3 1037 2 1579 14 1994 15 1993 16 2606 1 1953 17 2508
1621 -4.3151857824366626 7.7744955191685179 17.268067480713427 48 44 41 0.94038524501473708 3 1397 2 1588 13 2633 12 1644 14 2815 15 2776 17 2792
1622 1.3110844648718663 7.7415290213456585 17.894898127546131 108 107 108 0.99657243142508312 3 1026 10 1240 2 1595
1623 5.6635546733537092 -15.69238556947805 32.572131283886058 105 111 115 0.30110356093431662 4 924 2 1665 8 1253
1624 -9.5688723217157694 -3.0381942462145384 35.031901696882542 52 25 10 1.4592671655821567 10 1048 11 1577 2 1685 14 3193
1625 -6.2912533911075315 -0.42949940070066533 30.323269560641688 32 30 31 0.41853113289100302 10 1719 11 1823 2 1700
1626 -6.2912533911075315 -0.42949940070066533 30.323269560641688 32 30 31 0.41853113289100302 10 1720 11 1824 2 1701
1627 -0.88616266878600636 0.028095625231107944 31.083380982032644 36 28 23 1.1971220864900889 3 1517 9 1493 10 1724 2 1707 13 2839
1628 1.4743324204558288 0.69751996647983494 31.196374182268816 90 88 91 1.3549600486223516 9 902 10 1088 12 2626 2 1713 3 169 15 2957
1631 -4.3075245360577981 2.4035155085918598 19.691445977353947 59 53 53 1.0609786985601857 11 1845 2 1725 14 3077 15 2988 17 2839 9 1512 18 2477 19 2113
1632 -4.3106085394147131 2.400910675778658 19.69612591908081 59 53 53 0.98594058207462143 11 1844 2 1726 14 3078 15 2987 17 2838 18 2476 19 2114
1633 -1.9288776533110312 3.3020476579037363 22.227199925749208 53 42 38 0.89120888050091074 3 1320 2 1739 13 2874 15 3138 16 2819 16 2943 1 2158 17 2842 19 2124
1634 1.7364894601871206 6.3663797250090495 26.219760904396249 70 47 33 1.1177654822515346 3 1546 10 1555 2 1761 1 2287 18 2616 19 2267 20 1450
1635 0.74827003042270357 6.6841056887252535 23.244788032411694 106 110 113 1.5267591508333063 3 1561 2 1768 17 2925 18 2566 19 2270 20 1458 1 2297
1636 -2.0334063700973641 7.2103791696564192 20.563737949519041 104 104 104 1.0544340271256789 11 1665 2 1771 14 3122 1 2190 18 2571 19 2230
1637 -1.004057479944775 7.4463337372405904 17.069084471224059 109 107 112 0.8959740995227975 10 1601 2 1791 13 2651 12 1710 16 2879
1638 -0.027945863338243677 8.2125004170205607 16.97806259495983 92 91 87 0.53266890227765618 12 2746 2 1806 1 2229
1639 -2.9316562581382968 7.3809410145399807 13.969588661224364 40 30 28 0.94704829810704982 10 1278 2 1812 13 2708 14 3158
1640 -0.57792358347164474 7.4553802174655264 14.380661761366209 97 93 90 1.4918148701456821 12 2492 2 1814 13 2955
1641 2.5310551240973744 -14.153136554735191 33.394915202954344 139 151 151 1.0294072959716962 3 1480 9 1461 10 1835 2 1824
1642 4.74909022205581 -8.8409248988305684 30.899757155738577 240 240 242 1.4701834246771841 3 1483 9 1466 11 1947 2 1826
1643 -6.3532309770071658 -0.38205270273786468 28.455167667898717 73 71 72 0.5402502135015842 10 1849 11 1960 2 1842 13 2993 14 3208 15 2944 16 2913 1 2249 17 2816 18 2526 19 2172 20 1362
1644 -5.895272162148955 -0.13148043142936433 28.040343455903091 132 133 135 1.0960757623061836 10 1721 12 2796 2 1845 3 1514 13 2997 14 3211 15 3208 16 3006 17 2890 18 2593 17 2951 19 2240 20 1470
1645 3.1688568698704231 6.7216022878810149 25.971197879286517 73 53 42 0.67429038114060136 10 1892 2 1887 8 1478
1647 -2.9973992911164116 7.2744929654797685 17.388419107037105 97 97 99 1.1849819924414946 3 1711 9 1551 2 1907
1649 -1.6036364333714703 2.2568272332505579 22.283484758621775 57 50 46 0.848277388665586 3 1667 2 1950 13 3012 17 2903 20 1431
1650 3.0377877149282293 4.2144812007954622 33.290168033676537 91 87 84 1.5303745144415337 10 1878 11 2169 12 2815 2 1958 1 2468
1651 1.9057722203350991 4.307621524396108 25.729604505852272 121 121 130 1.4125861465544733 10 1883 11 2088 2 1963 1 2359
1652 5.2223158206297473 4.7436365070248447 30.632091383208714 70 63 57 2.0407781989960512 9 1638 10 1998 2 1965 20 1440
1653 2.106829543945409 7.5450738830518072 19.994711258937464 114 113 118 1.0369012000883602 3 1703 10 1911 2 1988 8 1492
1654 3.725922606372623 8.5169840367017837 21.250858030335348 97 105 116 0.53737425733331934 10 1921 2 1994
1655 4.6831748462932801 13.342259362408225 33.131179122885435 112 120 139 3.0630035328970564 9 1767 2 1995
1656 -2.1189048254228111 7.6080785512397542 16.013774601607647 95 93 94 1.1239171989011387 3 1795 2 1998 15 3296
1657 -0.25871303137724816 3.1586949918328848 24.95155077890206 68 58 57 0.69921466728942772 9 1728 2 2022 8 1562
1660 -1.1638976257702771 7.3795392988626851 15.12026050712327 51 45 47 1.9904529668647843 3 1868 9 1847 2 2054 13 3218
1661 -5.4224337785890793 2.7700900315388362 18.657442108896522 52 42 33 1.1091533754416145 11 2222 2 2079 13 3204 15 3314
1662 2.7280683890207813 7.0355941428761994 16.435071154615169 132 141 164 0.51750915196195435 10 2026 2 2093
1663 3.4097862646223431 -8.4464794965400554 31.768841538348532 154 172 184 0.79571440454618936 9 1947 10 2205 2 2117 3 1942
1664 -3.2792094358072825 -20.424029954268352 39.243134130216248 111 87 64 1.6801821078822723 9 1982 10 2268 2 2142 11 2285 15 3360 16 3172 1 2523
1665 3.3063623737379939 6.9692280798272028 28.740894024605709 82 53 39 1.0417864664091914 3 1999 9 2004 2 2161 8 1850
1666 4.225741925377732 15.276573153302989 37.010293089672587 147 156 170 2.7328469524220642 9 2042 2 2163
1667 4.2325342226268319 4.5983367244077789 32.27828539592506 64 57 51 0.79391676083282459 4 817 10 1148 3 915 2 1511 9 345 11 289 8 753
1668 -1.9152951696129203 7.4171939964770583 15.575806649907371 58 58 59 1.838379813672979 2 1272 10 617 9 1028 13 2026 3 1069
1669 3.1874711201434436 5.6702025385894403 33.33388560090274 43 28 21 1.1771117707160059 10 397 12 2341 2 220 1 320 20 127
1670 -6.671745002709935 -4.9248298692354595 37.813528622891084 247 234 166 0.74015569828114969 10 2311 11 2338 12 3084 2 2178 13 3271 14 3470 15 3376 16 3191 1 2529 17 3067 18 2720 19 2367 20 1567
1671 -6.671745002709935 -4.9248298692354595 37.813528622891084 247 234 166 0.74015569828114969 10 2312 11 2339 12 3085 2 2179 13 3272 14 3471 15 3377 16 3192 1 2530 17 3068 18 2721 19 2368 20 1568
1672 3.1541815853754716 -0.61782092657640575 32.288211749617098 231 238 245 0.76492741026956557 3 1648 11 1963 2 1847 8 1317
1673 -6.6739413814435053 -3.4586892023109272 37.96685436271418 30 6 0 0.94805915017247766 3 1893 11 2213 12 3012 2 2123 13 3191 14 3399 15 3305 16 3117 1 2491 17 3021 18 2675 19 2314 20 1501
1674 -1.3268411306381962 -16.818088133298758 33.979800938095686 13 5 2 1.4526820829688663 9 45 13 2 15 1 18 11 12 15
1675 -1.646174277814773 -16.666198424800122 34.22651028677911 16 5 1 0.88326989063037764 9 52 13 3 18 20
1676 -1.5955942464351183 -16.272715595510974 34.512080167940312 39 32 26 1.0331811620022058 9 109 13 4 14 9 11 72 16 14 17 14 19 26
1677 -6.946205968676054 -3.7892368862909671 37.667898821725004 108 77 46 0.94157456193263689 2 961 11 124 13 19 15 25 18 52 20 49
1678 -10.747656821308604 -1.5087420679367842 30.472416738312379 70 64 64 0.97441464380738863 2 963 11 1097 12 1350 13 36 14 1801 15 1743 16 1691 1 1298 17 1621 18 1486 19 1308
1679 -3.1235332584542275 -2.6798761856731761 36.975336214942971 81 52 27 0.5824911035382303 3 818 13 40 15 1739 16 1688 17 45 18 1485 19 1305
1680 -6.5632984968141734 -1.4561120060255288 38.944369687780664 45 21 4 1.1950649105260871 3 133 12 63 13 50 15 71 16 71 1 91 19 76 20 57
1681 -6.3243972821787606 -1.3004795835118204 37.566447050959844 116 87 69 0.78036871693658372 10 237 11 142 13 51 14 76 15 72 16 1710 1 92 17 1628 18 1504 19 1319 20 873
1682 -9.8737152228656697 -0.72592571646334692 30.447103867813688 59 57 60 0.95901010304319523 2 967 11 148 12 1362 13 66 14 66 15 61 16 1705 1 1309 17 1631 18 1509 19 1759
1683 -9.8737152228656697 -0.72592571646334692 30.447103867813688 59 57 60 0.95901010304319523 2 968 11 149 12 1363 13 67 14 67 15 62 16 1704 1 1310 17 1632 18 1510 19 1760
1684 -9.663929067712937 -0.73902996862134496 30.613361434215143 74 74 76 0.87363381583554556 2 88 11 133 12 74 13 68 14 1810 15 1757 16 1706 1 1312 17 2340 18 2070 19 1761
1685 -3.9918804314479703 -1.0554751676345018 38.119210359508372 145 117 94 0.91937509784876137 3 136 13 80 14 78 16 91 1 96 18 113 19 103 20 517
1686 -3.932933844718697 -1.0516510307969305 37.809978304403856 145 117 94 1.0073440408101872 2 970 3 137 10 240 13 81 14 79 16 92 1 95 18 112 19 104 20 518
1688 -7.9947218687966108 0.21848228056249497 25.779423083579658 95 89 89 0.83952810262501831 2 109 11 165 13 90 16 1725 1 1326
1689 -7.7160819651750625 -0.15018329852307699 28.092543350846597 44 42 43 0.69106818244437085 2 972 11 151 13 93 14 96 15 93 1 106
1690 -7.7160819651750625 -0.15018329852307699 28.092543350846597 44 42 43 0.69106818244437085 2 971 11 152 13 94 14 95 15 92 1 107
1691 -3.16704557266638 0.010319995686988784 26.862162389656632 116 122 129 0.68052449387724423 11 172 13 104 12 1385 14 127 15 128 1 1337 16 1743 17 1668 18 1528 19 1333 20 895
1693 -3.6020549788745462 0.79681815674408274 22.531050185457172 119 122 129 1.1899838412009305 10 287 13 135 14 1852 16 1753 1 176
1694 -0.80283934882015529 0.9701009860080545 23.216433546372876 146 150 159 0.8817268471832107 2 158 11 202 13 141 12 123 14 172 15 166 16 174 17 1699 18 213 19 1376 8 169 20 556
1695 -3.7909505448781182 1.5091193688959228 20.667492950354326 118 118 120 0.93077391832024869 10 315 13 157 15 1811 19 1382
1696 -3.7448199542659961 1.4674438597567865 20.743247022418192 82 80 83 0.87920807642034848 3 201 13 158 15 179 16 186 1 194 17 188 19 210
1697 -1.0346827451785088 1.1780621849334003 23.018136691793583 156 155 161 0.89982476691356628 3 192 10 292 13 165 14 170 15 193 16 1764 1 1369 17 1698 18 1550 19 1374 20 1154 12 1403
1698 -0.42658811605755931 1.1499917511338404 23.716261267791296 125 130 140 0.86077424421322424 3 195 13 166 16 1766 17 1703 18 1553
1699 -4.9246856739805436 1.7186956548748755 19.708074386853635 120 118 121 0.6889866647867503 10 331 13 175 14 203 16 1780 17 1713 18 1560
1700 -2.2606539934812435 1.7810332803011866 21.771838399789356 106 106 108 0.84703701411944476 3 206 13 178 14 209 15 199 16 1781 1 217 17 213
1701 -5.9912337437936651 2.6866238401311304 18.392551075187644 90 81 76 1.000037685311584 2 188 13 208 14 232 15 246 16 221 17 238
1702 -4.3356373016055354 2.6630475793111379 19.790972836732148 46 40 40 0.8924040173290021 2 196 13 212 14 233 15 237 16 1798 1 248 17 1724 18 1580 19 1819
1703 -0.72459712387076203 2.6395529969099911 23.342431498157197 131 131 134 0.82899333297142663 3 219 13 213 14 239 15 1850 16 1801 1 1389 17 1727 18 1573 19 1814 20 1168
1704 0.42768737815159735 2.8117365827292731 24.350877211676007 36 28 22 1.0612302656500086 11 252 13 219 2 182 12 1465 14 246 1 1390 17 242 18 238 19 1398 20 940
1705 -1.7418252222063244 3.1639869362073378 22.607710900116519 100 90 88 1.178073480041264 10 357 13 234 15 255 18 1585
1706 -5.1555298705873494 7.4475284101749057 20.730789536167777 27 25 20 0.92604308982410688 2 281 3 356 13 317 14 325 15 398 16 367 1 417 17 496 18 679 19 1570
1708 -3.9811444889539858 7.4392160677373758 19.734034204960885 96 95 93 0.68632716074877875 2 316 13 358 14 434 15 484 16 559 17 694 18 1772
1709 -3.8622380212124616 7.3784272495811898 20.009606711141355 43 41 42 1.000406686464743 2 319 13 359 14 383 15 485 1 472 17 1850 16 1897 18 1775 19 1645
1711 -3.9373988588472328 7.4856121073527566 19.088250325494151 104 102 103 0.63951838013102447 3 395 13 403 15 568 16 722 1 1467
1712 -3.348089678881125 7.4350135292777502 18.872855036940969 52 52 52 0.6009946849537906 3 400 13 410 15 578 17 1914
1713 -2.9122593133630761 7.3020679482106328 19.684328039972435 48 48 50 0.31570179768493156 2 332 13 416 15 586 16 581
1714 -2.3649253123476486 7.2009662363367264 18.548387636324389 55 55 57 0.53682012562252734 9 470 13 418 14 1998 2 1151
1715 -0.97861328385784607 7.283393478557362 19.21215890534355 122 122 124 0.70432542826951183 11 432 13 424 14 2009 15 2010 16 2585 17 2519 18 2421
1716 -5.7767336481285945 7.4898879445871591 17.072135427422488 91 86 83 0.93383493068434276 11 458 13 478 14 532 1 689
1717 -5.2151587037731284 7.6696005041263691 17.601246627519945 105 99 99 0.736868186380228 12 460 13 482 14 2055 15 2053 16 2026 17 2065
1718 -5.0680066461935169 7.7605028549592081 17.705416545827514 101 97 96 0.63986084313523817 2 473 13 484 15 2056 16 2029 1 1517 17 2070
1719 -4.8295592890283636 7.6857277671283875 17.695312089267023 47 43 42 0.61891942749624385 2 1192 13 488 14 2060 15 2057 16 2030 1 708 17 2072
1720 -6.9781935207662862 7.7213358414841986 15.801481967274634 92 84 81 1.1481591328745655 12 548 13 560 14 2103 15 2759 16 2656
1721 -6.6466868999796667 7.7558868722238454 16.705872855116144 98 89 84 0.92136582560383173 12 441 13 566 14 2037 16 2088
1722 -6.4722764289952641 7.8059976787375502 16.530233336720375 105 97 95 0.98757460069000746 12 443 13 573 14 790 15 2129 16 2096 1 1556 17 2163
1723 -6.4283594478106156 7.8097831788289556 16.385767927691592 55 46 46 0.80401093774791244 12 562 13 575 14 791 15 2133 17 2166
1724 -6.4433849324902441 7.8211839675170998 16.402729578272591 55 46 46 0.87946897909208632 12 563 13 576 15 2134 16 2098 1 804 17 2167
1725 -6.0063616818466601 7.840413077869643 16.797519778580277 102 98 97 1.2889328910821838 12 570 13 595 14 804 11 509 1 1561 17 2173
1726 -5.0113082288645625 7.4733718522694907 16.719655732842586 38 31 31 0.55592268223226449 10 565 13 609 14 661
1727 -5.0046736171081712 7.7262099728698272 16.829301530921235 42 37 34 0.89328252615419679 11 523 13 613 14 826 15 2150 16 2114 1 1567 17 2186
1728 -4.8315751341058988 7.7313241911542239 17.104552949854128 107 101 101 1.0353918664069339 2 1195 13 615 14 2123 12 1641 15 2769 16 2631 1 1522 17 2574
1729 -4.6305481734442395 7.6538607180208516 17.510680402112452 98 96 94 0.98231239559691064 2 482 13 619 12 466 14 666 15 2065 1 1531
1731 -3.6907490928229416 7.7168766807130957 17.888481311531621 56 52 51 0.41319085690408225 2 506 13 645 14 700
1732 -2.8104993009608319 7.4804141933378734 17.29012259781214 47 46 44 1.1953594015153441 10 582 13 652 3 1038 15 1027
1733 -1.2665110807061486 7.2856118448613101 17.087446905712564 110 109 111 1.7062858309970224 12 494 13 668 16 2277 15 2199 1 1601
1734 -0.26588394200055621 7.3081407286392457 17.936442213153903 121 120 125 1.3579732247397893 2 449 13 676 14 2083 15 2209 16 2650 1 771 17 2592
1735 -7.1950986221490272 7.7755063845386658 15.159608168370802 93 85 82 0.84019880857894458 12 1732 13 702 15 2235
1736 -5.1926164861689417 7.8785998752992432 16.320908172733475 99 93 93 0.71897509980358854 2 613 13 746 15 1196 16 1227
1737 -5.0507022577625689 7.9614823303538866 16.606002018832175 54 48 48 1.0401544789051036 2 1262 13 747 14 824
1738 -1.2842229520799835 7.5044478891674808 17.482914965115551 55 53 54 0.80072884790884546 2 529 12 497 13 787 14 887
1739 -1.2350306868961161 7.5543019449473663 17.672039917754905 111 109 110 1.5211340519745755 2 1592 13 789 14 2152
1740 -6.7897814880998402 7.7683377955358477 14.776058926559827 98 87 85 0.37831669072295049 12 653 13 852 14 964
1741 -6.7108721834686698 7.8169635595550586 14.90433212550332 93 82 80 0.47494785007745749 12 654 13 853 14 969 15 2345
1742 -6.5042586955092281 7.8004864544367054 14.554885878641455 38 33 30 0.5919078010630261 12 1796 13 862 14 2263 15 2349
1743 -5.9146571654209277 7.7216253392777343 14.631372266622011 94 89 86 0.5601375650673085 12 1739 13 871 14 1158 15 2355
1744 -5.8077419168797961 7.6396771954573932 15.056629467872147 102 94 92 0.86652883066635522 12 671 13 872 14 2192 15 2247 1 1617
1745 -5.3919888966380434 7.6533877262027126 14.64333512231341 104 100 99 0.80932624492530669 12 1743 13 876 1 1043
1746 -5.4188897616816991 7.8005515696204606 15.619839145351072 37 33 32 1.1785542429347102 12 676 13 878 14 994 15 2262 16 2327 1 1623
1747 -5.2226893553332747 7.7348619754310324 15.361128339479313 102 98 97 0.9958773177868373 11 618 13 880 14 2204 12 1747 15 2363 16 2685 1 2034
1748 0.74426795986220295 7.3481950254446406 16.312321659550555 104 99 100 1.3342373221598476 2 610 13 958 14 1271 15 2426 12 728
1749 -6.9250178193051264 7.8238826169365856 13.743168623571753 56 48 45 0.39435853382415659 12 737 13 978 14 1285
1750 -6.656614466843469 7.7290579129492869 13.430341361904532 51 43 41 0.43482906815865768 12 859 13 982 14 2346
1751 -6.4207861255950025 7.7585484247305105 14.112236103762992 94 89 86 0.97074478998579572 12 742 13 988 15 2435 14 1151
1752 -5.6981313915886975 7.6429115860750327 13.605826136154519 94 89 90 0.2886894715318194 12 869 13 998 14 2360
1753 -4.8426201715328423 7.7448603652751222 14.42437934034916 95 90 90 0.78878815938308711 11 686 13 1011 15 2456
1754 -4.660060624575368 7.588698773812812 14.152777174649231 100 96 95 0.62421251790077814 11 687 13 1015 14 1331
1755 -4.617989467191089 7.6205416230309586 14.188525838101478 54 50 49 0.7725401454475409 11 688 13 1017 14 1340
1756 -1.2529815532306441 7.6317329538858836 15.730693205179564 38 33 34 0.54688690653635408 3 512 13 1081 15 1635
1757 -0.62527936837151554 8.0441713217437059 17.220382111569013 111 111 111 1.7720206171985622 2 656 13 1094 1 1691
1758 0.24195027167324085 7.550680073358838 15.905242054637762 61 59 60 0.54382859841144215 11 604 13 1107 14 2425 15 2528
1759 0.240193987718923 7.5542333251520644 15.919284823074198 61 59 60 0.53975693745086939 11 605 13 1108 15 2527
1760 0.6610517476081671 7.476168148450852 16.445298331494211 51 50 48 1.2123167336727112 2 608 11 610 13 1111 14 2328
1761 -6.1503147370279585 7.6643953161782905 13.14299291751899 106 100 100 0.28943061939636855 12 864 13 1128 14 1470
1762 -5.3881157508240412 7.6064307099898496 13.088123126532979 89 85 84 0.3557956470666932 12 875 13 1148 14 2449
1763 -5.3828503555796967 7.6560973090025239 13.502007702408406 104 99 99 0.34068570977888474 12 871 13 1152 14 1311
1764 -5.4354730124891297 7.7798657848268897 13.554016733463566 94 89 88 0.48077291830713209 12 1874 13 1155 14 2928
1765 -5.1477157189136324 7.6171116672993282 13.197499408715306 98 92 92 0.48031385867094151 12 881 13 1156 14 1493
1766 -5.0793861893331087 7.5800373926813851 13.503909671568236 101 100 98 0.43261771574534152 12 878 13 1158 14 2365
1767 -4.5286118316847697 7.624481909008221 13.412259809296559 114 110 109 0.68456059931724067 11 1385 13 1171 14 2460 12 1886
1768 -4.1702757653045284 7.4532094195088723 13.686193110865911 42 37 33 0.5018683132134828 10 691 13 1177 14 2372
1769 -3.8472739340325561 7.4583223139218342 13.89099526196809 96 91 87 0.59437082846983058 10 698 13 1183 14 1366
1770 -2.8502475174554616 7.5210314157174851 14.2564470470289 80 72 69 0.53852788553309749 12 923 13 1202 14 1536
1771 -2.6118592732148747 7.3623626724958031 13.684085187592608 82 74 71 0.73329099232038641 10 719 13 1205 14 1540 12 925
1772 -2.6127616083808896 7.443158049877499 14.304052251131473 108 105 106 0.89019367766045188 10 715 12 807 13 1208
1773 -2.2146791741299801 7.563152338659985 14.312478329656757 120 114 114 0.28598577966453959 12 941 13 1221 14 2486
1774 -2.009297050542274 7.505535494413091 14.691861107779923 45 41 40 0.095979226197555653 2 716 12 817 13 1225
1775 -0.79694206969602166 7.4673680322327689 14.944312926548323 101 95 95 0.49541891121933351 12 837 13 1257 14 1575
1776 -0.40580353228696098 7.4564794768064795 15.21768939017001 73 72 74 0.45855478595844201 12 845 13 1262 14 2418
1777 0.25999762930862863 7.9909218471322916 16.683967773630606 33 23 15 0.10875465623636825 2 669 1 1243
1778 -5.9714084718797285 7.693919499219029 12.371229595081804 93 88 84 0.16774505029666384 12 974 13 1284 14 2530
1779 -5.8590315400205712 7.7077448436041518 12.316152923449959 89 81 78 0.44861172280430495 12 1994 13 1295 14 1603
1780 -5.5850173952544662 7.6449002418557059 12.343528557416045 38 33 30 0.3822095075180208 12 981 13 1297 14 1610
1781 -5.4185429370528508 7.6781080670055672 12.893664798662103 101 95 95 0.17071088913565682 12 982 13 1300 14 2446
1782 -5.2087885871260049 7.6540317542571676 12.653493046396559 50 45 42 0.34275621090652408 12 990 13 1306 14 2540
1783 -5.1007346672563179 7.616668569844161 12.516204856364171 102 97 94 0.51247506973399226 12 993 13 1308 14 1625
1784 -4.1188783406664227 7.5682302845623264 13.10545246853647 48 44 43 0.32422869184324277 12 1011 13 1323 14 1641
1785 -3.3896805292789072 7.4885687972469901 13.30122712923443 95 89 89 0.67084629286392006 11 803 12 1027 13 1340 14 1659
1786 -3.3352514757173779 7.5463161025670242 13.353869114557401 104 98 98 0.63492410723415882 12 1029 13 1342 14 2566
1787 -3.0319803020596581 7.4424875488000275 13.268200095508103 45 39 39 0.47223172279387665 12 1041 13 1353 14 2571
1788 -2.2684390818673124 7.5702064594948117 14.055204017170372 46 42 41 0.11970636520701848 12 937 13 1374 14 1553
1789 -1.3129783575544594 7.5591171290579142 14.020389897777234 117 113 112 0.23649620443329353 12 1088 13 1398 14 1725
1790 -1.4673204765947376 -16.788747700128447 33.933951849400415 57 47 45 1.0880020867488025 9 43 11 1041 13 1622 14 1781 15 1723 16 1665 18 2046
1792 -1.8594905651548612 -16.392127699553829 34.92928771532047 47 36 32 0.81080703276769495 9 801 13 1628 14 7 15 1730 18 1479 19 25
1793 -10.46032780658753 -1.4250222549375107 30.540206387418756 82 79 75 0.967888275234149 2 1442 11 128 13 1644 14 1802 15 1745 16 1692 1 1300 17 1622 18 1488 19 66
1794 -10.530102211303818 -1.4345504860848997 30.719682767711806 82 79 75 0.88613998293542839 2 1443 11 127 12 55 13 1645 14 1803 15 1746 16 1693 1 1301 17 1623 18 1489
1795 -2.7966497367854175 -1.8522787639185916 35.472928733081012 94 59 23 1.4018171169845637 10 1056 11 1104 13 1649 2 1445 14 2645 15 41 16 1696 18 1494 1 68 19 1310
1796 -10.443358408824556 -0.64459756571678239 29.758623669141258 114 114 114 0.99178620088842551 11 1105 13 1659 14 1807 15 1752 16 2460 1 1306 17 2338 18 2068 19 1975
1797 -10.208785168179382 -0.79831895125734487 30.398716469012502 117 117 119 0.73989944837917976 11 1100 12 58 13 1661
1798 -7.2315528134689133 0.70774888649257606 23.357232026720165 130 128 131 0.90872283167480905 11 1135 13 1685 2 1472 14 1851 15 2608 16 2474 17 2665 18 2322
1799 -1.4104990901410939 1.056810457609952 22.653878152519997 90 95 101 0.79623375487315184 11 1149 12 1400 13 1694 14 1859 15 1804 16 2489 1 1352 17 2380 18 2098 19 1796 20 1279
1800 -2.4660580822808273 1.2788488880833841 21.58636506077271 127 131 138 1.4434762848029754 10 1113 13 1703 14 2688 15 2622 16 2498 1 1837 17 2377 19 2010 3 1291
1801 -1.6229943221495537 1.4391119043512057 22.459068537356586 79 81 85 0.96430590043268727 3 870 9 295 13 1706 14 1875 15 1819 16 2500 1 1366 17 2391 18 2109 19 1803
1802 -1.0865137687961468 1.2054721641946862 22.834452859893723 100 100 107 0.94114648078469043 11 200 12 120 13 1707 14 1861 15 1820 16 1760 1 1370 17 1697 18 2100 19 1798 20 921
1803 -0.86028037695528869 1.2318684161466293 23.516038176891087 150 153 158 1.2211745072665985 11 1154 13 1710 2 1016 12 2274
1804 -5.0998808445272212 2.2720831783130917 19.036862430473491 96 92 89 0.20011916882121528 11 1169 13 1726 14 1895
1806 -4.9341254612425001 2.8399700479717871 18.965570339830851 59 54 55 0.57744488510655823 11 1177 13 1741 14 2715 15 2647 16 2520 18 2353 19 2027
1807 -4.6639268796646114 3.248686533777787 19.403291340834937 57 57 59 1.3698005538113762 10 1138 13 1753 3 1325 14 1910 15 1860 16 1816 1 1400 17 1740 19 1833
1808 -4.8669813042672514 4.1432369847190973 19.386033114513857 81 79 84 0.30064489379718584 2 229 13 1771 14 1935
1809 0.0397737872726096 6.2748394681459141 26.732531434125892 19 16 17 0.98536508315424054 9 968 13 1778 14 2739 15 2673 16 1839 17 1757 18 2379
1810 -5.5195139101899704 5.3986930135502567 17.875549892024061 58 49 40 0.44151056298596297 11 1223 13 1783 14 1942 15 2677 12 2355 16 2841 17 1767 18 2150
1811 -4.7135533845237019 7.2315274591973449 21.454211896391733 54 50 47 1.7048306549426846 11 362 13 1792 19 1878
1812 0.57900865683327085 6.7555870556623914 21.045662394317787 128 132 135 0.65838811514677364 3 977 13 1797 14 1952
1813 -3.7457685562833567 7.3362162566288038 19.566692128499479 96 94 95 0.57194534918421058 2 322 13 1802 16 2560 1 1450 17 2464
1814 -7.3579506964087757 7.6794624497464206 17.139416530707518 33 23 14 0.68979819608339266 12 359 13 1834 14 1986 15 1972 16 2003
1815 -5.5886482518610867 7.6893960072999805 17.470433689209671 47 42 39 0.67155032752329202 11 1278 13 1846 14 2052 15 2047 16 2022 1 1510 17 2059
1816 -5.7171754362118765 7.8347696534654139 17.738664813634397 47 42 39 0.55340509693179041 2 467 13 1847 16 2021 17 2058
1817 -3.4386882529517244 7.4936111575818867 17.831710172259196 54 50 51 0.50132284710337749 2 1179 13 1853 14 2068 15 2081 16 2049 17 2101
1818 -7.6860596588451875 7.7336071898768548 15.878412710313571 75 64 58 0.46031935931610424 12 1667 13 1882 15 2754 14 2035
1819 -7.5379521209313705 7.7609817160836663 15.818168014515035 80 69 63 0.8127315513400144 12 1670 13 1883 15 2109
1820 -6.604907677677951 7.7884501974934137 16.316956479664629 43 35 32 0.72257845537556575 12 558 13 1889 14 2112 15 2121 16 2087 17 2156
1821 -5.9213757711242314 7.6813526859157726 17.038066107449016 106 102 101 1.0947875860310754 11 511 13 1900 14 2042 15 2733 12 2405 16 2598 1 1509
1822 -5.4846309951298249 7.7669956350700744 16.928993890886481 49 43 43 0.86444404019957177 11 519 12 1635 13 1906 14 2049 15 2148 16 2629 1 1566 17 2179
1823 -4.9279040939032388 7.4703707314328121 16.656396584086608 43 37 37 0.31546382143560309 11 1300 13 1907 14 2059
1824 -4.7061418458042832 7.6082582275640478 17.324740269222456 117 113 112 0.56815813326465558 12 465 13 1909 14 2062 15 2060 16 2633 1 1527
1825 -4.7445782207683598 7.6634543832708459 17.44219131493017 117 113 112 0.683273052906478 12 464 13 1910 14 2061 15 2059 16 2632 1 1526 17 2544
1826 -3.1676983763067699 7.4565667820841712 17.581352552305894 53 50 48 1.3321316936432297 3 423 13 1917 10 542 14 2070 2 428 15 2742 16 2643 12 1651 1 1970 17 2780
1827 -3.1381383639493143 7.4067792724964034 17.447409622538189 53 50 48 1.2366048895685655 10 543 13 1918 3 422 14 2069 12 1652 16 2644
1828 -2.129855511490867 7.4657450975254527 17.547046465420941 116 114 115 1.3504873948936957 12 489 13 1921 14 2148 15 2785 1 1972
1829 -0.35917922240294781 7.1337416411525831 17.722007122256169 53 51 56 0.81372088336283888 2 444 13 1925 14 2082
1830 -0.1072939027324353 7.3616061910791544 18.36517651658416 49 49 51 0.62778343765455258 11 490 13 1927 15 2750 16 2653 17 2796
1831 -7.4990523920851357 7.7931235105899717 15.70275804106287 42 33 26 1.016755601379699 12 1668 13 1937 14 2804 15 2756
1832 -7.4932631015552307 7.9182316834352422 15.691188151051911 49 42 36 0.56257958705857081 12 547 13 1938 14 2097 15 959
1833 -5.9850281811152453 7.8086492908461773 15.522206751445612 33 27 25 1.006145707101614 12 669 13 1949 14 979 15 2253 16 2319 1 1616
1834 -5.9030270299184719 7.8137129681122737 15.662940029831539 45 37 35 1.0395800030296967 12 670 13 1950 14 2194 15 2793 16 2886 1 1618
1835 -5.4831349442575545 7.797980934056933 15.896229332001477 40 34 34 1.044347425090115 12 578 13 1951 15 2256 14 2196 16 2686 1 1621
1836 -3.6713838440417783 7.406416707403662 16.256640469026138 57 53 54 0.10232948698322186 10 579 13 1956 14 2132
1837 -3.4337745940011644 7.4363700398134789 16.319474428669725 42 40 41 1.2051164394843277 12 593 13 1958 14 2136 10 1236 15 2178 16 2669 1 1583
1838 -3.675607274534832 7.7477985884522598 16.810771610884995 108 104 105 0.74290181610938699 3 1067 13 1959 15 2281 16 2251
1839 -2.4843123027020817 7.5065534364172706 16.327049532617746 53 49 50 0.39425135373144676 12 603 13 1964 15 2805
1840 -1.4287145420325393 7.4757254100838395 17.025322631607505 50 49 49 1.3619597938817289 2 1217 13 1969 14 2149 15 2306 16 2279 1 1598
1841 -1.4987096050649797 7.3442475605728816 16.620263313418441 63 63 63 1.2972696837591473 12 1701 13 1970 14 2838 15 2807 9 509 16 2706 1 2000
1842 -1.2944090297485611 7.4504587543715095 16.999838361096852 46 46 46 1.2807298354630401 2 530 12 619 13 1972 14 2225 15 2308 11 548 16 2281 1 1604
1843 -1.3092246693529375 7.4770355339783769 17.03091880929675 46 46 46 0.70519449316700289 2 531 13 1973 14 2226 15 2307 16 2282
1844 -7.3925728421100789 7.7709554617423073 14.746863423356823 44 35 31 0.38800676926625255 12 1731 13 1985 14 2177
1845 -6.6987893405064334 7.8000369780383938 14.994571733792966 45 34 32 0.73839934842351662 12 1735 13 1987 14 2183 15 2239
1846 -6.6987893405064334 7.8000369780383938 14.994571733792966 45 34 32 0.73839934842351662 12 1734 13 1988 14 2184 15 2238
1847 -6.6822607989500389 7.8332858703758381 14.728734337485543 94 89 85 0.50742984720851902 12 656 13 1989 15 2343
1848 -6.3740832969470027 7.7541384127309865 15.098843813557261 93 85 82 0.67345079437330879 12 1737 13 1990 14 2827 15 2240
1849 -6.289129151761867 7.7832119022312289 14.538752149454801 93 88 85 0.70585222041699791 12 1797 13 1991 14 2264 15 2818
1850 -4.1599296765614167 7.5381107653543813 14.860187650638499 54 52 53 0.32904081934603036 12 682 13 2005 14 2283
1851 -3.9705002388790001 7.5311419020763211 15.278864495045998 42 34 31 0.60164646320038662 12 1757 13 2006 14 2833 15 2833 1 1673
1852 -3.8869469745949741 7.5612281463417252 15.489479680346605 51 45 44 0.66817841610015416 12 1758 13 2007 15 2834 1 2217
1853 -3.9498184080819434 7.684734501713085 15.269260180199026 38 33 30 1.5046611292933825 2 1290 11 1331 13 2008 14 2865 15 2835 1 2040
1856 -2.0336569436056022 7.4413202325054568 15.983558323470723 52 48 48 0.71430255211737459 12 697 13 2024 14 1050 15 2386
1857 -1.0301141843035231 7.4737981358954109 16.658401527918222 55 53 54 1.5030742666958077 12 1709 13 2028 14 2841 15 2808 16 2709 1 1640
1858 0.37710698280648408 7.3255339208224663 16.755774921918135 61 59 60 1.0701236230383198 3 1044 10 598 13 2035 15 2810
1859 0.40212948519388297 7.7772242967401306 17.35012688440445 73 73 75 1.7723102200761189 12 722 13 2038 1 1650
1860 0.47802900510289492 7.4232099842997226 16.344679864880288 67 65 66 0.73060441602071791 12 1779 13 2042 14 2880 15 2851
1861 0.82190810010064808 7.4226651467696314 16.481555936347725 44 39 37 0.34277444459230366 11 611 12 1780 13 2046 14 1272
1862 -6.6010325904529585 7.8008814708078136 14.296744230828653 55 51 48 0.66760793908174887 12 740 13 2063 14 2259 15 2860
1863 -6.6438544231571299 7.8145141426511566 14.230861499948237 99 94 91 0.80158338909706039 12 1792 13 2064 15 2859 14 2258
1864 -6.3131747819718953 7.7411201566074652 13.703979427364569 92 87 84 0.4795251906229494 12 1793 13 2067 14 2351 15 2861
1865 -6.293217792835919 7.7349179962293659 13.964988571005689 52 47 45 0.30496134587185197 12 1795 13 2070 14 1297 15 2437
1866 -6.2289642655304078 7.6693969377446622 13.839119349602225 52 47 45 0.24689663190221048 12 1794 13 2071 14 1298
1867 -6.0694447344251179 7.8652355502879443 14.402112644651369 37 32 29 1.1564701125000441 12 1799 13 2073 14 2266 15 2441
1868 -5.9183119797058517 7.6903207988562468 14.07256632521826 37 32 29 0.94500061595624907 12 1800 13 2074 14 2267
1869 -5.3140053228004716 7.6323728242483719 13.821953950233549 105 101 100 0.30956928752337909 12 1805 13 2081 14 2892
1870 -5.3235792403208171 7.7719908672854361 14.241917702128207 103 102 100 0.51674799705272301 12 1809 13 2082 15 2866
1871 -4.1435613195147711 7.5935646781210187 14.699985617854399 44 40 39 0.52656964895881286 12 775 13 2089 14 1185 15 2465
1872 -3.9577312442505446 7.5786934149903438 14.746491919005054 50 46 45 0.49125742744966178 12 783 13 2090 14 2292 15 2472 11 625
1873 -3.987140415411218 7.6257778286482694 14.831419834305093 50 46 45 0.40634853952270911 12 784 13 2091 14 2293 15 2473
1874 -2.5003097969897827 7.5550894335769954 15.218115699174582 52 50 51 0.65489440191590109 12 2455 13 2097 15 2873 2 1621
1875 -1.6663021787298693 7.551701386850123 15.181584976176387 39 35 36 0.36546458645716673 12 822 13 2106 14 2406 15 2508
1876 -1.6122196930258399 7.4151107943077488 14.914060291742992 39 35 36 0.70236669426665177 10 671 12 823 13 2107 14 2405 15 2509
1877 -1.3885087166303045 7.4261114446808074 14.950507757696775 42 38 39 0.35386527813218382 11 653 13 2109 14 2909
1879 -0.32840820906204299 7.328929745072859 15.704456698680493 57 55 56 1.2899914587428043 2 664 13 2119 14 2319 15 2518
1880 -0.25864203384423295 7.4351064495839623 15.831797493800126 111 109 110 0.75470983601174579 2 1278 13 2121 14 2320 15 2519 12 717
1881 -0.40661447835351389 7.4190807787236634 15.400346713308053 52 50 51 0.54009508129630401 11 670 13 2123 14 2416 15 2517
1882 0.24942758472845358 7.4176997166182668 15.891305240079356 60 56 57 1.1465147401678168 11 603 13 2127 14 2423 15 2525 2 1279
1883 0.1802684979561677 7.6804861220239298 16.412471439153553 111 107 108 2.0093551683085988 2 1606 11 1324 13 2130 14 2918 1 2051
1884 -6.6669667278903697 7.7443294936163891 13.36299546368503 99 94 92 0.74736380047307527 12 1853 13 2140 14 2345
1885 -6.2253684058897614 7.7018091995094329 12.845110416597116 43 37 38 0.50622146510215671 12 1928 13 2145 14 2435
1886 -6.0362597049856914 7.6874071820529108 13.363633857863388 108 101 99 0.71517557266765941 12 1860 13 2154 14 2353
1887 -5.6515430127831534 7.6821697305565495 12.999192875590905 85 79 77 0.35671752473797436 12 1940 13 2159 14 2926
1888 -5.5207332301142387 7.6607262073415487 13.185268625885042 47 41 41 0.27731123616562869 12 873 13 2161 14 2443
1889 -4.3786802760553396 7.6036415624513953 13.60172923072755 64 63 63 0.39415564222343419 11 791 12 894 13 2173
1890 -4.0009331796729137 7.4940298778768746 13.944014724091639 97 92 91 0.35286203587585585 12 1819 13 2178 14 2900
1891 -3.739283068747616 7.5614243209588636 13.85585822407049 36 32 33 0.38360125375980081 12 909 13 2182 14 2467
1892 -3.4569559674512393 7.4122592234226916 13.482212302493842 107 103 103 0.91145635961882299 10 705 11 1397 13 2183
1893 -2.9019281406772617 7.4265710299560048 13.787110878087411 46 41 36 0.55889224522504055 12 1905 13 2188 14 2474
1894 -2.4560452992861093 7.4782733693955539 13.969177638659811 35 29 29 0.22350003819701728 12 934 13 2195 14 2482
1895 -1.8750279900682734 7.4675971253892444 14.590377833215651 52 48 47 0.834378632355123 11 649 13 2202 14 2403
1896 -1.1902659033124892 7.4942381433217857 14.882904093148682 123 119 120 0.43717158641327725 12 830 13 2211 14 1569
1897 -1.066349976835298 7.3736316341180288 14.442999279769596 108 104 105 0.67278246698808308 9 568 13 2213 14 2508
1898 -0.093617238924247309 7.5382731004409331 15.457161745657372 40 39 37 1.1332152623192886 3 1080 10 1247 11 672 13 2218
1899 -6.3436119582959556 7.737777028272939 12.797518210305713 45 39 36 0.38798252528688537 12 1927 13 2229 14 2433
1900 -5.5964866064969785 7.656753362002906 12.460790833715771 112 106 106 0.62712253058951006 12 1939 13 2239 14 2536
1901 -5.3989578663569011 7.6634586809139735 12.758277397670451 44 38 38 0.06952059839677667 12 1941 13 2243 14 2969
1902 -5.1121800501070691 7.6467523534418662 13.032259296801978 102 96 96 0.30455244679110866 12 1949 13 2248 14 2451
1903 -5.1168762033706887 7.668671696183238 13.166870236502618 41 32 33 0.52357453813794896 12 1948 13 2249 14 2452
1904 -4.4517173064953131 7.5908869091652118 12.89770585709087 39 34 31 0.37134409469876223 11 1421 13 2258 14 2556
1905 -4.4794138023373069 7.6470745128104145 12.872791335598611 84 79 76 0.27194686342249741 12 1954 13 2259 14 2974
1906 -4.068346551167064 7.6494159630351257 13.327017609021947 52 48 49 0.37371543092602888 12 1014 13 2264 14 2561
1907 -3.6564997388129927 7.5482344841308668 13.428694176741315 46 41 45 0.5426514445240973 11 1396 12 907 13 2269
1909 -2.2152136083390834 7.5274092866419364 13.70818804469279 45 41 40 0.25960590545039502 12 1977 13 2284 14 2984 13 2738
1910 -2.0966123208616136 7.631073739476995 14.091425494730494 108 104 103 0.25727724538143742 12 945 13 2287 14 2986
1911 -2.0143458259960298 7.4323740050423019 13.728562898900144 108 104 103 0.44958200933824016 10 724 13 2288 14 2985
1912 -2.2020968731883657 7.5228282971211815 13.494429802517317 111 107 106 0.41159652799145879 11 1409 13 2289 14 2586
1913 -1.9730193677447008 7.5801118423695355 13.876410078259211 40 36 33 0.25152795376169684 12 1077 13 2292 14 2592
1914 -1.8339006542241831 7.5921877234996078 13.745287524161871 44 40 37 0.25619187516753955 12 1983 13 2294 14 2987
1915 -0.98277939774712353 7.4639083961500772 14.013641589071456 57 53 52 0.36982804382484946 10 738 11 765 13 2301 14 2607
1916 -0.98512565643843009 7.4644282860770756 14.009664605864259 57 53 52 0.481884810036531 10 737 12 1094 13 2302 14 2608 11 766
1917 -0.54650510202537261 7.3242119348695196 13.861758407988326 29 15 11 0.6169643487882267 10 739 11 771 13 2303
1918 -5.8978741946179909 7.6971689512460753 12.217711886033969 43 38 34 0.41970118181200883 12 1992 13 2310 14 2531
1919 -4.4447222662827235 7.6282008899017812 12.348219319426505 100 93 91 0.48451983645295948 11 912 12 2017 13 2326
1920 -2.3686597175086455 7.4398876519253285 12.63648761343333 112 108 106 0.46269077097511424 9 659 12 2537 13 2360
1921 -1.8601782756348348 7.5590492972336003 13.570775697816197 110 107 102 0.42213274495683201 12 1984 13 2366 14 2597
1922 -4.2332415758864723 7.5890262033115565 12.104548629279572 47 42 39 0.62817034952961204 11 1460 12 2023 13 2401
1923 -10.351088785146683 -0.89876332040089468 29.650413449950097 108 106 107 1.0087351862133092 11 1099 12 2231 13 2480 14 1806 15 1753 16 64 1 1304 17 69 2 81 18 1496 19 1314
1924 -9.3287815258810678 0.0088662104833294904 25.686700433963299 114 110 107 0.96533004795978439 11 1592 13 2488 14 3034 15 2592 15 2943 16 2768 17 2646
1925 -4.4690283786993747 0.25857983594984474 25.928991920335669 112 111 119 0.73110494846571827 11 1118 13 2492 14 2673 18 2310
1926 -4.4690283786993747 0.25857983594984474 25.928991920335669 112 111 119 0.73110494846571827 11 1119 13 2493 14 2672 18 2309
1927 -8.3870864682622841 0.49151766222996618 25.187296687295024 132 131 129 1.143249958718932 2 1705 11 1593 12 2254 13 2499 14 2665 15 2949 16 2775 1 2115
1928 -4.9764699479155405 1.7646901616595343 19.584738814863506 83 81 84 0.79870969167299211 11 1157 13 2530 14 1883 15 1824
1929 -5.529449067078974 2.4724801142423178 18.63293185754533 77 68 63 1.1137979856500977 2 1497 12 2295 13 2541 14 2714 15 2985 10 1533 16 2508 17 2709 18 2349
1930 -5.3758873832247875 4.384153658681524 19.258731611119408 8 0 0 0.38277562580691299 11 1858 13 2569 15 2671
1931 1.0350484093105785 6.2691992487979276 26.772632764475937 61 41 27 1.447122916484787 9 397 13 2574 16 2839 11 1650 1 1903 17 2858 18 2490
1932 0.53428151207785479 6.3223771739487766 25.874866410417091 56 56 58 1.0436669181820526 9 973 13 2577 14 2743 12 222 15 2676 16 2544 1 1904 17 2740 18 2380 19 2042
1933 -0.19781815353966622 6.7511381315426364 22.434788665435672 108 109 111 1.6802308370165959 2 1104 12 2361 13 2585 14 2750 15 2685 16 2845 11 348 1 1432
1934 -6.8958442669331435 6.6948766600245326 17.499064343342756 51 38 30 0.92103001425753217 12 2843 13 2588 14 3117
1935 -1.7414869082564666 7.2761292451952349 19.702485355010818 105 105 107 1.4076998808981691 11 1669 13 2608 8 1170 3 1571
1937 -2.2232078273973945 7.3154453135155579 18.472994796999199 104 102 103 0.85140501208421193 3 1023 13 2618 10 516 15 3047 17 2867
1938 -6.3891082608717547 7.733672468974885 16.097260736698832 89 82 79 0.79603788669224207 12 2419 13 2627 14 2808 15 3061 16 2871 1 1988
1939 -6.1406826990635732 7.4762073729620528 15.5539068561334 89 82 79 0.55275061887043697 12 2420 13 2628 14 2809 1 1987
1940 -6.7740205783096386 7.8116335834068185 15.99823736562575 39 31 28 0.59664137346543289 12 1678 13 2643 14 2111 15 2761 16 2204 1 1986
1941 -6.8017465897943499 7.8408250088287321 15.883811986186359 97 89 86 0.64020388896144187 12 1677 13 2644 14 2807 15 2760 16 2870 15 3060 1 2209
1942 -6.2812238019382267 7.7946949939114871 16.098043261854361 47 42 39 0.99442544542124722 12 2421 13 2645 14 2810 15 2763 16 2662 1 1989
1943 -5.2432660955080053 7.7371122131264505 16.091996469728173 105 99 99 0.86279045575968571 12 2422 13 2647 15 3070 16 2983
1944 -1.140258801789571 7.4599196240533381 17.136775773694211 61 59 60 1.0451668345492053 2 1593 12 1707 13 2649 15 3072 16 2876
1946 -7.0074021023428248 7.7116280787365152 14.124711508752224 81 73 70 0.57985750009677661 12 2446 13 2659 14 3145
1947 -6.5036781714839869 7.8902501352971814 15.205280276631754 38 28 26 1.0677805924534252 12 2433 13 2661 15 3074 16 2883 1 2214
1948 -0.90109308944335298 7.3584926593562541 15.861703618322334 60 56 57 0.70418733546831902 2 1243 13 2667 14 2872 15 3081 12 2439
1949 -5.9720488011660482 7.698145425719038 13.661842662008887 49 45 44 0.5595353463202356 12 2469 13 2679 14 2889
1950 -5.8377310227686916 7.8148807002214973 14.582062085502395 43 39 38 0.88525922969451543 12 2448 13 2680 14 2860 15 3085 1 2220
1951 -5.5586120670030139 7.7098315865139018 14.500111632834928 44 40 39 0.94377577040923666 12 2449 13 2681 14 2861 1 2062
1952 -5.5042054695114633 7.8681722790149369 14.409847430455594 64 63 61 0.91730136507353921 12 1807 13 2682 14 2893 15 2447
1953 -5.2874092875527214 7.7829912635085146 14.346724775449525 55 51 50 1.0103774995111037 12 1810 13 2684 14 2897 15 2868 1 2067
1954 -3.0340614087288689 7.4177760198631262 14.486684921849657 103 99 100 0.41389505265857135 12 2454 13 2686 14 2903
1955 -0.31227534202328011 7.5111676817448041 15.781542385131273 56 54 55 0.27493515518752876 12 2457 13 2692 14 2916 15 2523
1956 -6.2293727428226271 7.693229864285148 12.948459062440444 93 87 87 0.47618066946313875 12 1859 13 2696 14 2923
1957 -3.4509266545714277 7.4524074497830561 13.716360565463729 52 48 47 0.55860237836621651 10 1275 13 2707 14 2940
1958 -5.9402735167924021 7.6817680664134702 12.425672773733952 42 36 32 0.43819597927786019 12 1935 13 2723 14 2965
1959 -5.9402735167924021 7.6817680664134702 12.425672773733952 42 36 32 0.43819597927786019 12 1934 13 2724 14 2964
1960 -5.5005452744767362 7.6875424786616104 12.757275810579433 96 91 88 0.41274243256268045 12 2495 13 2725 14 3177
1961 -5.3764332278185618 7.6373126435492544 12.372670194282762 93 89 88 0.35681211213970254 12 1943 13 2727 14 2966
1962 -4.8091911321645284 7.6034981628615963 12.766513299299769 52 48 47 0.37543566808379297 12 1951 13 2730 14 2972
1963 -1.308498603289258 7.4496232055874749 14.167793801675868 106 102 103 0.32640285995657886 11 1729 13 2741 14 2504
1964 -2.588616268256696 7.6032090566933519 12.911171962342936 101 97 96 0.42239530193217811 12 2534 13 2769
1965 -6.8098715253342439 -3.1745413863319758 38.096370604928943 24 6 10 0.95980225933179952 2 1689 3 1499 11 1816 13 2818 14 3009 15 2916 16 2742 1 2100 17 2623 18 2286 19 1971 20 1106
1967 -9.1985454852525006 -1.303612122481864 31.396910683394658 130 131 133 0.57881696305498154 11 1584 13 2823 14 3016 18 2291
1968 -4.8339780057761148 1.7186703148409341 19.689502814035972 118 116 119 1.2068996211127498 2 1487 12 2637 13 2856 14 3070 16 2931 1 2135 17 2694
1969 -3.188867231805137 3.5533789033068501 21.109725136744697 44 29 27 1.3027879522893542 2 1749 13 2885 14 3102 16 2946 1 2156 17 2847 18 2485 19 2129 19 2200
1970 -2.3305236979107802 7.1447026982065038 20.894795648157732 47 45 46 0.51051053846079908 3 1369 10 1575 13 2902 14 3120 16 2849 17 2757 18 2394 14 2756 19 2053
1971 -2.3222294440342854 7.1114743030870082 20.812307718553598 47 45 46 0.26719855932864861 3 1370 13 2903 10 1576 14 3121
1972 -4.2600556832765957 7.303185338053555 20.345688324634772 40 39 37 1.3608961295679858 11 1885 13 2908 14 3245 18 2569 19 2273
1973 -4.2888075932015788 7.3847116853559607 20.073372526091799 77 76 74 1.5459893836545955 3 1377 10 1579 13 2909 14 3119
1974 0.045801626921381504 7.1767071457885852 19.292654967223775 76 74 77 1.8410853974996153 2 1779 13 2913 15 3050 1 2196 17 2777 14 2019
1975 -8.1304064175712529 7.8149952862466234 16.231659341752351 46 33 25 0.94848507796066306 12 2404 13 2916 14 3131 15 3053
1976 -5.6300493639654867 7.7327160604638694 15.147194840091331 99 93 93 1.1484896355373455 12 2857 13 2924 14 3259 1 2396
1977 -5.6618506538291395 7.771741602189306 15.224099841446833 99 93 93 1.0234004247460777 12 2858 13 2925 14 3260 15 3244 1 2395
1978 0.3031579518274603 7.6298932956411214 16.636244254455011 111 108 109 2.1778644521949961 10 1249 13 2939 1 2050
1979 -5.2188122902820133 7.6442479387683777 13.157442902949866 35 29 29 0.29073364565204335 12 2472 13 2943 14 3164
1980 -5.2188122902820133 7.6442479387683777 13.157442902949866 35 29 29 0.29073364565204335 12 2471 13 2944 14 3163
1981 -0.17871848666125451 7.0527593330818981 14.000375751000625 90 89 87 1.5330298106251219 2 1805 13 2946 14 3170
1982 -6.3557227690450562 -0.38344186480766612 28.460995454761068 68 66 67 0.53658708755087836 2 1843 11 1961 13 2994 14 3209 15 2945 16 2914 1 2250 17 2817 18 2527 19 2173 20 1363
1983 -6.9834443546705138 0.57317009320368961 24.099407796340046 138 139 144 0.62414846213453168 11 1973 12 2797 13 3001 16 3009 17 2894 18 2532 19 2242
1984 -3.5998559978191933 3.3091854562451273 20.545804154150243 106 100 99 1.3413709719891966 2 1870 12 2811 13 3024 1 2271 19 2258
1985 -3.3868046144658459 3.173583891866524 19.583192763020161 106 100 99 0.9893542089809243 2 1871 12 2812 13 3025 1 2272
1986 -4.6981868442704533 4.1611716917412798 19.723707737813204 6 2 1 0.83381475116183135 2 1878 12 2824 13 3031 14 3241 15 3226 16 3037 1 2361 17 2919 18 2614 19 2209 18 2555
1987 -2.7491291888017977 7.144789424365924 20.805479833764153 111 109 110 0.3105664851396529 11 2008 13 3046 14 3314 16 3093
1988 -4.4871705338874772 7.2290388460512895 19.265511351712053 52 48 45 0.43912074803355611 10 1781 13 3047 1 2381
1989 -2.0725837529764211 7.3924175118557436 19.781512177973301 47 44 48 1.105860040229337 2 1980 12 2848 13 3050 14 3248 3 1577 1 2386
1990 -6.8178765518007554 7.7727792153871462 14.197791554193289 91 86 83 0.65617900079219227 12 2739 13 3060 14 3261 15 3183
1991 -6.1687325210808304 7.7903870191519236 14.804112994424946 84 76 74 0.58505331140564687 12 2856 13 3061 14 3263 15 3184
1992 -5.7376747005605608 7.7134338552133963 14.588779167150326 103 98 95 0.92770704213517607 12 2741 13 3062 14 3264 15 3077 1 2318
1993 -5.7376747005605608 7.7134338552133963 14.588779167150326 103 98 95 0.92770704213517607 12 2740 13 3063 14 3265 15 3076 1 2319
1994 -6.1826880422351964 7.791466320419552 14.283871702105211 55 50 49 0.69249527757119733 12 2864 13 3067 14 3262 15 3189
1995 -4.759706353926588 7.7107083553022608 13.119236379018131 32 24 22 0.50856658351358108 12 2871 13 3072 14 3275
1996 0.18327671517364549 7.0337139994033313 20.709256851779372 120 121 125 1.3388558428377568 2 1978 13 3111 12 2920 14 3315 18 2662
1997 -0.28472164314314641 7.4750520512697678 15.30426386724382 92 88 89 0.26927241656607825 9 1557 13 3129 14 3333
1998 -3.018767216611677 7.5412762201551571 13.556648565057566 66 60 60 0.07462108192885171 12 2873 13 3131 14 3340
1999 -4.1153992492597604 2.0423937498305849 19.84102079884039 52 39 31 1.2950846621316947 3 1830 9 1812 13 3150 14 3364 16 3124 19 2289
2001 -6.5614599711940205 6.1749223259214254 18.145484173005482 52 35 27 0.76438685802961748 12 3051 13 3214 14 3420 15 3329 16 3170 17 3036
2003 -7.1615946749117265 0.48311565237016335 24.985252073785585 125 124 129 0.94056721658401943 2 2129 11 2268 12 3044 13 3231 14 3439 15 3364 16 3177 1 2515 17 3050 18 2714 19 2354
2004 0.37176243082564597 0.69502420675006393 24.760001871609056 174 184 194 1.551224623643662 11 2159 13 3232 14 3405 15 3311 1 2497
2006 -5.1634572418246298 7.5933329007584822 13.644516847389497 97 96 94 0.8519525932604447 12 3069 13 3258 14 3462
2007 -7.2423932450797022 -6.9331174885270723 40.231224494139198 98 75 52 0.96468913001531176 2 2177 10 2275 11 2316 12 3071 13 3260 14 3469 15 3375 16 3190 1 2528 17 3066 18 2719 19 2359 20 1560
2008 -6.3549698772418717 6.9618866062154128 18.734335276824151 1 1 1 1.1721729066139375 12 3101 13 3282 14 3487 15 3392 16 3208 17 3081 18 2739
2009 -3.7741352737728082 7.4847391002961636 16.926221937011192 103 102 102 1.932630122461156 9 525 2 1205 13 1913 9 507 10 578 11 538 15 2164 16 2139 1 1578 17 2575
2011 -2.4056322506356067 1.5495488149785885 21.513356052136938 118 123 127 1.2429983487393588 3 1300 11 1163 13 2531 10 1517 11 1605 12 2287 2 1722 14 3065 15 2631 15 2968 16 2499 16 2927 1 2137 17 2827 18 2464 20 1286
2012 -3.6894971157787908 7.3997038764181111 18.582395310696331 103 102 104 1.2004610810339598 11 2112 12 2927 2 2044 13 3115 10 1903 9 1669 3 1784 14 3320 15 3288 16 3102 1 2384 17 3013 18 2664
2013 -6.5121169767338181 0.32420488625137711 25.20935779017935 114 115 117 1.5371692735669489 2 111 12 91 13 96 14 115 15 111 16 1746 1 119 13 95 17 1655
2014 -1.6632113869795655 1.0585408536304781 22.541017527034111 106 112 120 1.010225826822309 2 150 13 137 14 169 15 163 1 177 17 1692 18 1549 19 1371 8 178 20 920
2015 -1.6494094338293677 1.0455326838856112 22.338465763386615 106 112 120 0.93553853964484812 2 151 13 138 15 164 1 178 8 179
2016 0.2414791725255816 0.96108304870033479 24.085201724323323 101 106 112 1.0073401776676252 2 163 12 127 13 147 14 179 16 1768 1 1354 17 1683 18 1554 20 913
2018 0.8468685928997709 7.2836276508978735 17.614175955639944 56 56 58 0.37138564274638669 12 520 13 809 15 2222 14 921 16 2301
2019 1.1068719226134116 8.1306162154602131 19.789438794717309 42 43 47 1.5132832754737047 12 524 13 819 1 1608
2023 0.46048132576113143 7.3075718903605882 17.653176235220542 106 104 107 0.50006606872504089 12 2719 13 2922 14 3257 15 3178 16 2991
2024 0.46048132576113143 7.3075718903605882 17.653176235220542 106 104 107 0.50006606872504089 12 2720 13 2923 14 3258 15 3179 16 2992
2025 -1.0334340161479363 2.7349653508935092 22.928467974916515 63 54 50 0.94473879524489279 2 1954 13 3097 14 3373 1 2421 18 2650 19 2292
2026 -7.3147193481861654 6.9976061417558268 18.472923070907306 48 33 26 0.49154738900020117 12 2842 13 3168 14 3381
2028 -1.9504359272279417 -16.92594131320574 35.479803270083494 42 33 28 1.3705217046337681 9 49 10 82 14 6
2029 -6.1282305645751327 0.10127324528035393 25.689442197888837 152 154 158 0.46778827775494752 2 113 14 118 15 112 16 1731 17 1658 18 1523 19 1767
2030 -5.9846018676208423 0.4794156393191838 24.990605414698241 121 124 131 0.42752958091084087 2 115 14 120 17 2365 18 2081 19 1781
2032 -6.5611746321189912 0.60784932230713162 24.102170775605725 140 139 145 0.44649292546668096 2 132 13 122 14 151 15 145 16 130 17 1677 18 2086 19 1789
2033 -3.6551958138405012 1.9760577121395813 20.305308670608731 90 89 93 0.62876964932381485 2 169 14 206 15 218 16 201 1 230 17 210 18 1565 19 1389
2035 -5.0922722550919737 3.0601403608491697 18.578980318290917 63 57 58 1.7841101695014439 11 272 14 255 15 1859 2 1504 12 2311 17 2722 19 2128
2037 -3.5820632940290453 3.8738084368520416 20.978235246896613 77 68 69 0.84091995267705522 10 396 14 275 1 312 19 1431
2038 -8.046318022461648 4.4806968496706769 18.601446708274459 63 54 50 1.0563319828415643 12 1502 13 261 14 278 15 304 16 1835
2039 -5.7249533768494727 7.4838082776085848 20.492043651703611 57 54 48 0.64990387139799388 2 297 14 372 16 356 1 410 17 481 18 667 19 1565
2040 -4.6304279266166626 7.4853749907156759 19.71440175919312 24 20 17 0.8415542322916062 2 311 13 352 14 423 15 472 16 1916 1 464 13 353 17 1844 18 1763 19 1927
2041 -4.4657937837911277 7.390830587602264 19.304016624161434 90 85 85 0.30857410084645381 10 507 14 425 15 554 16 545 17 681 18 2198
2043 -3.7081602772343927 7.5351557092893886 18.583443435341252 106 105 105 0.61752490664078774 3 398 14 563 15 1994 16 732 1 642 17 2509 18 2249
2044 -5.2673952466344582 7.8882607196375787 17.387972389425428 88 83 80 0.6695093113462004 2 477 14 662 15 831
2045 -5.2221083750240505 7.7100359874865223 17.374356247048297 103 98 95 0.68153890983835941 2 474 13 607 14 665 12 459 15 828 16 2024 1 703 17 2066
2046 -4.7986395768556784 7.7329441526159055 17.317736944037215 98 94 93 0.28309434910187475 2 484 14 668 15 836 16 2119 1 710
2047 -4.7986395768556784 7.7329441526159055 17.317736944037215 98 94 93 0.28309434910187475 2 483 14 669 15 835 16 2120 1 711
2048 -4.4449538229140453 7.6139750862622435 17.309575525856985 58 52 52 0.70935807404072693 12 468 14 672 15 842 1 715 16 1057 17 2080
2049 -4.2117817991688922 7.6597133800148054 17.193509538255405 92 88 86 1.0535905242333101 2 499 13 634 14 684 15 1009 16 2128 17 2195
2050 -1.5997678949709544 7.295257687203593 17.845951699848101 50 50 52 0.53471951334576906 12 396 13 659 14 723
2051 -0.2133356989867185 7.4002292648243531 18.178477672303991 43 41 44 0.63793471090391418 12 505 14 743 16 2184 17 2594
2052 -0.20995270745314054 7.3425430186018259 18.071499517425991 43 41 44 1.1538672960061378 2 447 12 504 14 744
2055 -6.9588712298055384 7.9459346580652257 15.993540209788213 44 36 33 0.32145455815540469 13 708 14 783 15 968 16 2202
2060 -5.0237197885187745 7.843245750368145 16.875940622466537 88 85 78 0.3836858946974841 2 565 14 828 15 1001 16 1231 1 822 17 1351
2062 -7.3217286207740706 7.9851267673255171 15.031864176863067 82 77 71 0.272549772277007 13 847 14 953 15 2338
2063 -6.2513641760104619 7.9518380799143769 15.334986303877114 39 32 30 0.3444380125527437 13 866 14 975 16 1420
2064 -5.701826363826469 7.9673194528745617 15.681014663507248 96 92 93 0.39733816339196759 13 877 14 987 15 1382 16 1435
2065 -5.542933738446707 7.8507907791330505 15.880548904655658 98 94 93 0.65454772703254527 13 732 14 989 15 2260
2066 -5.1980716895216741 7.8052721128310125 16.023231876609412 39 37 35 0.48806416512983025 13 745 14 997 15 2266 16 2333
2067 -5.1655487124514305 7.9031739062831923 16.223873233102776 39 35 32 0.339346417607506 2 617 14 1001 16 2337
2068 -5.2161632469632906 7.9007958575001815 15.777585792058813 49 44 41 0.98318185976933403 13 882 14 1002 1 1629 16 2691
2069 -5.0482822997504266 7.8552045346441153 16.36213566218882 113 106 106 0.56826480010400526 2 621 14 1007 15 1197 16 2231
2070 -4.3806393114183795 7.791584697384522 15.982691794280884 31 26 23 1.1547777131027093 2 625 14 1016 15 2799 12 1754 16 2694 1 947
2071 -4.3086970700247491 7.7368944199841234 15.746809975699506 97 93 90 0.77709197108044947 12 1755 14 1017 1 1672
2072 -4.1849112114218041 7.8100982107368129 16.011690787603193 107 103 100 0.80281955986880882 13 894 14 1022 15 2375 2 1266 16 2343
2073 -2.6581513796453784 7.4855014257231476 16.177854509474322 103 102 100 0.92447846827534186 11 581 14 1041 16 2700
2074 -6.7162467072174197 7.9464786990510659 14.643055616976152 99 94 91 0.34397634690218365 13 859 14 1148 15 2817
2075 -6.7162467072174197 7.9464786990510659 14.643055616976152 99 94 91 0.34397634690218365 13 858 14 1149 15 2816
2076 -6.600114795053404 7.9130573074483364 14.300012910842035 55 50 47 0.28051556602009842 13 987 14 1150 15 1519
2077 -6.3956056441375599 7.8806850194127422 14.304881502490066 103 98 94 0.69613029172655005 13 989 14 1156 15 2436
2078 -6.0860957504042501 7.8749451674800293 14.643931651356644 39 35 32 1.5173900870166723 12 751 13 990 14 1163 1 1707
2079 -5.3870733335971819 8.0228506435017142 15.115153863791949 99 95 92 0.306472064142564 13 1006 14 1173 15 2450
2080 -2.8229360743881138 7.6228237613632697 15.373391641653107 121 126 119 0.36072716053790682 13 1061 14 1204 15 2496
2081 -1.6980624750224527 7.5097424389839054 15.521050661017538 38 34 33 0.27253897727995979 13 1078 14 1214 15 1614
2082 -0.43264446733932282 7.4152304326608665 16.265664321130462 40 38 39 0.19887421676528697 12 713 14 1243 15 2407
2083 -0.46920957929615609 7.4145363724316864 15.830370442380518 55 53 56 0.88130916963116879 2 657 12 715 13 1099 14 1244 15 1654
2084 -6.0699524412805053 8.2018771917750755 15.121297599709548 104 100 99 0.84069976378025801 13 1001 14 1313 1 1150
2085 -4.9663225195561553 7.7852031848143062 14.437604890232448 96 91 88 0.65394029786494434 12 1813 14 1327 15 2452
2086 -4.6520409561045586 7.8150868744275206 14.618217352518887 100 98 99 0.32642082112597004 13 1019 14 1341 15 2459
2087 -3.5369974153165407 7.6849650832878078 14.704380187718202 38 34 33 0.17115089096026226 13 1054 14 1372 15 1582
2088 -2.2691539384736088 7.5771894272935221 14.929704622806815 105 104 100 0.43523093754677622 13 1071 14 1400 15 1706
2089 -1.6642174383912285 7.6317631132599519 15.433920802336406 103 99 100 0.44193766677659868 13 1079 14 1412 15 1623
2090 -1.1131424096178724 7.6007294092685278 15.425611968042292 102 96 96 0.54785358908933357 13 1085 14 1426 15 1639
2093 -5.3378714677484469 7.6720181600615742 13.188240380646999 85 77 75 0.15200027107052613 12 876 13 1150 14 1490
2094 -4.8609711527442174 7.625714694912733 13.336070950421904 61 55 55 0.3724580609428651 11 783 13 2166 14 1499
2096 -0.86186316588991119 7.5907268966487393 15.011230734425512 118 113 110 0.42911807788448503 3 564 13 1258 14 1576
2097 -2.0973300732679387 -17.139624497265316 34.870437314134513 54 42 36 0.19157145943864254 10 967 12 1305 14 1774 16 1663
2098 -2.8359306322220856 -17.843164461315279 36.30474685646832 5 1 0 1.1272413099001786 9 1191 10 1453 11 1545 13 1619 14 1775 15 1724 1 1787
2099 -2.5351782721654734 -17.397132605519044 35.72238521913166 12 2 1 1.7693146744097661 9 39 11 1040 14 1778 16 1670 17 1591
2101 -10.1197647935769 -1.084890312676529 30.77446761676179 101 101 103 0.94022381333073124 11 132 14 1808 15 1755 16 1703 1 1307 17 1624
2103 -5.3288306861583541 0.11780685920091598 26.525073541615036 105 106 110 0.64917233753306858 2 987 13 99 14 1839 16 1738 15 122 1 124 17 1663 18 1527 19 1773 20 887
2104 -3.5461882931141608 0.23479401837641475 25.618981094055329 157 157 165 0.48747279599829502 2 991 13 101 14 1843 12 96 15 2600 16 2777 1 1823 17 2655 18 2313 19 2094 20 1270
2106 -0.58249759765731912 1.0283704632401627 23.585333837646804 101 104 110 1.5400763209336186 3 173 14 1864 15 1807 18 1552 19 1367 20 926
2107 -1.2898607074544703 1.3520136199685111 22.902152752694278 84 84 86 1.0691781037289856 9 297 14 1877 16 1778 1 1368 17 1696
2108 -0.088025194593343153 1.9294169190445341 23.933555380034118 92 93 96 1.3045653876814496 10 333 14 1886 15 1829 16 1783 17 2396 19 1808 20 935
2109 -0.085547871080054183 1.9348488939472388 23.937374171686233 92 93 96 1.2890534935949098 10 334 14 1887 16 1782 17 2397 19 1807 20 936
2110 -8.1307516905586628 2.546519959631004 18.981256096486074 41 31 22 2.0268101424140919 12 1444 14 1892 16 218
2111 -1.9982697688653821 3.5756781049647559 22.75671935397893 75 69 69 0.54318911791018598 10 1142 14 1926 17 2424 19 1832
2112 -9.2449592744824045 4.272573281145168 19.97433155960757 71 54 46 0.83109639531620583 12 1481 13 255 14 1928 16 265 16 1826
2113 -5.2689151952158113 4.2781562609527963 19.192171081273557 48 36 33 1.0120332360483864 12 200 14 1933 17 2435
2114 -5.8146750136272169 7.5508635596921376 20.503708670482602 20 17 12 0.58138904749391229 2 299 14 1954 1 409 16 417 17 478 18 1691
2115 -6.4273236170972208 7.6264368278964767 18.59034985255936 4 3 2 1.3539786055850838 12 1542 14 1967 16 1910 1 510 17 1884
2116 -2.173882687927065 7.2653139797448132 19.98549829125178 49 50 52 0.3978146637931726 3 340 14 1975 15 1913 16 2567 17 2466 18 2400
2117 -4.4885055640592331 7.5898770526910555 17.931714534216827 95 91 88 0.46828478549739866 12 1586 14 1992 15 1990 16 2603 17 2506
2118 -2.3886852546546442 7.2674194246057864 18.734959828767678 52 50 51 0.64484295316187146 2 1152 9 471 14 1999 15 2001 16 1973 17 2000
2119 -2.3001379184737809 7.3032834031308163 18.76030563840537 47 45 46 0.97685337431357788 2 382 14 2000 1 563 17 2516
2120 -0.96481331618969501 7.2390979638445341 19.087412287213706 112 111 116 0.56222367582161525 11 431 14 2010 15 2009 16 2586
2121 -0.46378287839162152 7.23530330891559 19.385600360048848 122 120 123 0.75913498155341885 12 349 14 2013 15 2015 17 2013 16 776 18 1978 13 437
2122 0.21192991794342966 7.2453093572542011 19.498009170690626 52 50 55 0.89467307801020268 11 387 12 1571 13 529 14 2022 15 2717 16 2588 18 2256
2124 -5.39334727197713 7.6144297880560217 16.778274312235858 106 102 101 0.72291046460137243 12 1634 13 603 14 2048 15 2049
2125 -5.5047583337355581 7.5871869177389515 17.263248360490319 49 44 41 0.28526586966180317 11 1279 14 2051 15 2046
2126 -3.2068105342260074 7.4832984018490736 17.494185051510573 110 106 105 0.73871758407767829 2 511 13 648 14 2071 12 483 15 2083 16 2146 17 2552
2127 -0.26679913551733558 7.2914783342452054 17.857669483890646 114 114 114 0.67744008825897062 2 448 14 2084 16 2651 15 2208
2129 -6.6955396977491874 7.7437428479847386 16.006210199589205 88 80 77 0.67671457825628223 12 555 14 2110 15 2119 16 2082
2130 -6.4256419107653553 7.9119197633787088 16.166371925307146 104 99 96 0.51018484341826986 13 1946 14 2114 15 2762 16 2661 1 2008
2131 -6.021537081538888 7.6338469506432034 15.589197091398603 53 47 44 0.84789217827752994 12 567 14 2115 15 2249 1 1614
2132 -6.1650077083075594 7.8067675229708309 15.793949811170672 96 89 87 0.87631200049576385 12 1682 13 720 14 2117 15 2244 16 1206 1 915
2135 -5.091220654744304 7.8886023584932845 16.873447701156124 32 28 24 0.39575647821460908 2 1233 14 2121 15 2152 16 2233 17 2185
2136 -4.6208897087846141 7.6764137564092856 16.751582264124789 47 41 41 1.0708121067788317 2 1234 11 530 12 1688 14 2124 15 2153 16 2236 17 2190
2137 -4.5827850054593968 7.7253838635166643 16.625728483985018 98 94 93 0.9894966748913564 2 568 12 587 14 2125 15 2773 1 1570
2138 -7.1360896512881666 7.7048904489590102 14.664302873028655 44 39 35 0.61508233203125784 12 647 13 1986 14 2180
2139 -6.2559029868254195 7.7405950169511701 15.159187308556854 83 75 73 0.66868896088989371 12 1738 14 2186 1 2007
2140 -6.2330607418088055 7.9079892004694816 15.833786329445928 47 39 37 0.30817478011768251 13 717 14 2190 15 2242 16 2209
2141 -6.0031092588544457 7.8536073723495967 15.309482662392996 43 37 37 0.75318258048288689 13 868 14 2193 15 2356 1 1029
2143 -5.1992540939782614 7.6630568890685025 15.113733574419395 45 41 41 0.5747203633219935 11 617 14 2203 15 2364 1 1669
2144 -4.8851982315131757 7.7250754475065744 15.961206694877843 93 86 86 0.73496724055943841 12 1686 13 750 14 2207 15 2272 16 2338 1 1630
2145 -4.9697681654009562 7.835281070847004 16.157696028736954 93 86 86 0.4699643152836035 13 749 14 2208 15 2271 16 2339
2146 -3.1115911030850651 7.5321170675764479 15.915086774116318 48 47 45 0.98107685842730752 12 1695 14 2214 15 2802 13 2013
2149 0.95904075794190102 7.4071041367424826 17.523882760817951 57 56 61 0.11704149532258057 12 1722 14 2245 16 2394
2150 -6.8836049719158066 7.9296138547983333 14.238052552115061 44 34 33 0.26884042549718506 13 2062 14 2256 15 2858
2151 -5.6095268451189497 7.7205115880512425 14.755293894129675 93 88 85 0.44641618470371336 12 1741 14 2270 15 2821
2152 -5.6095268451189497 7.7205115880512425 14.755293894129675 93 88 85 0.44641618470371336 12 1742 14 2271 15 2820
2153 -5.0362709201791329 7.6947882111007662 14.467071996501613 56 53 51 0.86512358292592395 13 2084 14 2280 15 2451 11 682
2154 -4.2640371382254978 7.6791950618727824 15.138377285346456 47 45 46 0.30121052042959273 13 2004 14 2284 15 2371
2155 -4.0414767876819671 7.5674608913416108 14.647701650212454 47 43 42 0.68814511739061957 11 626 14 2291 15 2468
2156 -4.066603050214721 7.8915877040411058 15.508442291492837 102 98 95 0.90595694268339988 13 1039 14 2296 15 2477 1 1675 2 685
2157 -2.990245211316847 7.576548182527147 15.684506864728634 53 52 50 0.33370941243181407 13 899 14 2301 15 1435
2158 -2.2731754591046087 7.4271778782364963 15.19548966840356 108 110 109 0.21947108709118568 12 693 14 2310 15 1609
2159 -0.49574825306430842 7.3630186822924593 15.622699010455939 106 104 107 1.3238683354001421 13 1093 14 2318 15 2883 2 655
2160 0.5719678947425193 7.4679111947080141 16.365378265067381 118 114 114 0.41822375025092579 11 608 13 1109 14 2325 15 2424
2161 -6.727794509498243 7.9649524064856543 14.234686341759776 49 44 41 0.33371120085924216 13 985 14 2349 15 2433
2162 -6.0896301533123154 7.7677145586823091 13.974015416393939 105 101 100 0.46892113448669259 12 1803 14 2354 15 3083
2163 -6.0896301533123154 7.7677145586823091 13.974015416393939 105 101 100 0.46892113448669259 12 1802 14 2355 15 3084
2164 -6.0597811109924065 7.962049748246689 14.434764934355915 96 90 88 0.27687180010404838 13 994 14 2358 15 2444
2165 -6.0597811109924065 7.962049748246689 14.434764934355915 96 90 88 0.27687180010404838 13 995 14 2359 15 2443
2166 -4.1840757097509034 7.7845113960002896 14.599283324405903 44 39 36 0.2175165915450277 13 1036 14 2377 15 2549
2167 -4.069645609741892 7.7383884654980175 14.906040230696034 107 107 105 0.23285761824201523 13 1034 14 2379 15 2471
2168 -3.7815716873441896 7.6221521843719025 14.580197146627727 108 107 108 0.5025343203643492 12 1822 13 1043 14 2382 15 2481
2169 -3.502945368118866 7.6117852532065786 14.788379815755707 99 95 92 0.41731570154957059 13 2095 14 2384 15 2483
2170 -0.78205954669461075 7.4176648033890134 15.463246076864477 120 120 118 0.1471068220930091 12 838 13 1087 14 2408
2172 -0.38615675358913248 7.5161949707195603 15.712138592880196 106 104 106 1.0016913759159485 13 2122 14 2414 15 2520 3 486
2173 -0.41921102401647542 7.4796730132807987 15.518714760861249 47 45 46 0.38075831261354481 12 844 14 2415 15 2516
2175 -4.4611622969301887 7.688559822810026 13.898294099089183 102 101 99 0.084096843274694369 12 1892 13 1172 14 2463
2176 -0.44256188331821406 7.4330624477680045 14.98073677902134 69 63 65 1.1600326316499818 12 843 13 2217 14 2512 2 742
2177 -6.2420813926608041 7.7613471794422138 12.665943516456839 47 42 39 0.25613658126183708 12 1930 13 2231 14 2525
2178 -2.8825313526240772 -18.051852417742769 37.208924737553502 61 54 48 0.90331193642318985 10 1455 12 1317 13 2458 14 2623 15 2570 2 1416 16 1666 1 2092
2179 -8.7906232083044706 -0.7319952750617712 31.341636347335662 125 121 122 1.476365717094962 11 1106 14 2653 10 1059 12 1364
2182 -7.2883800229639215 0.70616556459430202 22.880057858157361 130 128 130 1.109515741617797 11 1134 14 2678 12 1390 18 2321 17 2663 19 1998
2183 -0.20553707289626627 1.2182600662791361 24.499448339949343 103 108 113 1.8887965542743956 12 1410 13 1711 14 2685 15 2628 16 178 1 1844 19 1381
2185 -11.131699421004566 2.2675846349050168 21.894123500664183 111 77 56 0.73023769658117621 12 2642 13 2529 14 2694 15 2629 16 2494
2186 -9.8748903912078951 2.4356377592678178 20.688430978350727 74 55 41 1.3584381721264205 12 2290 13 2535 14 2695 15 2635 16 2797 17 2693
2187 -4.6579957631344895 1.8024304299054574 19.410038134607873 80 76 76 0.68428678061595571 11 1603 14 2696 16 2800 17 2695 19 2017
2188 -7.2246403595782382 2.4425673552603273 18.705081943476031 43 29 28 0.75385760761232223 12 2294 13 1725 14 2704 15 1844 16 1786 17 1719
2189 -8.0498879096982101 3.0120626772525405 20.19513325629044 39 24 19 0.37753826814452796 12 2299 14 2710
2190 -4.9354334293353617 7.4133638640785859 18.559169164251177 76 67 66 0.11322657826092646 11 1676 14 2763 15 2694
2191 -0.70399006513604279 7.1662958231443872 19.83304077131065 54 52 55 0.88857646663938539 12 2376 14 2768 15 2702
2192 -0.51001831285098453 7.1304313118922522 19.419341776620076 58 56 59 0.64294926360192795 12 1569 13 1823 14 2770 15 1963
2193 -0.53991632052961258 7.2596090633714248 19.768346145388755 58 56 59 0.59680519025856149 12 1570 13 1824 14 2771 15 1962 16 1990 17 1934 18 1882
2194 -7.1508752248055254 7.7971727203282128 17.995407539744644 33 24 17 1.1613750075669702 12 2384 14 2773 16 2855 15 2706 1 1950 17 2764
2195 -2.1964973089841018 7.3246142693066005 18.702436740197388 45 43 44 0.46183820209158316 3 999 14 2777 15 3045 17 2772
2196 -2.1964973089841018 7.3246142693066005 18.702436740197388 45 43 44 0.46183820209158316 3 1000 14 2778 15 3046 17 2771
2197 -0.16822781397270936 7.1925153078018296 18.931408716979952 53 51 52 1.2562685143931305 2 1572 11 1270 14 2783 15 3051 16 2615 1 1961 17 2775
2200 -2.9570730835115167 7.5047021658148214 16.73464520366371 108 108 108 0.58765150120514298 3 1400 13 1962 14 2818 16 2674
2201 -1.7519922419234497 7.2769447643200511 17.163113025586412 96 95 93 0.5719608419108787 11 1689 14 2819 15 3065
2202 -6.8948503854855687 7.8370300042360688 15.101504145033125 41 31 29 1.365863006132042 13 2660 14 2824 15 3069 12 2731
2203 -4.4631272989351416 7.6971833764564339 15.74530551186279 106 104 105 0.68263089902868257 12 1752 14 2832 15 2798 16 2693
2204 -5.9517851413846561 7.8563382450601038 14.592268372054146 88 87 87 1.0050160311687355 12 1804 13 2077 14 2859 15 2865 1 2059
2205 -5.8994573911956643 8.0939260930551473 15.573427648854995 49 44 41 0.73357787888387149 13 2662 14 2862 1 2032
2206 -5.0501772319291174 7.702441687042155 14.764074457195816 101 97 96 0.9208270522357539 12 1812 14 2863 15 2827
2207 -1.1864429873549303 7.4588799440692419 16.062790244445821 59 57 58 0.23914375539745727 3 1061 13 2027 14 2871
2208 0.36303391342958136 7.3867488606541212 16.317557331591658 110 108 111 0.5653049834062257 12 1777 14 2879 15 2848
2209 -6.6266896842529457 7.6428529207089344 13.523228588513851 46 41 35 0.24954900108016301 12 1791 13 2677 14 2886
2210 -2.1287553999422433 7.4605757993533217 14.523801729820603 50 46 45 0.48873131302932782 11 644 13 2710 14 2907
2211 -0.081481911334738033 7.4378001016835089 15.241581289880761 41 38 35 1.3901400687087031 2 1315 12 2460 14 2917
2212 -5.8194791884886126 7.6661367168100982 13.137443866020616 40 31 26 0.58389661003988491 12 1868 13 2700 14 2925
2213 -4.931121916245071 7.6280028906312776 12.99093138507088 102 97 95 0.46338493237627593 12 2497 13 2250 14 2931
2214 -9.2476782865772158 -1.3234677171931175 31.463173367223451 128 129 133 1.0491989780064683 11 1583 13 2822 14 3015 2 1444 1 2101 17 2627 18 2290 19 2086
2216 -11.68242570426662 0.78984701336065322 24.131995635334746 119 106 98 1.3849684622837848 12 2622 13 2840 14 3039 15 3118 16 2921 1 2255 17 2661
2218 -10.230445088862233 1.6241173374120892 21.32458973702359 47 34 23 0.85909452068101133 12 2635 14 3052 15 2962 16 2787 17 2676
2219 -10.230445088862233 1.6241173374120892 21.32458973702359 47 34 23 0.85909452068101133 12 2636 14 3053 15 2963 16 2788 17 2675
2220 -9.856338724921363 1.2976761340492808 21.529166053259324 106 92 83 0.52158756675639417 12 2268 14 3054 13 2511 14 2682 15 2614 17 2370 17 2669
2221 -10.346241293106729 1.7744956332187194 21.653718828263443 92 78 67 1.2036080951264994 12 2278 14 3055 17 2680
2222 -4.3565340901909462 1.6957931631863685 20.552408391483031 83 83 85 0.38342760082871891 10 1522 14 3059 15 2974
2223 -11.524020731979906 4.1787298543353675 22.360916205821368 100 65 44 0.35094931888891484 12 2661 13 2879 14 3092
2224 -1.0447558613705572 6.7499563824445028 22.282499561296717 112 111 115 1.50216747598373 12 2360 14 3112 1 2181 18 2498 19 2223 20 1402
2225 -6.9767839927141724 7.6784154375094822 17.371273074629062 73 64 55 1.2650824865555284 12 2709 14 3127 15 3166 16 3056 1 2308
2226 -4.3585897005767542 7.5382508147195431 18.497372481071555 85 84 82 1.1118023306066991 2 1578 14 3129 12 2390 18 2507
2227 -6.4804311308823754 7.6415703716733185 15.62637016902911 39 31 28 0.48957374627058553 12 2417 14 3136 1 2205
2228 -6.612304441613845 7.7876138867649267 15.927192540737432 39 31 28 0.60070074625744507 12 2416 14 3137 16 2982
2230 -2.9531573243359794 7.5838137775017165 13.937293171680967 96 95 91 1.2628861939280793 12 2480 13 2945 14 3169
2231 -10.276391192165567 -3.6996564491686121 35.046037845186049 148 132 124 0.91384486506505691 2 1831 11 1953 12 2783 13 2983 14 3191 15 3102 16 2998 1 2335 17 2881 18 2518 19 2165 20 1351
2232 -6.9422527520551762 -1.1886979550907071 37.854560756782725 18 4 1 1.1522536555763661 2 1840 11 1820 12 2606 13 2995 14 3203 15 3206 1 2245
2233 -11.31295698665183 0.25104573828465709 25.322744997520452 116 109 108 1.4897391342230999 12 2794 14 3207 15 3116 1 2252 17 2652
2234 -10.938603980194539 3.7941277192025851 21.65983629524365 105 74 53 0.68670983487172899 12 2660 13 2871 14 3227 15 3132 16 2815
2235 -10.355946486011467 4.4918052694645834 21.042834793391812 33 14 5 0.55577000890965644 12 2817 13 3028 14 3235 15 3147 16 2949
2236 0.50490238497688344 6.7439778999520676 22.028988407536005 91 92 97 0.9448954046316167 3 1560 9 1532 14 3244 16 2967 15 3033
2238 -4.9638222143245452 -0.17904859998358424 27.419160563698355 137 137 145 0.98690541980630442 9 1611 14 3285 15 3209 1 2339
2239 -0.79213547514917326 2.7934325840034004 22.928807708182767 131 134 139 1.0538902102944616 12 2905 14 3297 15 3219 16 3021 1 2348 17 2905 1 2267 20 1435
2240 -1.1865848185824452 7.3645741547977064 16.60217011673333 101 103 100 1.6874218986514393 9 1674 14 3327 8 1389
2241 -4.5717552210483596 7.8680538117739776 15.06220349401676 83 80 78 1.1014652508575595 2 1919 12 2865 13 3068 14 3329 15 3246 1 2399
2242 -3.5855837160774131 7.5264160582441795 14.209891872564832 97 97 96 0.41389201327866171 11 2038 13 3126 14 3331
2243 -8.4910280663236115 0.42731253754365706 25.334316440316005 121 117 118 1.1564335863249866 11 2074 12 2897 14 3358 15 3258 16 3122 1 2417
2244 -9.4150697392143439 2.2935226902221326 20.330661023157045 58 41 33 0.68274360008891077 12 3018 13 3200 14 3362
2245 -3.9801726353136222 2.6919150567127392 20.158133517946947 104 100 99 0.88333300606884224 12 2965 14 3370 17 2997 18 2651
2246 -10.089838679042973 -3.5737524400355425 36.305068347640628 38 15 6 1.6111945931065532 2 2012 11 2154 12 2951 13 3136 14 3397 15 3302 16 3115 1 2452
2247 -11.086682525504807 0.95306476590167954 23.052438164712704 121 102 92 0.76639931205406475 12 3016 13 3197 14 3404 15 3349 16 3161 17 3025
2248 -1.4635973120469141 2.154741773730668 22.82123588509517 137 148 153 0.92084856908175539 3 1831 10 2078 14 3409 1 2465
2249 -0.25232019001181227 6.3315153760832956 26.409614845273456 12 10 8 1.3761888239021443 2 2031 13 3166 14 3417 15 3326 16 3138 1 2476 17 3034 18 2690 19 2332 20 1516
2250 -0.21852201755300238 6.1325266486832808 25.650122366824771 12 10 8 1.2525092407262952 2 2032 13 3165 14 3418 15 3327 16 3139 1 2477
2251 -0.6378231087580235 7.4408539580606394 18.315421809750639 94 94 96 2.2563889287198706 3 1860 10 2109 14 3425 1 2483
2253 -9.7228510290177521 0.98355766632413033 22.273995921642076 121 113 111 0.75148956153228141 12 3073 13 3264 14 3465 15 3380 16 3195 17 3069
2254 -6.171954820606012 7.582393072353601 17.523072127156976 58 53 50 1.1524034898686613 14 3467 15 3374 16 3189 17 3071
2255 -5.3723533755411008 7.5113924219919941 18.502944318472561 47 41 42 0.99281643034921707 12 3098 14 3483 15 3389 1 2540 17 3077
2256 -6.9986668061481829 2.2922153993815404 18.089447650422471 67 56 53 2.0969124331672986 13 3293 14 3494 15 3398 16 3219 17 3089
2257 -3.6361403527783418 7.3928592308691625 14.933300287341032 51 47 47 1.0436411974222277 2 1269 13 2011 14 2295 10 649 11 627 12 686
2258 -1.1109551450073862 7.3883524945430032 13.633349745928816 54 52 52 0.9936984951488812 10 734 9 617 14 2605 11 851 12 1092 2 860 13 1402
2259 -2.01177991008919 7.3430225391657897 18.538051812770046 59 58 58 0.75460768009277568 3 1386 2 1569 14 2779 11 427 12 1596 15 2713 16 2609 17 2773
2260 0.74254104928418818 7.3822517947590063 17.449325215252088 42 40 41 0.67047778337583908 10 555 13 2654 14 2842 11 492 12 1715 15 2811 16 2891
2261 -1.3669527046263203 7.8801948648126308 15.921631983762019 38 33 34 2.2863467900607555 3 555 2 1307 14 2910 11 1346 13 2111 1 1755
2262 -2.2527725173970423 7.4104886850986764 13.515201943677004 101 99 99 0.52220600441994591 9 1074 11 1741 14 2981 12 1064 13 2279
2266 -7.2226142626371868 -1.9833912349912801 37.598867428314882 95 74 41 1.7687822192787672 11 1819 14 3017 10 1842 12 2894 2 1940 15 2921
2267 -1.4406376133574597 -0.010390170668613197 31.920453523504019 45 35 29 1.535924970728298 9 267 10 260 14 133
2269 -1.4688066709861918 -16.812739862488392 33.967811662662285 49 40 33 1.045799544521042 9 44 13 1623 14 1780 15 1722 16 1664 17 1592 18 2045
2270 0.33165475831143171 -15.766596253561124 31.428486901295095 9 2 1 1.0003834612920459 10 32 15 3 16 7 17 1 19 1279
2271 -1.8730847140998939 -16.997301707003405 35.515669588696376 9 2 0 1.7313769850517471 9 50 15 7 16 13
2272 0.21568274318452862 -15.843352162338164 32.555831074482185 42 37 33 0.8421992658918559 10 98 15 10 16 8 17 1601 9 64 18 1471
2273 0.34662208447546322 -15.824301032458141 32.476526389372125 12 7 3 1.1397365720901091 9 65 15 11 16 9 17 7 18 14 19 1283
2274 0.51123446540465955 -15.660591992102587 32.552120334719731 5 0 0 0.71671288802646338 10 102 15 12 17 10
2275 0.51123446540465955 -15.660591992102587 32.552120334719731 5 0 0 0.71671288802646338 10 103 15 13 17 9
2276 -10.880645264515973 -6.5305677312896639 36.577537177556849 88 75 67 1.1928158432290905 2 69 11 115 12 45 15 21 1 46 19 40
2277 -13.02808865744726 -2.5259708662421696 30.737782534668973 53 46 40 1.0634035765253647 12 1345 14 1793 13 28 16 1687 1 1291 18 1481 19 53
2278 -7.1448018659210861 -1.5454873179657327 36.429460160203966 38 30 28 0.43810439938984297 11 140 13 46 15 39 1 88
2279 -12.399891264940246 -0.37814055375116584 27.630145805712232 117 113 114 0.65142916874835077 13 1657 15 47 16 80 14 56 17 58 18 1507
2280 -12.522267382325069 -0.3773401918356023 27.821212614167759 117 113 114 0.95805182666728661 13 1658 14 57 15 48 12 1360 18 1508
2282 -14.090860440152149 0.051835121336848325 26.609342348261109 55 43 36 0.87734665532738976 12 65 13 52 14 83 15 78 16 1713 17 80
2283 -13.194443962487428 -0.17711238698628071 27.703703492957942 54 50 48 1.3554951181327051 12 69 14 89 15 80 16 77 1 99 17 85 18 88
2284 -13.194443962487428 -0.17711238698628071 27.703703492957942 54 50 48 1.3554951181327051 12 70 14 88 15 81 16 78 1 100 17 86 18 89
2285 -8.4697551285541905 -0.39893456611334965 28.853848018953876 125 121 120 0.56332011719495334 12 75 13 72 14 92 15 90
2286 -7.2104262627683369 -0.34816564575233 28.049307754107847 82 77 77 0.6133867852354189 12 77 15 91 17 95 18 103 19 113 20 72
2287 -5.2994880264314022 -0.11574136389628498 26.806347565250373 149 150 154 0.23000332706769344 2 103 15 97 16 1739
2288 -7.0747882848457282 0.27070743779276729 24.919737516188722 146 144 145 0.73480432220482617 2 110 13 91 15 109 16 1727 1 115 18 1521 19 1340
2289 -6.9816201401281148 0.26005473533640994 24.714414388633465 146 144 145 0.47376573780704767 13 92 15 110 18 1520 19 1339
2290 -5.5685009896894959 0.19827892245562245 26.080996131557836 141 140 145 0.68725855130601232 2 117 15 119 16 1735 18 150 20 898
2291 -5.2484076221885863 0.037561349047287876 26.51465114252828 154 155 159 1.0047558604231155 2 120 13 98 15 121 16 99 17 113 18 1517 19 1331 20 529 20 886
2292 -7.4718790250605593 0.96871932371350711 21.895199853895591 121 115 113 0.30362519760196222 13 132 14 146 15 142 16 158
2293 -7.3201123650595186 0.72092140386059755 22.936007715535045 135 134 139 0.30078820966730041 13 120 14 149 15 143 16 128
2294 -6.7685947264900213 0.62234829979731954 23.868087690468396 137 138 142 0.90341420662480243 13 121 15 144 16 1745 17 138 1 1345 18 170 19 175
2295 -3.1807074610243613 0.72957316781406922 22.967620856388738 110 115 119 0.37563751376610294 13 136 15 149 17 160 18 1546 19 188
2296 -5.2877238852789805 1.1405538488613767 33.859503734989907 112 117 123 1.4806947825781926 2 136 15 151
2297 -9.5719222722616859 1.2488447419036299 21.398591224001244 109 93 86 0.43268575691458133 13 128 14 160 15 159 16 166
2298 -0.18438296849635777 1.086983574783877 22.747717104005446 130 136 142 0.92643368202576837 12 1409 13 167 15 172 1 207
2299 -1.5489533673022788 1.5340676515203513 21.959192835723307 96 101 105 0.31064195646631898 13 182 14 197 15 192
2300 -8.3546036351774369 2.4073918363899072 20.851975359836839 34 25 18 0.79183486842076856 13 1724 15 213
2301 0.30422529756224354 2.1549003455968285 24.59767841268777 124 122 123 1.3278100869763827 12 151 14 212 15 224 16 204 17 214
2302 -7.7517597213419416 2.51856225652176 18.848762318706662 74 63 57 0.45195786791604048 13 191 14 218 15 232 16 210
2303 -7.746169036535731 2.5250651103581823 18.849506244060859 74 63 57 0.36520197555269285 14 219 15 233 16 211 17 224
2304 1.3500093485314368 2.7297969371302089 24.345432100002842 126 132 137 0.96098354437298783 12 162 15 242 16 230 1 258 17 1730 18 1576 19 1399 20 941
2305 -4.9573061760743276 2.9898530751483876 19.142609431203297 64 62 62 1.7731223458375815 14 256 15 248 16 235 1 271 18 254 19 1409
2306 -4.8548462852144594 2.9567946386221622 18.972896472250916 64 62 62 0.44892360590906816 14 257 15 249 18 255
2307 -4.0164686193976804 2.8799459033114978 19.937670166237901 76 64 64 0.75218649115289382 11 261 13 232 15 253 16 1806 19 1830
2308 -0.56348800199441074 3.2665933513530412 23.936501713713728 51 39 39 0.77525292666334589 13 1747 15 263 16 246 18 1588 19 246
2309 -0.34455032147413467 3.1958204860240325 23.765147652706005 50 41 39 1.8033237107991895 11 268 15 266 12 174 14 262 16 247 16 248 19 247
2310 -11.526552888681213 4.2028867672269836 22.175868624838209 111 80 56 0.21734147350420266 12 1466 13 1748 15 269
2311 -11.046362269938498 4.1504690116120067 21.422318811962935 45 19 3 0.75485528563566995 13 1749 15 270 16 1813
2312 -9.0137041479109445 3.6684704155464685 19.828989755890774 41 28 19 0.45747943787291634 14 253 15 274 16 253
2313 -9.0137041479109445 3.6684704155464685 19.828989755890774 41 28 19 0.45747943787291634 14 254 15 275 16 254
2314 -5.2101481346957632 3.38421640214561 18.701348394050747 63 54 49 0.33904140563456797 10 390 15 276 17 268 18 1593 19 1425
2315 -8.940008558207456 3.9239659254734627 19.764854296046483 46 29 21 0.61415676761976334 13 239 14 265 15 285 16 255 17 267
2316 -2.2898695247010359 3.8150645314892819 22.22158186566481 30 26 25 1.812773436342568 2 217 15 296 18 267 1 315 13 248
2317 -8.5591580269234715 5.2069493129151931 18.750178537298986 43 32 30 1.3168200149836955 13 280 14 289 15 316 16 285 17 296
2318 -3.5042180905586431 7.1039719010651581 22.804452543046601 23 19 15 1.099298225920148 13 301 15 336 17 352 14 312 19 441
2319 -3.9832242615413125 7.1324988522237991 21.704778298330496 29 25 22 0.50503078484102204 13 300 15 366 16 325 1 394 17 345
2320 -1.6596755069686313 7.0237314461897409 21.751644183279364 44 43 44 0.31400312576690353 13 326 15 369 14 342 16 1867 17 1792 18 1663
2321 -5.1088344953803464 7.3068388034576968 21.183098279886586 17 12 6 0.24055685479062672 13 319 15 399 16 369 18 521
2322 -6.1597152787924552 7.6111309656998367 19.504464706185384 59 54 51 0.79795633865729809 13 339 15 455 16 1884 17 1837 18 2196
2323 -6.1951545350541961 7.6159718959923728 19.664763071349352 24 19 16 1.0180152073541593 13 337 15 456 1 447 17 636
2324 -5.2080438186949731 7.5099113581982566 20.425319947006745 26 21 18 1.1192915549331091 13 349 14 379 15 463 16 1890 1 454 17 1807 18 2174 19 1899
2325 -4.7025475492308413 7.5078528130482018 19.642456727316318 88 83 80 0.83115750227024521 14 422 15 471 16 542 1 463 17 1843 18 1762 19 1926
2326 -4.463065217074071 7.4926979180719968 19.896900170877579 41 36 33 0.79994496039092022 14 381 15 475 17 684 18 1767 16 551 19 1637
2327 -4.463065217074071 7.4926979180719968 19.896900170877579 41 36 33 0.79994496039092022 14 380 15 476 16 550 17 683 18 1766 19 1636
2328 -4.1286624197715511 7.4372637438072635 19.637291095917242 92 88 85 0.63542987796073047 13 355 14 433 15 481 16 1921 1 469 18 1771
2329 -4.0997453971250764 7.3873242408418047 19.519326965695274 92 88 85 0.49667090837520322 13 356 15 482 16 1920 1 468
2330 -3.9300825383366318 7.3880295767805491 19.99422384780538 98 97 95 1.1558947795106527 2 318 15 483 18 1770 17 1849 19 1641
2331 -6.3338880728580103 7.7624447377264643 18.663643403608944 29 23 23 0.18158281178767716 13 389 15 534 16 1952 18 2204
2332 -4.6095845079403501 7.5019184262435754 19.44120377098503 48 43 40 0.50522438395776836 14 424 15 546 16 543 1 527 12 308 17 682 18 865
2333 -4.6334929801590583 7.5661786316504429 18.878411838672665 101 96 93 0.16338589662854014 14 421 15 550 16 718 1 533
2334 -3.7293655227488989 7.4230773201627995 19.244870594503634 46 42 43 0.51092089039728095 14 443 15 566 13 404 1 549 17 845 18 1847
2335 -3.672494260389112 7.3450821850504378 19.040900401557064 46 42 43 0.23689098337407077 13 405 14 444 15 567
2336 -3.5034005676480358 7.2730805298768395 19.102135648105659 113 112 110 0.59540903351441166 14 440 15 571 1 551
2337 -3.516593202031602 7.4151316616357956 19.045389000838991 97 96 94 0.79049968365484835 11 422 14 447 15 574 13 408 16 734 1 554 17 1910 2 1149 12 320 18 1850
2338 -3.2585635719976609 7.4079954358304807 19.17023741085848 115 113 114 0.60932027034092084 14 1973 15 575 16 1968 17 1916 18 2223
2339 -3.3659673658228959 7.4593625947246585 18.937199653046779 46 44 45 0.60192838809946181 13 409 15 577 16 1967 17 1915 18 1953
2340 -2.8008357385400702 7.3466385898500022 19.709071023867775 107 105 106 0.59470493743191766 3 367 15 587 16 1926 17 2484 12 329 18 1860
2341 -1.54719581826262 7.3047372186801907 19.532196804542984 116 116 118 0.29039537420276501 14 464 15 595 18 1870
2342 -1.1286149979304099 7.2455546344936863 19.750906905487561 52 52 53 0.45671237105551965 14 468 15 601 16 611 17 895 18 1118
2343 -0.95436989624145574 7.1784289350736534 19.681644926318125 126 124 127 0.24295251798535711 13 427 15 606 14 474 16 1931 17 1930
2344 -0.66692589147000403 7.1957578342441701 20.200211641415258 126 122 126 0.35706402171656865 13 429 15 615 16 1934 17 1932
2345 0.21075189369492772 7.0694056457029406 19.270819819347889 119 120 124 0.44358978959583983 14 2021 15 618 13 1825 16 791
2346 -8.1093033682726485 7.7282636858127649 16.9370012817486 28 15 7 0.51221091322393997 13 449 15 630 14 497
2347 -7.922294747030743 7.7317107913347458 17.543896666935275 55 42 34 0.19259324761466967 14 498 15 632 16 641
2348 -7.7747581813273179 7.9183424028712937 17.392696228962151 40 31 22 0.41215358758704618 14 501 15 638 16 817
2349 -7.7747581813273179 7.9183424028712937 17.392696228962151 40 31 22 0.41215358758704618 14 502 15 639 16 818
2350 -7.4348793871240124 7.8468381049838829 17.876278191846072 33 24 15 0.98191435991893705 13 455 14 507 15 644 16 648 1 1476 17 1953
2351 -7.3495891136943126 7.9163867180488232 17.486105441914464 77 67 59 1.0604197382217411 14 512 15 646 16 826 1 675 17 1954
2352 -7.5376636413586873 8.0084855135756055 18.482344958945362 59 52 44 1.1930094987336892 14 508 15 647 16 1946 1 1475
2353 -7.0065445831052253 7.8538470042289692 17.673302613883845 45 36 29 0.37189065636237018 14 514 15 651 16 828 17 961
2354 -6.3061401141577997 7.7952398063982873 18.06931486595132 89 84 80 0.098407464602840333 13 473 14 528 15 656
2355 -6.0822482213143765 7.8343332004797626 18.374737906580716 34 29 25 0.78032385482805577 14 527 15 664 16 678 1 616 17 979
2356 -5.9400047498083381 7.7620066543807971 18.102357612801743 87 82 78 0.56098983734273822 14 540 15 665 16 1953 17 1975 18 1926
2357 -5.6272491245262897 7.7358071966924999 17.94290312935917 82 77 74 0.38351733177408565 14 543 15 670 17 994
2358 -4.2453229832641561 7.6317353586652716 18.319048128560354 88 84 83 0.48981836239882587 14 556 15 697 16 879 17 1981 18 1252
2359 -3.852009577435151 7.3183510641607379 18.069621175857005 51 49 50 0.089590065296941315 13 497 14 561 15 701
2360 -3.5824888375706423 7.4338273731344628 18.739301246631243 102 100 101 0.39151179690983184 14 565 15 705 16 731
2361 -2.2585558487781063 7.0722139486974589 18.351744665043423 103 100 101 0.25987613648976787 13 417 14 579 15 720
2362 -2.1041538064483465 7.369429448209285 18.872073193140519 107 101 105 0.9769831979513488 14 582 15 724 16 1976 1 650 17 2002 18 2252
2363 -1.9394250941526219 7.2777639600274107 18.557594586918629 118 114 115 1.0053356672885232 14 583 15 726 16 2051 1 651 17 2003
2364 -1.1696012960483149 7.3719700917563831 18.887493749416382 57 57 59 0.091897600429477824 14 595 15 751 16 943 17 2009
2365 -1.2144969920977988 7.4047448058776837 18.830330483104987 113 113 115 0.64661691614865169 14 593 15 752 17 2123 16 2059
2366 -0.30418930805692584 7.2482722284589478 19.261366101734687 118 116 119 0.37692627136494611 13 526 15 762 16 780 17 1111 18 1987
2367 -0.1090383397093577 7.3094155145929864 19.185472448852614 120 120 120 0.31645759117699701 14 2020 15 770 16 2063 17 2017
2368 0.78297132499678157 7.262519652007402 19.346210486457988 47 47 49 0.49414338125351964 13 533 15 779 17 1298
2369 -6.4731606528419974 7.8515429915133916 17.051386722302304 92 84 82 0.33283115732070317 13 572 15 806 16 1020 14 646
2370 -6.2535387910343534 7.7141353087640381 17.224196355577586 40 35 32 0.83379055138207991 13 471 15 809 1 1503
2371 -6.2652123837371487 7.8786540508256291 17.829142131170336 87 82 79 1.0016268294610711 14 525 15 819 1 687
2372 -5.7940366127055203 7.7775909898157725 17.042568467106477 87 82 79 1.0272612334014994 11 513 13 597 15 822 16 1034 1 691 17 1173
2373 -4.7484164882669004 7.6977592055137896 17.344327593143209 52 48 47 0.43793528471129051 14 670 15 837 16 1054 1 709 17 2074
2374 -4.6717078148008735 7.7076200172612515 17.489329812377406 60 56 55 0.34971287088175468 14 671 15 838 16 1052 1 713 17 2073
2375 -4.6902757416353165 7.7386928856727346 17.532760262979977 60 56 55 0.52664048339384772 2 487 15 839 16 1053
2376 -4.1485544666707224 7.6614306397511607 17.788133985675678 107 101 101 0.4489693037171118 14 687 15 846 17 1194
2377 -3.6535893342924837 7.5136400648135933 17.7256565707183 50 46 45 0.52572166354527083 13 501 14 697 15 856 16 890 17 2098
2378 -3.2552417999089998 7.4867968153237818 17.837929615796643 108 108 107 0.38916475636289782 14 706 15 861 16 897 17 1210
2379 -1.6493861460652048 7.4518270295964948 17.766253558850053 100 98 99 0.18277532471208735 14 725 15 896 16 1123
2380 -1.5515255316140391 7.4692305072879126 17.810922179331897 105 103 104 0.85633262449652425 13 662 15 899 16 2169 17 2238
2381 -0.68309581847374956 7.354050340784414 17.946756541198432 35 35 35 0.5154371851724534 13 670 14 736 15 920 16 2177 17 2256
2382 -0.6737503923983259 7.312346128377345 17.851631009073106 35 35 35 0.16881457310273976 14 737 15 921 16 2176
2383 -0.32217755517532892 7.3347920280079375 18.264798816322013 118 116 121 0.59625970507697257 14 742 15 928 16 1147
2384 -0.19912242656104998 7.3816621828144484 18.498354200409423 59 57 60 0.65842539636693476 13 674 15 929 16 2181 17 2258
2385 -0.059088323591651233 7.4451345493127148 18.325024700145317 56 54 55 0.49840782089522068 13 677 15 932 17 1461
2386 -7.4689534432583216 7.8541037254582706 15.953052794608451 45 38 30 0.27768011671050002 13 556 14 772 15 956
2387 -7.4689534432583216 7.8541037254582706 15.953052794608451 45 38 30 0.27768011671050002 13 557 14 773 15 957
2388 -7.2910278614686543 7.8820650064776281 16.191468055169011 43 36 28 0.20895582309212746 14 776 15 961 13 558 16 1003
2389 -7.0854088245034417 7.8580941996267191 16.367758304700466 53 45 42 0.63864347390029919 13 561 15 965 16 2080
2390 -5.8641607383348164 7.9729190241475125 16.637451997625849 94 90 89 0.30057091606442826 14 810 15 987 16 2224 1 812
2391 -5.896029352012703 7.8599888087578638 16.924968554651798 92 88 87 0.39233680099683177 13 599 15 988 16 1035
2392 -5.5015203022018726 7.8188849930059456 16.311383238124566 98 94 93 0.3808711629529421 13 736 14 820 15 993 16 2228
2393 -5.4943000278960445 7.8689570386904544 16.945149456279413 94 90 89 0.19650391064970885 14 816 15 997 16 1043
2394 -2.9786481588654214 7.4708283024242732 17.202414333329386 56 50 50 1.0771083439077427 14 854 15 1026 16 1081 1 751 17 1376
2395 -2.7237664585034786 7.5309241951615311 17.361341411513777 42 38 37 0.42698800073288884 13 653 14 859 15 1032 16 1090 17 2215
2396 -2.6041205233395028 7.4773719542785395 17.436138796864292 59 57 55 0.57616621667946832 14 709 15 1033 16 1095 17 2213
2397 -2.5591300449740344 7.5111967958162866 17.253782562421083 50 46 45 0.65833294106873874 14 860 15 1036 13 656 16 1284 17 1389
2398 -1.7465495799233466 7.4229755377439668 16.959312857553883 115 113 114 1.1895424608083567 13 772 14 870 15 1059 16 1317 1 1594
2399 -1.5666696019134665 7.6286135968612907 17.575568033890715 60 59 59 0.44490274210383518 14 876 15 1065 16 1323
2400 -1.2191071699849845 7.3552730799289794 17.139049819355893 53 51 52 1.3090456351174187 14 886 15 1072 13 786 16 1330 1 870
2401 -0.34720510416873474 7.3561540550411753 17.883105985242619 53 51 52 0.61082749834017458 13 675 15 1086 16 1150
2402 -0.31809305897349993 7.4009813022018811 17.700820857841983 56 54 57 0.36544884921284088 14 895 15 1091 16 2286
2403 0.19900075188192445 7.2891671808862775 17.906425554049232 53 53 55 0.80751378278322894 14 901 15 1095 13 682
2404 0.12468711184984765 7.2827456000811859 17.567617225874834 46 46 48 0.24063102836170791 13 800 15 1098
2405 0.70401354869953603 7.3826770227904159 17.823571268715799 58 58 60 0.35186725162653687 14 915 15 1117 16 1377
2406 0.75287699305160161 7.3525841361666577 17.849926458211243 112 112 114 0.63158915690914286 14 919 15 1118 16 1374
2407 0.75287699305160161 7.3525841361666577 17.849926458211243 112 112 114 0.63158915690914286 14 918 15 1119 16 1375
2408 -7.1570411020341984 7.8367321394632699 15.141080624342367 41 34 28 0.92915399831247492 12 652 13 703 15 1150
2409 -7.0069106966766848 8.0245974810751086 15.733516002369912 89 82 77 0.32200963985254033 14 968 15 1158 16 2201
2410 -6.2676781306223424 7.9338471059398685 15.773328905548762 86 78 75 0.4972415398796956 14 978 15 1180 16 2316
2411 -5.754368672975227 7.9009000654822694 15.894882641871575 45 42 37 0.28279803831844341 14 2195 15 1188 16 2323
2412 -5.45867627760442 7.855128629767032 15.815347417832621 90 86 83 0.70871055516202264 14 991 15 1189 16 2326 13 734 1 928
2413 -4.894812126181658 7.6385310738109915 15.502717665599421 44 35 36 0.6522189770530773 14 1003 15 1201 1 935
2414 -4.0097296424259277 7.6889190015538675 16.368935941490644 105 99 101 0.60935691326138175 14 1025 15 1223 16 2241
2415 -2.6539339557074921 7.5317063561497513 16.497183737472565 43 41 42 0.19595944446432276 14 1044 15 1249 16 1515
2416 -1.9908367860400742 7.3857217429494924 15.988888571644074 100 96 95 0.20123243797025561 14 2223 15 1270 13 912
2417 -1.9545406126647418 7.5976141937433095 16.578654115412462 53 49 50 0.3798307772001957 14 1061 15 1271 16 2368
2418 -1.7779730004873595 7.4323449064628608 16.595672203465426 103 101 102 0.44776325492856417 14 1056 15 1274 16 2366
2419 -1.7574422190796841 7.5051129988094214 16.409468798750758 103 103 103 0.39413497183466056 13 916 15 1285 16 1529
2420 -1.487979604988457 7.5435378346310573 16.966299570582155 107 105 106 0.19501334765569259 14 1065 15 1288 16 1538
2421 -1.1646145779261861 7.2770789796336377 16.749885697860741 111 107 106 1.9926966747723978 13 788 15 1293 1 871
2422 -0.28526436278266171 7.4661011579506598 17.440242518413992 68 68 70 0.28465134135060655 14 898 15 1313 16 1358
2423 0.57908293066229932 7.3782725737153907 17.377347963863048 59 57 58 0.57150643010842528 13 806 15 1331 16 1582
2424 -4.3774196613318441 7.7164410637775331 15.719465736588928 45 43 44 0.14144472830455543 14 1015 15 1407 16 1461
2425 -4.409059349847201 7.7533809842324741 15.787149105551277 45 43 44 0.31264177285959904 14 1014 15 1408 16 1460 1 943
2426 -3.2085845714137604 7.8695553749508456 16.371565432764797 107 103 104 0.8072792839451628 3 504 14 1035 15 1431
2427 0.42889061465798045 7.560203290529703 17.134046176271898 115 113 116 0.36851373233857876 14 1104 15 1510 16 1584
2428 -0.14043213858718995 7.379292711952897 15.613787140871393 60 58 59 0.50683440472410957 13 1101 14 1447 15 1660
2429 -1.3073409592857037 -16.367823726435109 34.183560880571747 48 40 38 0.68460367019883372 10 87 11 1073 13 1624 15 1726 14 2626 16 1676 17 1603 17 2320 18 2047 19 1288
2430 -1.4004554648178009 -16.78485496821796 35.013069008035977 48 40 38 1.0680611326872924 3 728 11 1074 13 1625 14 2627 15 1727 16 1677 17 1604 17 2321 18 2048 19 1289
2431 -0.61723004174166785 -16.89572650946878 34.876080341278872 5 0 0 1.2063412622089982 3 731 12 1334 13 1627 11 1043 15 1728 17 1598
2432 -0.61433994093820865 -16.903546156213615 34.884679227630002 5 0 0 1.1392752525338283 13 1626 15 1729 14 5 17 1597 12 1333 11 1042 3 730
2433 -9.9743509868635698 -6.3048606310993192 36.099085315235584 49 32 18 1.312296971296975 2 1435 11 1574 12 2221 13 2467 14 2636 15 1732 16 2737 1 2095 14 3004 17 2617 18 2431 19 2078 20 1245
2434 -10.05417796962157 -6.3631059511808967 36.375124075764695 49 32 18 1.4340400724984881 2 1436 11 1575 12 2222 13 2468 14 2637 15 1733 16 2738 14 3005 11 1814 1 2096 17 2618 18 36 18 2432 16 36 17 26 19 2079 20 1246
2435 -14.9654080838278 -2.3127774651841499 27.76132575742384 113 108 105 0.39242104486429991 13 1633 14 1792 15 1735 16 2447 17 1611
2436 -13.4939504381024 -2.3587386432264066 29.675654155570214 116 111 107 0.71748447851221064 12 49 15 1736 17 1612
2437 -11.152135751311059 -1.4925271453531261 30.019262865958478 62 54 51 0.95814427836413474 12 54 13 35 14 44 15 1742 16 51 1 1297 17 47 18 64 19 1306
2438 -10.561169186533798 -1.5650139362804127 30.351367726521001 108 104 101 0.77817896994474545 2 964 13 37 14 1800 15 1744 16 1690 1 1299 17 1615 18 1487 19 1309
2439 -2.3753809211867001 -1.88238368106533 35.550553878557203 38 11 0 1.0706675279615643 9 873 15 1747 10 1057 16 1697 19 1311
2440 -10.333931554753564 -0.90008260415122221 29.578375164445447 110 107 110 1.2349875398185086 11 1098 15 1754 1 1305 19 1313
2441 -10.034849033615348 -1.0790309590341012 30.509647038092858 98 99 101 1.116572493940255 2 84 14 1809 15 1756 16 1702 1 1308 17 1625 18 1497 19 1316
2442 -9.658168132174854 -0.73440674458785027 30.605282888857026 70 68 71 0.88079076734225281 2 89 13 69 14 1811 15 1758 16 1707 1 1313 17 2339 18 2069 19 1762
2443 -13.129862046300424 0.24064823818418746 24.985238688038816 104 81 67 1.4357686905881548 13 2487 14 1817 15 1759 12 2252 13 82 16 1722 17 83
2444 -13.741192457342878 -0.046535431036432484 26.217909364441162 115 106 107 0.30209258188804256 13 1654 14 1815 15 1760 16 1714 17 1638
2445 -13.773500413950631 -0.04508614915742265 26.27920642963208 115 106 107 0.2294966544219636 13 1655 14 1816 15 1761 17 1639
2446 -13.815932959760033 -0.031996763861965094 26.843869423794995 58 47 46 0.71536069924861678 12 1357 13 53 14 82 15 1762 16 1715 17 1641
2447 -13.581499505492387 0.062996066716947866 26.379660034154742 132 115 102 0.31574064968460785 13 84 14 1819 15 1763 16 1723 17 1642
2448 -7.7887384295364406 -0.06886808088875318 28.102578389292898 120 116 117 0.20120720649502633 2 98 15 1767
2449 -5.5697137377104662 -0.094281535984037962 26.946429804182547 155 154 159 0.48528754808883673 3 842 15 1771 16 2465 17 2343 18 2075 19 1771 20 1128
2450 -13.637020044662794 0.43019214348318419 24.840232391064347 112 83 58 0.31592180384674134 13 1665 14 1826 15 1774
2451 -11.945746152500808 0.69561873596893331 23.628284980148788 53 39 33 0.3302637000995351 13 112 14 105 15 1775 16 112 17 1652
2452 -8.6236807748136624 0.58634514312821273 23.513827492353386 134 128 126 0.49177931479641313 13 119 14 1830 15 1777 16 122 17 131
2453 -10.31858863549499 1.006754379739798 23.020618925047643 126 115 111 0.48366473511631902 13 2498 14 1847 15 1788
2454 -7.1758540817207379 0.80138058853300131 22.563953790438319 95 95 97 0.59669454752205642 13 1684 14 2679 15 1792 17 2360
2455 -10.259305740487678 1.9109742116519803 20.941348727169011 94 75 62 0.35306338545609989 13 2514 15 1809 16 1771
2456 -1.2755914214175983 2.1691595921930018 22.588175695355897 125 126 128 0.86539144364847287 13 196 14 2707 15 1834 16 1789 1 1855 17 2402 18 2117 19 1810
2457 -12.875465612976814 3.5362901196961003 23.323597078420498 127 94 68 0.30488856357526328 13 1730 14 1899 15 1837
2458 -12.348867323584845 3.4712964178326402 22.633250244710251 51 21 0 0.054459207643010342 13 203 14 230 15 1839
2459 -5.6680760217314141 2.3178280852649413 18.828250751038077 80 71 66 0.404378563790391 12 156 13 192 15 1846
2460 -12.897040764580824 4.0335333613508944 23.231862218266834 102 73 55 0.46561667679307822 13 1736 14 1907 15 1851
2461 -4.8919598140263219 2.7712398978754549 19.040021010572286 84 79 75 0.3600735772680439 11 257 15 1854 16 234
2462 -0.51907717485766047 3.6483798547895328 26.826675376359319 50 41 38 1.353677642871211 15 1857 17 255 4 149
2463 -1.352583618643062 3.8166948739067892 25.348070559390237 11 6 3 2.0012748858093068 3 257 15 1867 16 1823
2464 -11.939091673954321 7.0425934344377614 23.774609701342296 53 35 25 0.39890370322477392 13 1775 15 1880 14 288
2465 -5.5513121703712471 7.468242503538959 20.625893211876893 22 17 11 0.60015352447160508 2 276 15 1894 16 1864 1 414 17 487 18 1694 19 1566
2466 -5.1992747402343094 7.486682036056477 20.58733324594516 69 64 61 0.47134910088671428 13 348 15 1895 16 427 1 1925 17 2449 19 1898
2467 -2.0834198424371206 7.1710346030103382 20.959617189781824 120 118 119 0.53321260314963193 13 369 15 1896 17 561 16 485 18 1725 19 1598
2469 -1.4492299608459087 7.1187920295600318 19.89362254984712 41 40 40 1.1250653820721233 3 341 15 1914 16 608 14 466 1 495
2470 -1.4642819853539903 7.1767368087498022 19.989517246538892 41 40 40 0.28505076989772477 14 465 15 1915 16 607
2471 -6.4277161468142294 7.7436769820994336 18.643232046694216 80 77 73 0.27360571005863882 14 406 15 1922 16 667 17 1885 18 1816
2472 -6.2776015509984981 7.6789613200013802 19.17064668368797 62 58 56 1.0041832899795631 2 360 12 300 15 1923 16 527 1 1458 17 2462 18 2398
2473 -3.8428240238998721 7.4301969225853037 19.293914435065883 114 110 110 0.52634650804400951 14 442 15 1943 16 1923 1 546 17 1908 18 2221
2474 -3.1811701325891857 7.3406949144316318 19.162255975642186 63 61 62 0.29547122812400223 13 411 15 1946 16 2563
2475 -2.6879717718162222 7.3048714167628628 19.721480118543354 46 44 45 0.31350486065058325 14 454 15 1947 17 1859
2476 -1.0786917116345835 7.2803105909216663 19.456870471630715 79 79 81 0.47475669762451972 13 1821 15 1953 12 1564 16 1983 17 1927 18 1969
2478 -0.7861453111634864 7.1556755401078549 20.066944283180362 119 117 120 0.51077136041698623 14 471 15 1955 16 1932 17 1931 18 2226
2479 -1.0023067237514909 7.2776762134565223 19.548934200075589 115 113 116 0.60273670978412297 10 492 15 1956 16 2584 17 2490 18 2254
2480 -0.66072674043277002 7.1302766606228696 19.559370717816709 41 39 42 0.3156934802057218 13 430 14 1980 15 1958
2481 -0.5163946686611891 7.218731244381356 19.893025877856971 117 115 118 0.58957487192416513 14 477 15 1961 13 435 16 2572 17 2492 18 2412
2482 -7.6707934403386986 7.8556971080660336 17.564423816404641 60 51 42 0.15802242043818648 14 1985 15 1970 17 1949
2483 -7.390378063046577 7.850117545151619 17.518929564090033 35 26 17 0.69203905184884507 13 458 14 510 15 1973 16 824 1 599 17 1952
2484 -7.390378063046577 7.850117545151619 17.518929564090033 35 26 17 0.69203905184884507 13 457 14 511 15 1974 16 823 1 598 17 1951
2485 -7.1793287240915742 7.8441139288945507 17.384985446121892 38 29 20 0.38207608117202774 13 1836 15 1975 14 1988 16 2006 17 2499
2486 -6.1178579953860028 7.7093990487631938 17.65447929269304 46 41 38 0.87748132033449711 12 370 15 1983 16 2014 13 477 14 530 17 1970
2487 -5.98788541439861 7.7133036432573974 17.736934520239824 39 31 29 0.33761074257809337 14 535 15 1985 16 2018
2488 -4.1104222900623215 7.5439034452615026 17.932090332135452 46 41 39 1.0344200766712583 11 476 15 1991 17 2779
2489 -3.7981299396485877 7.329610500291138 18.14364034522713 96 94 95 0.19300895109549213 13 499 14 562 15 1992
2490 -3.3235805638325746 7.4436772844060473 18.207161007463714 65 63 64 0.57829368875010201 13 504 15 1998 16 2048 17 1992
2491 -1.6423845722400372 7.3876804925681734 18.970528947469667 64 62 65 0.62488904518360366 14 2005 15 2004 16 1978 17 2518 18 1964
2492 -1.1570789889874686 7.3517286916551772 19.397625773640421 117 117 119 0.32964606960344939 14 588 15 2008 16 1984
2493 -0.92474901817316335 7.3381821429786163 18.612711367806661 52 52 53 0.38861628278990124 13 1864 14 2081 15 2012 17 2553 16 2610
2494 -0.85912833876472883 7.3695055171912784 19.619093956421654 120 120 122 0.36963707775468935 14 599 15 2014 16 1989 18 1977 17 1099
2495 -0.45432951474202538 7.1611534390521836 19.201970394016438 122 120 123 0.51628849411643674 12 348 14 2012 15 2016
2497 0.89612209184222669 7.2207316892985869 19.334693265241086 53 51 54 0.37313115202498137 13 534 14 2025 15 2021
2498 -6.4048648405129276 7.8706267080573307 17.264480265853351 83 78 75 0.27493385967094663 13 584 14 640 15 2041 16 2011 17 2048
2499 -6.2371756408800207 7.8899997429887909 17.182103257752349 52 47 44 0.40831296725674948 14 652 15 2042 16 2102 13 587 17 2055
2500 -6.2337151887802724 7.8828169634220311 17.391355094799852 45 40 37 0.73223765457859735 13 1897 15 2045 16 2016 1 1504 17 2050
2501 -5.5734062843432026 7.8280389725839159 17.225413187830764 99 94 91 0.48587549862409385 13 604 14 2047 15 2048 16 2109 1 697 17 2061
2502 -5.2221143964000438 7.7123608575159706 17.510907676792513 54 49 46 0.31619242850090196 13 608 14 664 15 2052 16 2023 1 1516 17 2063
2503 -5.038188614046665 7.7447061080658379 17.51610003907528 44 39 36 0.33443500396957049 14 2057 15 2054 13 611 16 2117 1 1519 17 2068
2504 -4.9677412139078729 7.6571229010665496 17.646990107023893 50 47 43 0.64576220468536161 12 463 14 2056 15 2055 16 2028 1 1524 17 2542
2505 -4.7760272969622255 7.6820143646142283 17.357321623767039 55 50 49 0.46336151019909805 13 618 15 2058 17 2543
2506 -4.6485672375272831 7.6119346487852901 17.845977651366372 87 83 82 0.60548751950992474 12 381 15 2061 17 2504
2507 -4.3689699278104328 7.6529936280158424 17.352103045995371 102 98 97 0.55802734071592186 13 627 14 682 15 2074 16 2125 1 717 17 2083
2508 -4.3029712532140234 7.6620679373011829 18.009985519375643 56 52 51 0.40143307968617142 2 1175 15 2075 16 2605
2509 -2.1930856722210001 7.2617198851663654 17.54190044994181 53 53 53 0.2899987183199273 13 1920 14 2072 15 2085
2510 -2.2228781365406025 7.4297442538078409 18.074631388125145 110 109 110 0.91420569284562603 13 1859 15 2087 16 916 17 2110
2511 -1.191409364242765 7.4361302789583403 17.95461137357746 117 117 119 0.68875429927877208 13 666 15 2092 17 2245 16 1137
2512 -0.93959996212166763 7.2779168316571026 18.273049949795091 115 115 115 0.33788383867781269 12 408 13 522 14 2080 15 2093
2513 -7.1805403335516811 7.9087126336404081 15.858016087396537 87 82 78 0.033612993175251647 14 778 15 2113
2514 -7.0692502436817684 7.8856394478091651 16.132014487310581 43 35 32 0.91249278996118188 13 1944 14 2104 15 2118 16 2659 1 1983
2515 -6.6621510577737437 7.8643818915377954 16.554843076843383 82 77 73 0.40266296268051527 14 787 15 2123 16 2085 17 2161
2516 -6.673621802309019 7.8692122963287749 16.571572068716563 82 77 73 0.28062012702242239 14 788 15 2124 16 2086
2517 -6.655113407417832 7.8521456505803009 16.238935686784959 86 78 75 0.20390017311123035 14 2113 15 2127 16 2205
2518 -6.5213746406036197 7.8647057338766668 16.626308088520947 97 89 86 0.40488572700385839 13 574 14 789 15 2130 17 2164
2519 -6.4616598604393198 7.8300339833681178 16.655105327742749 39 31 28 0.94594028721210854 13 1894 14 2038 15 2131 16 2099 1 1558 17 2165
2520 -6.359851891341183 7.8528845193776364 16.664300309735221 86 81 78 0.38699527074880091 14 796 15 2135 16 2101 17 2169
2521 -6.3446905969495635 7.8379219111054104 16.640237698327521 86 81 78 0.4231817061146409 13 1895 14 795 15 2136 17 2170
2522 -6.3068859983148196 7.8532203894418071 16.736326101613301 49 44 41 0.48792370277891617 13 579 14 2041 15 2137 16 2623 17 2568
2523 -6.3371921182530544 7.8437235748122065 16.38532481880997 91 86 82 0.35961386065431061 13 578 14 2118 15 2139 16 2620 17 2563
2524 -6.3371921182530544 7.8437235748122065 16.38532481880997 91 86 82 0.35961386065431061 13 577 14 2119 15 2140 16 2619 17 2564
2525 -6.1739624956239423 7.9451764482011891 16.678366215625143 95 91 90 0.4570452527229954 14 800 15 2142 1 809 16 2103
2527 -5.5030337540679053 7.7925465070269659 16.972632369228055 46 42 41 0.72693001860514317 12 1636 13 1905 14 2050 15 2147 16 2630 1 1565 17 2178
2528 -4.9634068303648489 7.7752534280343477 16.922381258551891 95 90 87 0.45335986728160954 13 614 14 827 15 2151 16 2115 1 1568 17 2187
2529 -4.0333762896454424 7.5820642308930273 17.083022208608892 97 91 91 0.80997017383755698 12 476 14 841 15 2161 16 2129
2530 -3.9917680455911673 7.559165315375961 16.852307497244386 39 33 33 0.65972459632169278 13 1912 14 2130 15 2163 16 2637 1 1576
2531 -3.7872344967642468 7.6768100184777364 17.081205479361479 58 54 53 0.57903336712499887 13 640 14 843 15 2168 16 2247 17 2579
2532 -3.6165868341160863 7.7165870866252089 16.865008838516768 42 38 37 0.8403827630991163 3 501 13 1957 14 2135 15 2179 16 2670
2533 -3.0861466305612462 7.5794911186939089 17.028921883763367 46 42 41 0.63022644661124516 13 1919 14 2141 15 2183 17 2602
2534 -2.383400600892096 7.497840350897218 17.116394845846145 60 58 60 0.30748759605841142 14 862 15 2187 16 2262
2535 -1.7785182400340735 7.3605968954427583 16.977882391026569 51 49 50 1.3424927490574921 13 770 14 868 15 2190 16 2268 1 1593
2536 -1.7785182400340735 7.3605968954427583 16.977882391026569 51 49 50 1.3424927490574921 13 769 15 2191 14 867 16 2269 1 1592
2537 -1.414987261486861 7.4991156991134345 17.492918328942409 59 59 59 0.65710887842900501 3 431 15 2195 16 2275
2538 -0.22711661660330407 7.404087017384394 17.647125949358895 50 48 50 0.54402353120817637 14 2156 15 2210 16 2678
2539 -0.046064680107501442 7.3605148570056498 17.847365440764928 106 104 105 0.47652707812598205 13 681 15 2213 16 2289
2540 0.21939066157943002 7.3938706760667658 17.624959340516362 118 118 120 0.41028070451002679 13 801 14 905 15 2217 16 2295
2541 0.55772735778298288 7.3102148726062577 17.845447564267111 53 51 54 0.53296450725226929 13 1929 14 2158 15 2219 16 2297
2542 0.87610894029552344 7.2778205894671659 17.774820589700319 115 115 117 0.43293011151321598 13 810 14 920 15 2221 16 2299
2543 0.84400967190744325 7.3127734008518903 17.676662503124152 53 53 55 0.38433385924118463 13 808 14 922 15 2223 16 2302
2544 1.0780583495206113 7.2528842884560341 17.910114972629891 119 119 121 0.57725183304471317 14 2162 15 2224
2545 -7.4690010604075745 7.8017900304085277 15.129780979533027 89 80 73 0.62710777337797696 12 1729 13 697 15 2233
2546 -7.3167418331142695 7.8794746207026876 15.219656167705418 37 29 26 0.3931446944186297 13 701 14 2182 15 2236
2547 -7.0171056230359374 7.8819480737374326 15.705195502181216 48 40 37 0.15004169186982388 13 705 14 2107 15 2237
2548 -6.2578925528139839 7.9229807703146706 15.869523217523511 48 40 37 0.60146717103584169 13 716 15 2243 16 2210 1 914
2549 -6.3566758061744197 7.978418001432849 15.761901525426046 54 46 43 0.74277748820125977 14 2189 15 2245 1 1615
2550 -6.0747505021597172 7.9228128174646777 15.566880600686297 92 84 81 0.35542635791869365 14 2191 15 2248 16 2682
2551 -5.5554252873446996 7.8801440470305186 16.046400338787222 42 38 36 0.93715339488997951 13 1952 14 2197 15 2257 16 2687 1 1622
2552 -5.4695288488845213 7.8742887525627419 16.080844157960215 90 86 87 1.1324144995348457 14 2198 15 2264 16 2688 1 2009
2553 -5.2264805555622331 7.8022321234267551 15.735607642478739 97 93 92 0.91185112065430718 14 2206 15 2269 16 2690 1 1627
2554 -4.6944924922168862 7.678756503093628 15.875336240092842 92 88 89 0.86295604584729213 14 2209 15 2275 1 1631
2555 -2.5131111125144456 7.4872588615908944 16.684663773226735 48 47 45 0.56658999961595802 14 2144 15 2294 13 763 16 2260
2556 -1.5533242938255878 7.4181151380596351 16.64619932610001 110 108 109 1.3978721141933779 13 781 15 2305 14 1064 16 2372 1 867
2557 -1.1511590310044426 6.9363334147998392 15.801002354278067 105 103 104 2.0078951105635814 14 1068 15 2309 1 869
2558 -1.063924670577197 7.5969761119421149 17.278003027677407 118 117 118 0.33293494249542716 14 2228 15 2311 16 1548
2559 -0.75709082847629317 7.4716590383632218 16.87750026736515 43 41 44 0.39475170744504956 14 1080 15 2316 16 2710
2560 -0.6163266414619949 7.5384038042354238 16.907991762091431 45 45 47 0.4948501731772097 14 2230 15 2318 16 2711
2561 -0.34705613421057835 7.5870748932542487 17.306461569108063 103 101 102 0.51033244282468104 14 2233 15 2320 13 797 16 2380
2562 -0.37393455261245356 7.520417635160582 17.030024931588965 62 60 61 0.35065192872932593 13 938 15 2321 16 2714
2563 0.56344721470475168 7.3013347472001717 17.062709945223897 113 111 112 0.32708054951400617 14 1099 15 2326 16 2718
2564 0.33260516878178331 7.5844796104590664 17.532371757687223 53 51 52 0.47187346431317795 14 2240 15 2329 16 2387
2565 0.42796276989671733 7.478958316115353 17.223359171748648 106 104 105 0.49124174459923542 14 2241 15 2330 13 2040 16 2719
2566 -6.7698918022637136 8.057272577016203 15.289769482419025 53 45 43 0.22868267673697121 14 971 15 2348 16 2311
2567 -6.4219468285135033 7.9401856913223963 15.342167844649881 44 36 33 0.37162633183870503 14 2185 15 2351 16 2313
2568 -6.3067579416552091 7.9232129880866493 15.331608177855919 38 33 29 0.50778489918059533 14 974 15 2352 1 1025
2569 -5.2008160674928154 7.7558784854697871 15.515564488056848 48 43 41 0.84111886498984112 12 1746 14 2201 15 2366 16 2332 1 1628
2570 -4.176992472456555 7.7963144536315054 15.988367373470277 107 102 99 0.34685393689878485 14 1021 15 2374 16 2342
2571 -3.9793932134655434 7.4964737914619946 15.001234724443881 98 94 94 0.84950823246277807 14 2287 15 2376 1 1063
2572 -2.1166404835710644 7.6031618234729264 16.311281822536937 38 36 37 0.40339577133087007 14 1051 15 2385 16 2360
2573 -0.3946515657609091 7.3602613431995536 16.432698419373896 45 42 43 0.49644531550986626 13 936 14 2232 15 2406
2574 -0.21272747643796874 7.320876447715122 16.260336328436292 48 44 45 0.15499998189304731 14 2321 15 2409
2575 -0.069011362841934432 7.4273858228769409 16.433955579484927 36 32 33 0.54982670438567649 14 1248 15 2415 13 945
2576 0.61757686145687285 7.3442781799108001 16.595059687211858 60 60 62 0.28126375327619163 13 955 14 1266 15 2419
2577 -6.174535219833853 7.9262646520200368 14.664757992726603 84 76 74 1.2540971203137734 14 1162 15 2439 1 1144
2578 -6.174535219833853 7.9262646520200368 14.664757992726603 84 76 74 1.2540971203137734 14 1161 15 2440 1 1143
2579 -4.9367434982823823 7.7779518654207882 14.584682090157813 47 41 41 0.80197290505872765 12 763 14 1328 15 2454
2580 -5.1089755854276966 7.9904933676656134 14.975160700531395 47 41 41 1.0837310682635484 14 1329 15 2455 1 1155
2581 -4.0241387909448685 7.6226428431155018 15.019693015081739 103 102 100 0.70047821021525569 12 685 15 2469 1 1674
2582 -0.99310325618985074 7.5551601305296527 15.776444058876571 50 46 45 0.47253032914604065 14 1431 15 2511
2583 -0.36762329422130824 7.4715631584001816 15.618322943810153 103 101 102 0.31981924200963813 12 1846 15 2521
2584 -0.087559220599493587 7.4047916161038909 15.858823634772399 55 53 54 0.19320847721045489 13 1103 15 2524 14 1250
2585 0.55594044265168996 7.4696594975189994 16.225576839428868 61 57 56 0.15487648367711859 13 1110 14 2327 15 2529
2586 0.47935109230025813 -15.907285384250983 31.694447261321919 48 43 39 1.1920256973211218 10 946 15 2568 3 690 11 1047 16 2434 1 1789 17 2315 18 2040 19 1734
2587 -10.287459610496574 -3.4022545057403706 34.646170152467398 93 84 75 1.1269526656244504 11 122 13 2469 14 2640 15 2574 12 48 16 2444 12 1343 17 2327 2 959 19 1751
2588 -5.9913671183195047 -3.0537027446744665 39.140145809471257 145 104 57 1.4189463401858844 2 1690 10 1051 15 2577 18 2440
2589 -12.531553785404613 -0.51863886656017055 28.021597366395493 75 71 70 1.2754031893365838 13 2484 14 2651 15 2584 16 2459 1 1811 17 2632 18 2298
2590 -13.475188627350656 -0.24179525647620639 27.376838869529276 106 102 102 0.79319383776029218 12 2243 13 2482 15 2589 16 2457 17 2337
2591 -13.699889987033243 -0.063689514674870898 28.419894428528607 112 102 98 1.1389525688946847 12 1358 13 2483 14 2659 15 2590 16 1716 1 1814
2592 -9.916365587716049 1.2780895846982758 21.284933348438042 70 56 48 0.32429083779897122 13 2509 14 2680 15 2612 16 2789 17 2369 16 2486
2593 -10.086345060365682 1.3046744071588052 21.5622987934569 70 56 48 0.81827867827857304 12 2267 13 2510 14 2681 15 2613 16 2487 17 2368
2594 -4.7673848502609291 1.5803519450680783 23.150496711567108 0 0 0 1.155334123580757 11 1160 14 2686
2595 -5.0132605967809107 1.6884378956103474 19.557956144649747 116 112 113 0.62121074460921 12 1423 15 2630 17 2384
2596 -12.630876686254402 3.0376855193022427 23.077688123783926 116 83 51 0.54158546074336822 13 2534 14 2703 15 2634
2597 -4.6693984876560712 3.9628168031718114 19.67030458763562 102 96 98 0.46343849444930491 2 1519 12 2337 15 2668 17 2735
2598 -5.2216985841176662 4.3610831488493966 19.207926450233302 11 2 2 1.0300350614823048 13 1770 14 1934 15 2672 16 278 1 1418 17 2436 18 1603 19 1436 19 1845
2599 -0.012131647204240682 6.6397025485642818 23.200751820605241 124 124 126 1.2796159496800641 13 1789 15 2679 1 1433 17 1782 18 1629
2600 0.73134134710365695 6.6040495486446815 23.558799753553711 49 50 52 1.5067087986601893 2 1098 14 2751 15 2680 16 1848 1 1912 17 1771 17 2746 18 2157 19 1871 20 1001 20 1313
2601 0.99635740959325736 6.6665996435325283 23.916619987474164 119 120 122 0.77463957839828024 9 418 13 2582 15 2681 16 2552 17 2444
2602 -6.1603754800575601 7.4646401445009571 18.977634378562204 64 59 56 1.2994719309649765 12 1543 15 2688 1 1447
2603 -5.0028036915003362 7.4944734336074106 18.724070416746013 80 76 75 1.1282571089118749 2 1564 11 1675 15 2695
2604 -4.7829714466124926 7.5765088010161907 18.881271406957865 45 40 37 0.67169439372334783 13 2603 15 2696 16 2578 17 2480 18 2214
2605 -8.8993864892075738 7.8403779519422132 17.369620717970552 23 9 0 0.30894637655388391 13 1828 14 1982 15 2703
2606 -6.2671520595449621 7.8294575138929927 18.211376220352147 28 20 17 0.77702710673387387 14 2775 15 2708 1 1952 17 2768 18 2416
2607 -7.9223530931635278 7.8174650269098027 16.198411452834566 37 27 18 0.14773241193068407 13 1880 14 2791 15 2723
2608 -7.9223530931635278 7.8174650269098027 16.198411452834566 37 27 18 0.14773241193068407 13 1879 14 2790 15 2724
2609 -6.195431007480817 7.7675775779789289 17.410380532898706 81 76 73 0.9052082389750632 14 2792 15 2729 13 1841 16 2595 1 1967 11 1690 17 2534
2610 -6.2428237213671132 7.824331248624433 17.518223249936607 81 76 73 0.4423091741694396 14 2793 15 2730 13 1842 16 2596 17 2535
2611 -5.6454647110140765 7.6323801237924949 17.193535716834369 48 43 40 0.16476723992718997 12 1631 13 1845 15 2734
2612 -4.7559965430724542 7.7519327083094645 17.92073745183146 48 44 43 0.76315317478191369 2 1194 15 2737 16 2602 14 2064 17 2545
2613 -2.249763675271593 7.3321168911794192 17.518545054057871 104 102 103 0.19040462643097053 13 2638 15 2744 16 2645
2615 -7.13952471479391 7.6936953584056154 15.492724848684523 91 87 78 0.74740286446032478 12 1672 14 2099 15 2757
2616 -4.6036094132183312 7.7658731346519554 16.521178723671749 47 43 41 0.63555189694845748 14 2811 15 2768 13 1953 16 2666 1 1998
2617 -4.3952799989582978 7.5550929582294595 16.551047844112503 96 90 90 0.54310247999338623 11 1698 14 2812 15 2771
2618 -4.4416668280764799 7.6356971083255827 16.534320985962601 54 50 49 0.56482240328049516 12 1689 15 2774 16 2665 1 1997
2619 -3.3712626839106958 7.6866894856405308 17.226110518157508 59 58 56 1.3230926035308426 3 1399 15 2780 16 2252 1 1586
2620 -2.7808497469112265 7.4010664324107651 17.048422714288481 53 49 48 1.245524555091678 3 1039 14 2142 15 2781 10 583
2621 -2.0953808866009318 7.3709840192818072 17.295618260211612 107 105 106 0.14439412950019467 13 1922 14 2147 15 2786
2622 -0.26645914648675306 7.3945106281253796 17.545767860027183 102 100 103 1.9021291984958777 12 1660 14 2155 15 2788 1 1606
2623 -6.5610252255164818 7.7113624500201112 15.136268030867837 50 43 36 0.74357455992697419 12 1736 14 2826 15 2792
2624 -5.3095357000077374 7.73681479515849 15.916628982477645 44 40 41 0.81104219228285668 13 742 14 2831 15 2795
2625 -4.8270884786454697 7.7735553905243906 15.891822521125858 53 48 45 0.13471525903433401 13 2664 15 2796 1 2013
2626 -4.8639844525100466 7.8164546341554368 15.977583031817099 53 48 45 0.2732585796285511 2 1264 15 2797 1 2014
2627 -3.6157304573239899 7.6040958002384578 16.383227774674825 52 48 49 0.27381176633109439 2 1237 14 2134 15 2800
2628 -3.1606339474179705 7.6694429424133732 16.165159221116529 46 45 43 0.81809548874784699 13 2012 15 2801 16 2697 2 637
2629 -3.0686981425314723 7.55571767944818 16.104796540899812 94 90 89 1.2380732212484582 12 1697 15 2804 16 2696 14 2213
2630 -5.458690851425847 7.8167912486981956 15.321077886511434 52 48 47 0.75572637704298096 13 2663 15 2826 1 2033
2632 -4.2201662738867665 7.7673364517140833 15.206457791111355 100 96 95 0.62002155970980444 14 2288 15 2871 1 2039
2633 -0.20785489165610649 7.4448280087428289 15.653736006112458 113 111 112 0.567570843886119 12 1848 13 2125 15 2884
2634 -0.17571194686013059 7.3652187132927018 15.491867656328175 113 111 112 0.01262488726798543 14 2419 15 2885
2635 0.79962031049300664 -15.405161117046887 31.600372299179625 6 2 1 1.3028788849419566 10 1687 11 1795 12 2208 15 2904 2 1662 1 2091 18 2279 19 1961 20 843
2636 -10.4137788187744 -6.6432462948185504 36.651345199644489 132 113 93 1.2060458716870646 2 1434 11 1812 13 2811 14 3003 15 2910 11 1572 14 2635 16 2735 1 2094 17 2616 18 2052 19 2077 20 1102
2637 -10.536332910618709 -6.3767917523901998 36.421869149557992 14 3 1 1.0852047839302035 2 1682 11 1573 12 2597 13 2812 14 2634 15 2911 16 2736 17 2799 18 2282 19 2076
2638 -13.727705598948859 -2.7846269792033418 30.480672598898163 102 98 97 1.4510183204836835 12 2598 13 2813 14 3008 15 2914 16 2443 1 2097 17 2619 18 2436
2639 -9.8217629642979105 -3.0595500880995576 37.894994485381481 152 118 72 0.92582774070707208 2 1688 15 2915 12 2603
2640 -14.290564692773003 -0.62956667053845483 26.437797270772894 75 67 63 1.0893067834775292 13 2476 14 3019 15 2925 12 2230 16 2746 17 2806
2641 -12.919673429123753 -0.73274473734434264 27.77711444762739 110 106 107 0.19597874181121522 13 2477 14 2650 15 2926
2642 -13.537845321075132 -0.45551003567937737 27.888742168218325 109 104 101 1.8952855577089562 12 2608 13 1656 15 2927 14 1805 16 2458 1 1810 1 2102 17 2336 17 2807
2643 -13.030857328436493 -0.33486676805472493 27.658838408158797 110 106 103 1.4168709536591688 13 2825 14 3033 15 2928 12 2610 16 2759 1 2110 17 2809 18 2447
2644 -13.245645896335215 -0.33474082585778125 28.125724314309981 110 106 103 0.82022597903573735 13 2826 14 3032 15 2929 12 2611 16 2760
2645 -12.777414750676758 -0.5115298675584905 28.056792699896238 115 111 112 1.2959941546607985 12 2612 14 3021 15 2930 16 2763 1 2103 17 2812 18 2449
2646 -12.777414750676758 -0.5115298675584905 28.056792699896238 115 111 112 1.2959941546607985 12 2613 14 3020 15 2931 16 2764 1 2104 17 2813 18 2450
2647 -12.106690587736658 -0.42540576819893722 28.632996374866391 84 78 80 1.0442565259060006 12 2617 13 2828 14 3022 15 2932 16 2765 1 2111 17 2634 18 2452
2648 -12.176542304759211 -0.42404347781458718 28.782266064321263 84 78 80 1.0971148556202954 12 2616 13 2829 14 3023 15 2933 16 2766 1 2112 17 2633
2649 -11.597429763384877 -0.57268063917531886 29.378295703204596 8 3 4 1.3612323248507754 12 2619 13 2830 14 3024 15 2934 16 2912 1 2105 17 2814 18 2524 19 1758 19 2169 13 60
2650 -5.9129096526672678 -1.0754389047853372 38.010684311462839 132 83 40 1.0789641634165563 2 1695 15 2939 13 2832 14 3028 1 2108 17 2815 18 2446 19 2089
2651 -13.421129277857149 -0.21809933094843442 27.638686729497302 64 60 61 1.0631198185651332 12 2609 13 2827 14 3031 15 2942 16 2761 1 2109 17 2644
2652 -7.8182242003699631 0.43737154497727199 23.80536275296669 129 125 126 1.1924137334072358 13 2500 14 2664 15 2948 16 2774 17 2819 18 2457 19 2180
2653 -3.2659614526943104 0.21520506051417831 25.739799663292075 153 158 162 0.4108739961714119 2 1468 13 2494 14 3044 15 2954 16 2778 1 2120 17 2656 18 2315 19 2096
2654 -10.291404265548589 1.3266691659696739 21.359479156795434 63 48 41 0.20162046798752331 13 2844 14 3051 15 2959 16 2783 17 2667
2655 -9.8129027241189615 1.512821204668787 21.044782154057941 55 41 32 0.37052528045929711 13 2847 15 2964 16 2790 17 2677
2656 -2.3130648961166238 1.9922057877724604 21.662206913195803 73 70 71 0.46891828133244973 13 2863 14 3073 15 2980 16 2933 17 2831 18 2469
2657 -12.317754502344824 4.0884748109530573 22.577880921048401 96 64 41 0.37519674058225366 13 2547 14 3091 15 2990
2658 -1.2073116759552893 2.8398129727139962 22.221858912735215 126 127 130 0.08253810231400327 13 2868 15 2994
2659 0.69182213519046787 3.4290729231126598 25.074208011694871 5 1 1 1.9682530171099881 3 1671 15 2997 1 2153
2660 -9.6247508822365972 4.0160328702915109 20.198277709913366 35 19 11 0.57051160628099418 13 2880 14 3098 15 2999 16 2825
2661 -9.6247508822365972 4.0160328702915109 20.198277709913366 35 19 11 0.57051160628099418 13 2881 14 3099 15 3000 16 2826
2662 -4.7754482413354982 3.9445786208361762 19.384665311590819 57 54 57 1.4827934514956733 13 2565 14 2736 15 3012 16 2537 1 2169 17 2734 18 2372
2663 1.2353319844965491 6.4312250979633916 27.245147579438736 73 47 31 1.4225302079888096 11 1220 15 3019 10 1176 1 2175
2664 -5.9727103080245527 5.9290782323328246 18.536492917330911 4 0 0 0.62819610857213193 13 2580 15 3026 16 2842 12 2836
2665 0.48718873313457856 6.890827544684452 24.158570883127688 98 98 100 1.3646153133257595 11 1654 15 3027 16 2844
2666 0.40370466511920172 6.7693519123048276 23.226698325598573 81 81 83 0.44379691864244819 12 2362 13 2901 14 3113 15 3028 17 2751 18 2500 19 2144
2667 0.40253442912501686 6.7777823609867554 23.246768424438979 81 81 83 0.44815325776468767 13 2900 14 3114 15 3029 17 2750 18 2501 19 2143
2668 0.63159142971824089 6.7579695887826912 22.693325172715411 123 124 128 1.3651741030825593 13 2586 15 3032 16 2966 1 2301 3 1562 10 1769 17 2752 18 2389 19 2048 8 1369 20 1457
2669 0.77672991999496988 7.2418439654619924 19.004771544881073 103 103 105 1.3773996173870626 13 2914 14 3133 15 3052 8 834
2670 -5.3639704369445385 7.8760514457536308 16.344107402998109 89 86 84 0.25793568891316981 13 2648 15 3071 16 2984
2672 0.57740784902077713 7.4917304587863356 16.104727290221632 90 89 90 1.7757822183650591 2 1607 12 2463 15 3095
2673 0.51208699159307358 -4.27321535916444 31.514099469011235 65 60 57 1.2684938661093363 2 958 15 3101 16 2901 17 2800 18 2434 19 1966 20 1103
2674 -13.794710701288677 -2.483423419668223 29.772946077598753 112 108 107 1.3837580203482005 12 2784 13 2817 14 3192 15 3103 16 2740 1 2238 17 2802 18 2435
2675 -12.308202204516897 -1.1346975141946558 30.208864571065003 1 1 1 1.0591543456592065 12 2787 13 2988 15 3106 16 2906 17 2883 18 2521
2676 -12.061977770817631 -1.1825896503879907 30.317424720921245 64 51 40 1.0119350636693756 12 2605 13 2821 14 3196 15 3107 16 2907 1 2242 17 2804 18 2443 19 2085
2677 -8.5589424340920921 -1.4947703483681822 32.611276102805363 113 112 111 1.3279262116368085 2 1836 15 3108 16 2905 18 2522 19 2167
2678 -12.818555644124499 -0.35166321493023045 27.794196705269577 77 75 76 1.1407020656794977 12 2614 13 2992 14 3201 15 3110 16 2911 1 2246 17 2810 18 2451
2679 -8.9098177056703811 -0.13027476997598236 26.55551062444199 116 113 108 1.0321702731751203 12 2791 15 3113 19 2171
2680 -11.202752412943083 3.6720995148843985 21.920286248319155 38 19 8 0.45819889082676668 13 3014 14 3223 15 3131
2681 -9.3479174365122883 3.204556275384618 20.24671975103659 39 24 15 0.51862130735572143 13 2866 15 3133 16 2808 17 2836
2683 -2.3661872527357808 6.9592280435124643 21.909456578297 84 80 81 0.85363131958751526 13 3042 15 3158 16 3045 1 2300 17 2928 18 2625
2685 -4.0427266917531455 7.3885651199937659 20.442815484663317 89 88 86 0.79727315494724904 13 3048 14 3247 15 3162 16 2969 17 2931 19 2228
2686 -1.3871118713325228 7.0766478141530698 20.348661868225321 89 87 90 1.0693458542818777 2 1895 10 1577 15 3163 1 2304 17 2973 18 2632
2688 -5.6578406412683115 7.7619718104864832 16.506397489613942 94 90 89 0.53469170118647169 12 2724 14 3139 15 3175 16 2873
2689 -2.2548169060274228 -16.199214720838103 34.533322551197791 12 4 1 1.5071939782511359 11 2060 12 2891 13 3084 15 3198 16 3065 1 2410 10 1967 18 2516 18 2584 19 2163 20 1338 20 1407
2690 -10.660713804630706 -7.0872813435793969 36.472213270966378 107 91 78 1.1798040769914919 2 1938 11 1952 13 3085 14 3282 15 3199 16 2997 1 2236 17 2880 18 2517 19 2164 20 1350
2691 -11.268097097007924 -0.66434575101013971 29.884798428662425 62 49 44 0.93472747712052817 12 2790 13 3087 14 3283 15 3204 16 3002 1 2336 17 2886 18 2525
2692 -9.8966746833137069 0.47960722088138236 25.119616937919091 120 112 110 1.4443811313253752 13 3091 14 3212 15 3210 16 3008 1 2253 17 2892
2693 -12.395539652359616 2.2279056092974665 22.979479870815226 124 81 47 0.1997124217403167 13 3092 15 3212 14 3289
2694 -2.8056137678328064 2.5472283381042278 21.358323697379554 117 117 117 0.70350857670150735 2 1862 15 3217 16 3020 1 2347 18 2603 19 2248 20 1433
2695 -12.001537308517685 4.3643790215505431 22.549037328711528 106 69 40 0.18503184013847243 13 3019 14 3231 15 3224
2696 0.30235179556539998 6.4361470958501394 24.487639679497931 93 91 94 1.2125289506647394 3 1685 15 3231 16 3041 1 2369 17 2967 18 2619
2697 -9.9976838771717382 7.5767764316414219 19.708958639433924 27 14 5 0.31468782659206845 13 3045 14 3243 15 3235
2698 -11.047984968008405 -6.6662858767922444 36.326418998860625 95 83 74 1.6272077236355733 2 2011 11 2153 12 2892 13 3134 14 3345 15 3248 16 3066 17 2944 18 2586 19 2235 19 2278 18 2636 20 1415
2699 -14.170445490480144 -0.4601821839017215 26.830050600805439 108 104 101 0.92390285397078598 13 3141 14 3348 15 3249 16 3069 12 2956 17 2948
2700 -11.015598772659366 -0.035836655300444858 25.899169215802331 114 109 105 2.0379924574630239 12 2957 14 3352 15 3252 16 3121 1 2412 18 2642
2701 -10.668979745287647 0.29990456756295181 24.800947546840916 43 33 27 0.64728479415292506 13 3142 14 3354 15 3255 16 3070 17 2952 18 2594
2702 -10.668979745287647 0.29990456756295181 24.800947546840916 43 33 27 0.64728479415292506 13 3143 14 3355 15 3256 16 3071 17 2953 18 2595
2703 -8.6823872149171599 0.40736476885850714 24.716498851923511 121 117 116 0.97623238257240763 13 3088 14 3357 15 3257 16 3073 1 2416 17 2954
2704 -11.786575051458447 3.6694834743909301 22.353677715813646 119 76 41 0.61125872769983525 13 3156 14 3369 15 3267
2705 -11.786575051458447 3.6694834743909301 22.353677715813646 119 76 41 0.61125872769983525 13 3155 14 3368 15 3268
2706 -7.4425008955951704 -20.509051855961708 40.799416541595562 119 89 61 1.5157541662491212 2 2057 10 2140 11 2249 12 3006 13 3184 14 3394 15 3298 16 3150 1 2448 17 3016 18 2633 19 2309
2707 -4.7659224231870532 -5.012995258143409 38.805727618063671 152 107 65 0.82720042178055087 11 2212 12 3009 13 3186 14 3395 15 3300 16 3154 1 2450 17 3018 18 2673 19 2312 20 1498
2708 -9.7193534904153118 -4.8640584460707688 37.05232826951908 150 118 83 0.94569427472145529 2 2120 11 2262 12 3039 13 3225 14 3434 15 3339 16 3152 1 2489 17 3017 18 2696 19 2342 20 1530
2709 -2.2159902359278441 6.6015996041814677 22.489266580749433 80 76 75 1.0690314856638334 12 3052 13 3237 15 3355
2710 -9.2785866928368108 4.3364577259722825 19.942696853591922 47 30 22 0.9199500962205911 13 3252 15 3365 16 3165 17 3029
2711 -13.803885781810092 -2.1946062212914641 30.815404926611702 109 104 101 1.25482739906508 12 3072 13 3262 14 3464 15 3368 16 3183 1 2525 17 3061 18 2713
2712 -4.9023263430756376 -2.3564663736712483 39.13384159642797 208 174 110 1.0886790537599889 2 2182 11 2342 12 3088 13 3274 14 3473 15 3379 1 2532 17 3073 18 2731 19 2370 20 1570
2713 -9.2505835340767497 -7.4209357737764909 38.183608446664728 214 188 131 1.2375400062138704 2 2191 11 2351 12 3094 13 3278 14 3479 15 3384 16 3199 1 2536 17 3080 18 2728 19 2365 20 1575
2714 -10.940918885052982 -2.1233147933714287 32.804523414536163 104 100 99 1.6868269335560926 12 3096 14 3481 15 3386 16 3206 18 2736 19 2380
2715 -9.3301063084316951 1.8690729778706867 20.382177647771577 61 46 39 2.0143937662702305 13 3280 14 3482 15 3387 16 3202 17 3075
2716 -7.5594189787171056 -17.810755794327399 38.972896452006964 75 59 43 1.9120786441444102 10 2332 13 3287 16 3211 15 3394 17 3082 18 2740
2717 -6.9869389102254482 -10.725225576270446 36.109110447714798 106 81 59 1.7375601013224913 10 2333 11 2357 12 3102 13 3288 14 3489 15 3395 16 3212 17 3083 18 2741 20 1581
2718 -1.3196320235300152 7.3648306498497904 15.224015226500427 48 46 49 0.66834620624832153 10 1246 9 1030 11 1343 15 3093 13 2936 14 3159
2719 -3.8390918885515322 7.423106842402138 19.281497446159818 110 108 109 0.7605897542904031 2 375 13 399 15 1942 12 317 14 441 16 1922 1 547 17 1907 18 2220
2720 -2.4054368826149632 7.5143392114523717 16.044564717165741 25 22 23 1.5603106374701827 11 583 13 2018 15 2840 12 1761 14 2835 16 2703 1 973
2721 -5.4385360627752846 0.31558154010987249 25.847494411775198 95 94 100 0.55323125235379389 2 986 13 1673 14 2666 15 2597 3 840 10 1080 11 1113 16 2478 1 1820 17 2347
2722 -5.4202038961878571 7.6735862132496182 17.466229905893027 43 38 36 1.4946564709720498 2 1584 13 2615 14 2795 15 3054 11 1896 12 2716 16 2978 1 2200 17 2940
2723 -4.1550033787272449 7.3380476956386307 19.944037520468019 51 48 48 1.0799172001456556 12 2844 14 3246 15 3161 3 1573 9 1545 16 3049 1 2303 17 2933 18 2570 19 2274
2724 0.059639997714231417 5.7383988597578908 26.877441854374066 70 47 35 1.8844208237173172 10 2008 11 2093 12 2826 2 1879 13 3032 14 3242 15 3013 3 949 9 1314 13 276 14 283 16 1836 1 335 1 2171 18 284 19 283 20 589
2727 -4.0559538013468082 7.2435961400963551 21.335040315926605 89 85 84 0.20360029535013621 14 333 15 402 19 1515
2728 -2.5319759609772881 7.1519758706799896 21.156364372115341 42 39 39 0.73441294892201336 14 338 15 412 16 1865 17 1811 18 1717 19 1886
2729 -0.11249219747690078 6.2870464494031193 27.77003666091672 112 103 100 0.24272406712562009 13 1777 14 285 15 1878 16 1838
2730 0.77013118356428922 6.2359807327115142 27.037294351504585 72 46 30 0.82922335205378839 13 281 15 1879 16 294 17 300 18 2146 19 1439 20 979
2731 -0.71605868366298686 7.1199380977680162 20.166207213735589 60 60 62 0.35115833051336437 14 475 15 1916 16 1933 17 1862 18 1787
2732 -12.288180768169529 -0.93613022390668643 27.410468698795725 113 109 109 0.65461235053838152 13 2478 15 2583 16 2452 18 2289
2733 0.078911802299167028 2.6720044370590585 24.150193826141681 108 104 104 0.82329195420740842 13 2545 14 2720 15 2643 16 2516 1 1862 17 2713 18 2350 19 2117
2734 -4.9960682311105611 1.6609865530851902 19.469494907865204 115 111 112 0.29997041133839109 14 3058 15 2973 16 2799 18 2341
2736 -0.46122658073012929 7.2784224462489941 18.514919267769038 54 56 57 1.0278875017889573 2 1904 10 1909 9 1547 14 3254 3 1580 15 3172 17 2941 8 1377
2737 -10.10356136823297 4.7043276726598462 20.599614074293498 12 1 0 0.64520195167560768 14 1927 15 1872 16 1824
2740 0.28176395027476464 -13.84388113707459 28.406201992418502 6 1 0 0.80241886638848481 2 32 16 5
2741 0.33165475831143093 -15.76659625356112 31.428486901295081 8 3 0 1.0003834612920344 10 33 15 2 16 6 17 0 19 1278
2742 -2.0014166506843645 -16.827076191224307 34.315805826086873 47 36 30 1.3785340777252013 9 41 11 39 16 11 12 12 18 10 19 6
2743 -1.6194046213835085 -17.577906209897421 36.21847690628897 47 37 35 0.072775108360862761 3 54 16 12
2744 -1.7434402070922446 -16.482770722903119 35.019381670574234 13 5 2 0.83612276942901165 10 137 16 15 9 107 17 12 19 28
2745 -13.66398065158867 -3.0993671997795973 31.105182467877917 118 113 109 1.4752909792587903 13 1630 14 2639 15 2573 16 41 1 51 17 2620 18 42
2746 -13.534693025520067 -2.8299181677293372 30.510871913577358 80 76 75 1.0037672519720169 12 47 13 13 16 42 18 45
2747 -13.326367509321347 -2.3917012223941172 29.950651776287433 84 79 76 0.70401669659682875 13 26 16 47 17 36 18 58
2748 -12.941671452133082 -0.68674395103251773 28.071058772256748 90 86 86 1.2885040116441107 13 43 14 52 16 58 1 69 17 56
2749 -10.640032109986107 -0.85417304396838067 32.215061316796735 112 111 116 0.95094886143951796 14 65 16 65 1 82
2750 -9.4268288998553675 -0.78850822017863709 30.404835193804345 117 117 119 0.38486726297420937 13 71 16 66 18 100
2751 -6.9465614693035675 -1.3454643161417392 38.220253798480577 75 44 28 1.2326197247086601 3 132 16 70 18 1503 14 75 13 49 19 101
2752 -13.164756097854166 -0.00052079351560882503 26.893509329390543 122 107 102 0.46337275892122276 14 86 15 79 16 74 17 1644
2753 -13.39368841533266 -0.14044456501182101 27.541702723481404 54 49 43 1.2702591480114163 13 55 14 87 16 75 1 1319
2754 -13.231956576703388 -0.54969849180862296 28.595753462665272 107 103 104 0.98004055212447727 14 55 16 79 1 70 17 57
2755 -10.399206151593695 -0.63101635978528514 29.018649500598038 120 114 114 0.31666021467552774 14 64 15 59 16 86 17 67 18 96 19 1315
2756 -10.798247893725099 -0.5942537809522016 29.548270601715505 81 75 75 0.93896607373021246 13 63 14 63 16 87 1 75 17 1630 18 95 19 81
2757 -10.634824851373622 -0.60460878606921342 29.234774937834835 81 75 75 0.6918054487516434 13 64 14 62 15 58 16 88 17 1629 18 94 19 80
2758 -10.530879471536906 0.17172424928279598 27.453645758985949 91 85 85 1.6181611441315504 14 1820 15 87 16 94 17 90 18 116
2759 -6.2485215711914828 0.064731222666903662 25.696440362775345 118 116 121 0.57162377136500264 2 112 16 96 1 120 17 108 18 1514 19 1326
2760 -11.880832212860453 0.68653082706092916 23.525333282304135 42 31 29 0.12364431918726666 14 106 16 113 17 1653
2761 -9.7106955579128247 0.67898644485556636 22.823645007138037 96 85 81 0.5616045103663182 14 110 15 1789 16 117
2762 -6.1775377244319039 0.30910669713775973 25.015673156657794 137 143 153 0.91875400577282795 14 116 16 132 15 115 1 1327 17 1656 18 2079 19 1778
2763 -5.8722476586311876 0.37334518932074495 24.882477651266633 144 149 154 0.77979877607494463 14 119 16 134 18 142 17 110 19 1342
2764 -10.677636938881516 1.0583346022538263 22.176446544147399 94 76 68 0.11491522891840583 13 127 14 135 16 148
2765 -8.8139691623157344 1.0896749922176814 21.52777668184476 112 103 98 1.0844460891905408 14 139 15 160 16 151 13 1689 12 1395 17 1680 18 182
2766 -8.3190707048376069 1.0594305949899778 21.128928073614347 81 69 66 0.7088971965375328 14 162 16 152 17 146 18 1541
2767 -7.2604580767519593 1.0262101422206193 20.714853440727303 89 80 78 0.52004138234494601 15 161 16 155 14 164
2768 -7.1890803957567568 0.90986743577251017 21.26562544434567 119 113 113 0.56194828742688741 15 141 16 157 17 154 18 1542 19 1359
2769 -4.003362968614864 0.84131505069462342 22.527760597739547 109 109 117 0.60106139263171909 15 148 16 159 1 174 17 158 19 1364
2770 -4.0066408123570749 0.8403613140082713 22.538590454762886 109 109 117 0.54826958418569283 15 147 16 160 1 175 17 157 18 1545 19 1365
2771 0.13063112726595849 0.76530136431471907 24.150192856418233 159 167 178 0.89912538432530675 13 144 16 162 14 154 18 198 19 1791
2772 -3.0555877106949216 1.304645259144336 21.29760920420475 125 124 129 0.66759400347294662 15 180 16 187 17 174 19 1383
2773 -1.9677823485192021 1.4442312204250913 21.701023405088435 72 66 66 1.2089017678681064 14 194 15 188 16 191 1 201 17 195
2774 -1.9608979687761909 1.4489201812474475 21.682251222247764 72 66 66 1.1928948471826561 14 195 16 192 1 202 17 194
2775 -9.9373451362326328 2.4367392815192552 21.060071547472671 31 12 5 0.76446302137508138 12 1435 16 198 17 203
2776 -8.3779966267331893 2.0115710488058069 19.94935230359313 41 33 26 0.28555253228477545 12 146 13 173 14 1880 16 199
2777 -8.0624718294423126 2.0071423911186161 19.470133186920378 70 62 58 0.70638919946540046 14 1882 15 197 16 200 17 205
2779 -4.3578985840170716 2.7068399202945432 19.709277874241408 107 102 102 0.38113527022542898 2 195 16 222 19 1821
2780 0.16981395092153839 2.722540000659297 24.120323347626218 55 48 45 1.2964915312068217 13 218 14 243 16 226 12 1453 1 256 17 241 20 563
2781 0.72868445955002936 2.710794741417565 24.468173597027413 28 18 17 1.097154405341682 14 247 16 228 1 257 12 1454 2 1039 19 238 20 565
2783 -1.1575404375382961 3.2905451352273145 23.006265357653472 41 30 24 0.55002198258140655 3 242 10 377 16 244
2784 -4.0728131558754992 3.7497384597534253 20.069275950699936 51 42 41 0.49827741362477679 15 290 16 267 18 1599 19 1427
2785 -3.897943207233153 3.7173018107971969 20.347314408501855 80 70 72 1.0440693249736468 3 264 16 268 1 310 17 281 18 1594 19 266
2786 -0.99999591639356344 6.0933783721288712 26.833985390165214 46 42 41 1.3551440037112903 12 2350 16 289 2 1092 1 345
2787 -1.0327074120818078 6.1605955628763782 27.115953428783332 46 42 41 1.6353156001417297 12 2349 16 290 1 346
2788 0.72159396730921266 6.2074837051485128 26.686691354922978 130 120 113 1.2701826009095869 2 241 16 293 12 1508 19 1440 8 222 20 978
2789 0.57029911965903268 6.1949899935946382 25.968101692148249 96 96 98 1.0168850594617784 12 221 16 297 2 242 17 304 20 594
2790 -0.2862947876818695 6.7985171873352606 23.233457351005757 131 129 131 0.55633379050020071 14 316 15 348 16 315 18 1628 17 364 19 1868
2791 -4.5963684034523471 7.3060969360984229 21.768503803066366 18 13 10 0.80312291247030942 15 365 16 321 17 389 18 421 19 511
2792 -1.2662187504428037 6.8586741044309347 22.124852975597797 108 106 107 0.42873777634588023 15 371 16 335 17 432 18 1638 19 1490
2794 -5.4089181932973069 7.3468567054202119 20.544336027669196 51 46 43 0.36683907011483924 15 394 16 359 18 514
2795 -5.3864631183890914 7.3445268893291882 21.144257553208167 9 4 1 0.56866961354639201 13 315 16 361 1 1439 18 1658
2797 -1.9021084897090634 7.0095362045477145 21.433360274428043 51 51 53 0.27068569255406483 15 422 16 388 17 424
2798 0.63430199299313994 6.89953549820103 21.602583519838074 74 73 78 0.21020588159871334 15 438 16 402 17 596
2799 -6.0539104842694247 7.6307756954883494 19.628943301389533 25 22 16 0.43654015628859233 15 459 16 412 18 1751 19 1922
2800 -5.6700125126975571 7.521654241191511 20.564812976286046 19 14 10 1.0214489990008282 13 345 14 375 16 419 1 415 17 483 19 852
2801 -5.5583895701178845 7.4952390156930582 20.49631989021529 58 50 47 0.51802667470714192 14 376 16 421 17 485 18 1692 19 1567
2802 -5.5041869519146758 7.446758830586262 20.368158802689695 58 50 47 0.32417140638543024 13 347 16 422 14 377 17 486 18 1693
2803 -4.4837809809435081 7.4556442082901837 19.980830236685801 97 95 95 0.65754474000792584 15 474 16 440 1 467 17 1848 18 1765 19 1635
2804 -4.0788140906615897 7.2867802266569672 20.264176175246785 81 76 74 0.28555207946760935 15 477 16 443 18 693
2805 -2.2961514763907771 7.2837053648850292 20.809353450840142 118 116 117 0.63390986637885716 15 506 16 475 17 553 18 739 19 924
2808 0.84829741599213193 7.0542002108881476 21.041780017950899 47 48 50 0.37088799291059321 15 512 16 504 17 757 18 991 19 1678
2809 -4.516453819690855 7.450672773791184 19.432515741545817 83 78 75 0.23333682929616231 14 426 16 544 17 680
2810 -4.676784985035928 7.5543301725764067 19.023464945726285 49 44 41 0.42385512275729004 14 419 16 546 1 531
2811 -4.4983004170143337 7.4699383394157133 19.278622704860961 94 89 86 0.47363266976461943 13 396 15 555 16 547 1 529 17 1845
2812 -4.4326538222518579 7.5603713220687343 19.263569677994511 92 87 84 0.36435894516352402 15 556 16 549 17 832 18 1049
2813 -4.2412789334147476 7.5194365773915344 19.415004060554907 95 90 87 0.56438311703171806 2 372 16 552 17 835 18 1055
2815 -3.1647444489982379 7.439642041321112 19.392555656095674 112 110 111 0.1928141453143791 15 583 16 574 17 853
2816 -2.9900706869827265 7.2909685603643828 19.962563325728279 104 100 101 1.1325577639168951 13 364 16 580 1 485 15 498 17 714 18 1779
2817 -2.7795494034198138 7.2791511940225551 19.746996950562629 42 38 38 0.93293873796130511 15 499 16 582 1 486 18 1782 17 716
2818 -2.9134519299563046 7.282008683982597 19.490022698483177 100 98 99 0.43418354505941864 15 585 16 587 17 1919
2819 -1.5924310257961598 7.266723708764645 19.853622700003047 53 53 55 0.45984193160111009 15 593 16 603 17 1922 18 1871
2820 1.4967541163932436 6.9821803785871825 20.758059193556797 116 120 123 0.13912129059343212 15 514 16 636 18 1804
2821 -6.6859874555860923 7.8525700891720716 18.319017963255547 42 34 31 1.3639957729375276 14 519 16 660 1 606
2822 -6.4524108842331138 7.7458541053396033 18.434857080800089 76 71 67 0.93134561408615968 15 527 16 664 17 1883
2823 -6.5543036713568004 7.8670760237640218 18.758740676840834 27 22 18 0.5154001045799278 15 528 16 665 1 608 17 779
2824 -6.5543036713568004 7.8670760237640218 18.758740676840834 27 22 18 0.5154001045799278 15 529 16 666 1 607 17 780
2825 -6.1014818796057124 7.6950052488805865 18.208798123163596 45 36 34 0.090914574461251063 15 663 16 677 17 783
2826 -6.1634191862365046 7.7440627459476046 18.742208756521279 31 26 23 0.2665199424514863 15 1927 16 680 17 1886
2827 -6.1560103298438991 7.8404405892308198 18.778940049259344 26 21 18 0.61970044925724777 15 536 16 681 1 614 18 1817
2828 -5.7256533672779861 7.7859716536849426 18.182018761033873 37 32 28 0.29626986310127029 15 666 16 688 17 988
2829 -5.7382823108655909 7.7816585476311229 18.191339863929581 37 32 28 0.82354168740752587 15 667 16 689 17 989 18 1928
2830 -4.4877164097453237 7.5294623986290468 18.894719494076476 94 90 87 0.42657130634009965 15 551 16 719 17 1902 18 1837
2831 -4.40771574581089 7.7432646597716239 18.70450732216208 47 43 42 0.49891642788977036 15 694 16 720 18 1250
2832 -1.423726808646969 7.2792068933527307 19.462181056872826 121 121 123 0.092464104115633064 15 596 16 759 17 1925
2833 -1.200315874458227 7.3573967443547392 19.711712313115822 114 114 116 0.45213058790467714 15 603 16 765 17 1926 18 2224
2834 -1.2708427672829519 7.4183737089668194 19.342252049509618 115 113 114 0.23619880063194226 15 747 16 766 17 1089 18 1326
2835 -1.2096754645256544 7.4156455747621433 19.38276728803821 60 58 59 0.34655262430524164 15 744 16 768 17 1092 18 1968
2836 -0.90507948317871489 7.3117353221972747 19.812880747979303 114 114 115 0.59829716160352486 15 613 16 769 17 897 18 1877
2837 -6.6785225158339401 7.8060643332797737 17.571623510923491 37 30 22 0.84163392336776111 14 518 16 838 13 466 1 605 17 1957
2838 -6.7514162469890264 7.9881204658360145 17.892944178866376 42 35 29 0.88886472863859467 14 638 16 843 1 683
2839 -6.5088127312396331 7.8932803717035558 17.300702258048872 43 35 32 0.4177146463609212 15 808 16 845 17 1164
2840 -6.4529837819841083 7.8588295462963718 17.768572664585786 93 85 83 0.86313100061170334 14 521 16 850 1 1479 17 1966 15 1981
2841 -6.2638711073663673 7.9440670728987941 17.988444460717542 45 40 34 0.93808089666226202 15 660 16 854 1 1507
2842 -6.2638711073663673 7.9440670728987941 17.988444460717542 45 40 34 0.93808089666226202 15 659 16 855 1 1506
2843 -5.5410379341124738 7.8607344978104781 18.066558930909725 52 47 44 0.33330490266603224 15 827 16 865 1 700
2844 -4.2704167433638229 7.7255951432087979 17.953506780775431 53 48 47 0.45262107227554776 15 845 16 876 17 2088
2845 -3.9325641524812616 7.6422260926292402 17.776734410407816 92 87 83 0.44402168792200364 15 854 16 888 17 1198
2846 -3.4139301173247967 7.5344682013293065 17.972592625504429 102 98 97 0.48195179290006535 15 2082 16 896 17 2103
2847 -2.6800321593043686 7.3384820421050101 17.915965503609247 47 45 48 0.41206112133283862 14 711 15 871 16 908
2848 -2.757735145078358 7.4818547813491056 18.206837894227341 47 45 48 0.29542816274166356 15 872 16 909 17 2104
2849 -1.4663286089974772 7.4080981106743291 18.308567817421352 112 112 114 0.40078741242916699 15 901 16 938 17 2121 14 728
2850 -1.1696012960483151 7.3719700917563848 18.887493749416386 50 50 52 0.091897600429440535 15 750 16 942 17 2010 14 594
2851 -0.57392686526785319 7.2971101331618442 19.066102840832222 115 114 119 0.27629809622352064 14 600 16 956 17 2015
2852 0.47021049930122671 7.3314305124185797 19.356101634722236 64 62 67 0.10628722861023533 15 773 16 965 17 1292
2853 0.75777755711123251 7.3783117963934375 19.589162405292743 47 47 49 0.24197233517775305 15 778 16 971 17 1299
2854 -6.2256074064388836 7.8844278996924588 17.278010347578611 92 89 84 0.61456909836788187 15 816 16 1030 17 2054
2855 -6.0919208702340839 7.8897124050543681 17.134620517271426 94 91 86 0.54656758825752827 15 818 16 1031 17 1169 14 655
2856 -5.8535023469679333 7.7951227218356767 17.201594642276895 44 41 37 0.17272733056429693 13 596 14 658 16 1033
2857 -5.378600540496155 7.7969284146213722 17.257106306504369 83 78 75 0.531625198048713 13 605 15 825 16 1044 17 1180
2858 -4.8196169391340549 7.7121410594662976 17.201951559038037 40 35 32 0.7134390776204006 15 834 16 1048 1 1525 13 616 17 2188
2859 -4.5864030620776326 7.7356639771202378 17.202184854683921 102 96 97 0.47764655055497984 15 2155 16 1058 17 1357
2860 -4.2492897096727473 7.603394267241117 17.542153416258024 45 42 37 0.32807713215374434 12 472 16 1059 1 723 17 2089 13 629
2861 -3.8083230341993186 7.7280964680465143 17.732281556163858 55 53 50 0.32900725622698174 15 858 16 1064 17 2097
2862 -3.7359004141490586 7.7127424125781898 17.22751724268289 119 115 114 0.1899363032347452 15 1017 16 1067 17 2205
2863 -3.6280882023629921 7.6735326576253424 17.409857274995488 112 110 111 0.37485601003515195 15 1018 16 1074 17 1362
2864 -3.5693172517188652 7.6777242640488872 17.45840603483482 62 58 59 0.68015774461411882 15 1020 16 1076 17 2203
2865 -2.9950144774994798 7.5399440921948262 17.659748600403965 109 105 106 0.36470723535045191 15 868 16 1085 17 1375
2866 -2.6100960526770818 7.4806254049836287 17.447084510903633 50 48 51 0.56569327664670077 14 710 16 1096 17 2214
2867 -2.2117849622857957 7.4700241375549306 17.682922165750551 58 56 57 0.11698249920951198 15 883 16 1104 17 1405
2868 -2.1299275386347043 7.5162700142426626 17.785441520316269 45 45 45 0.08348247161725135 15 886 16 1110 17 2230
2869 -1.4724791360612852 7.4898123666644292 17.689745029466145 57 55 56 0.31891183709458498 13 664 16 1128 17 2239
2870 -1.348935751158896 7.4297513927918706 18.164163555491033 37 35 36 0.40408221168976582 14 730 16 1131 17 2244
2871 -1.1919308746265564 7.4986474805340748 17.794813536494946 66 65 65 0.36335357250386618 15 1071 16 1135 17 1428
2872 -1.1792586754267129 7.5678405924221339 18.671631717351072 52 52 54 0.74369692154052769 15 907 16 1138 17 1270
2873 -0.17518972459539944 7.4392767136620908 18.085114261576624 116 114 115 0.4080787559074881 15 1089 16 1152 17 2262
2874 -0.12564841917048511 7.4735418537940452 18.334354120134133 109 107 109 0.57539827352167816 15 931 16 1153 17 2263
2875 -0.055057891785435666 7.5085209455593986 18.728696003580652 120 118 120 0.13261410167594348 15 930 16 1154 17 1455
2876 -6.2807586866023675 7.8735653513294208 16.380249676822164 90 85 82 0.2024921313671233 14 799 16 1204 17 2168
2877 -5.4210387713821007 7.7881549903736094 16.316765996571505 45 44 42 0.22056358141507815 13 737 16 1218 14 819
2878 -4.1702660025096545 7.8429482680570857 17.164827146181214 45 42 43 0.10567985415525373 15 1012 16 1256 17 2197
2879 -3.884306768501594 7.5658797642477786 16.237451189734035 45 39 39 0.62031584507123771 12 590 16 1260 1 952
2880 -6.2732246660004067 7.9751783192865586 15.597910048266924 86 78 76 0.54626445460062323 15 1179 16 1425 1 918
2881 -4.9136561567425865 7.7228789173187451 15.768159267386173 85 78 72 0.60778328124708336 15 1200 16 1445 1 934
2882 -1.8154592233575744 7.6101718753806837 16.514410958270002 34 32 33 0.56164667820111802 14 1062 15 1286 16 1530
2883 -0.68646599804493913 7.1242046954526783 16.123238276431568 102 102 104 2.0359785042471383 15 1304 16 1555 1 985
2884 0.48388575892177127 7.3922879308646952 17.232918718483322 50 49 50 0.14579614090705031 13 805 14 1098 16 1580
2885 0.81874482555363981 6.895235421620308 16.334443362250848 118 117 115 2.3901591665354593 15 1336 16 1589 1 887
2886 -2.6034651792368604 -18.125523863930169 37.014178488494316 58 48 44 1.8581253305005856 2 16 12 1318 13 1621 14 1779 16 1668 2 928 3 722 17 2
2887 -2.5181083119936334 -17.269354106149489 35.619811357275161 12 4 1 0.55546270373635609 11 1039 14 1777 15 2571 16 1669
2888 -1.4559918394784221 -16.400414803798665 34.471058133202568 15 5 6 0.48569309315701742 10 968 16 1674 19 1743
2889 -1.4559918394784221 -16.400414803798665 34.471058133202568 15 5 6 0.48569309315701742 10 969 16 1675 19 1742
2890 -0.81060465124530723 -14.939584117980161 31.4041879114572 10 2 0 1.9533204658512433 12 1332 16 1680 19 1290
2891 -13.250479427307056 -2.9963997986228659 30.596272289271994 58 50 47 0.77763393740599729 13 12 16 1684 17 27 18 1480 19 46
2892 -6.8647741577563881 -3.3746229685713871 37.89466356728407 123 93 67 0.57118708608891877 12 2225 14 31 15 1738 16 1685 1 58 17 1613 18 54
2893 -11.121226929088296 -1.5516070510968867 30.38340016839247 100 91 92 0.69623380581864303 13 2473 14 2644 15 2579 16 1689 1 1805 17 2329 18 2058
2894 -8.4223602555159882 -1.421722947297728 32.837169621300639 130 121 112 0.41908019621453296 12 60 16 1708 17 1627
2895 -12.429689288639096 -0.50668073234650424 28.504856974170941 68 64 64 1.0746786312973924 12 71 13 57 14 58 16 1717 1 72 17 59
2896 -6.1817815778851442 0.10293857481177017 25.878684680621173 152 151 158 0.2425267041182548 14 117 15 113 16 1730 17 1659
2897 -5.8240294812479974 0.17509978171381083 26.074327827826043 152 151 156 0.31955680685722104 14 1838 16 1732 17 1660 19 1769
2898 -5.613818972555908 0.038740089526537486 26.538766858369481 157 156 161 0.89101616399205774 2 116 12 94 16 1734 1 123 17 1662 18 120 19 1329 20 885
2899 -10.062332487676569 0.79376320156582258 23.325787137133045 122 111 107 0.21649590155679976 13 114 14 137 16 1744
2900 -6.2048159457074092 0.37310608679988383 24.871615905695727 116 121 127 0.58790346154788076 14 1836 15 1778 16 1747 17 1657 18 1524 18 2080 19 1779
2901 -3.1328302419357783 0.20729642431666451 25.880898897852866 115 116 121 0.44049446600368741 14 125 15 129 16 1752 1 1336 17 1669 18 1530 19 1786
2902 -9.2656736411361553 1.6222887957598073 20.965164181996499 78 69 62 1.083317567821777 12 1422 13 154 16 1755 17 1686
2903 -2.265421037531743 1.469152446375831 21.764424771230122 117 113 114 0.74096290741758997 15 183 16 1773 17 1708
2904 -2.7987665497499523 2.0691140449016698 21.425830830847264 61 51 49 0.79269660193445646 15 221 16 1788 17 1714 10 1123
2905 -5.846214922898799 2.4616185196986082 18.451424902783955 62 56 57 0.84500499632003745 12 157 16 1796 18 1571
2906 -2.3805417213502911 7.0307744313070488 22.444921617445374 42 38 37 0.4901640731324447 15 1891 16 1856 18 2161 19 1879
2907 -2.1808477963546111 6.9967663846786348 22.143002338533854 29 25 24 0.22621201080328035 15 368 16 1857 17 1777 18 2162 19 1484
2908 -1.8781815416367769 7.1707145050541437 21.63375469989353 111 111 113 0.09062617827529007 15 1897 16 1866 19 1527
2909 0.12037794360893167 6.947297495386624 21.630856102907991 69 68 71 0.19114926440552055 13 328 16 1870 17 1819 18 2181 19 1890
2910 -7.8141163140245595 7.8210999588303469 19.469274903984005 10 0 0 1.1492933459188737 15 1906 16 1882 1 1445 17 2458
2911 -6.1346963917507775 7.5977028794211474 19.467721657919444 63 60 53 0.55982251735444744 13 340 16 1885 17 1838 18 2197
2912 -4.8984967910717163 7.5151251891619673 20.39040422870811 88 83 79 0.6975422187579059 15 1911 16 1893 17 2451 18 2176 19 2052
2913 -4.9425230096857469 7.5194489821810064 20.22364371394147 27 22 18 0.74798326255379111 15 468 16 1894 1 459 17 1808 18 2177 19 1924
2914 -4.9255692122506955 7.5051845160308917 20.192922601726501 27 22 18 0.92036562780493048 15 469 16 1895 17 1809 18 2178 15 1910 19 1923
2915 -4.3498747184860598 7.3350516655103259 19.91726776270275 82 78 77 0.2676363091399041 13 354 16 1896 1 465
2916 0.56860994213304394 6.924666684789031 21.537287020927192 131 132 136 0.5792035759672608 13 1798 14 1951 16 1906 18 1732 17 597 19 1909
2917 -6.1671976626727547 7.6066918385016207 19.350883847940342 22 17 11 0.36734421008689155 15 1907 16 1913 17 2461
2918 -4.7364542783116033 7.5789407328179079 18.994283041078067 90 85 82 1.4414725903116454 14 1970 16 1915 1 525 17 1899 18 1834
2919 -4.4217309292486719 7.4632408177066543 19.36378218279355 31 26 23 0.35363544118341145 13 1814 16 1919 17 1847
2920 -6.5936278743092638 7.8973570024516277 18.124403580848252 45 37 35 0.35054903832428108 15 1980 16 1948 17 1959
2921 -5.7304487247319553 7.7105499391846353 18.389922061857817 71 66 63 0.32960173884223687 15 674 16 1954 17 986 18 1227
2922 -4.3627511924020865 7.5563914397830452 18.959347078310071 93 89 88 0.21306935891444087 15 558 16 1962 17 1905 18 2218
2923 -3.3956617176515005 7.4876229248699921 19.153974240714295 86 84 85 0.36387941020110942 15 576 16 1966 18 1855
2924 -3.0447843012356954 7.31280745317037 18.550959604192435 47 43 44 0.42687480758052349 14 574 16 1969 17 2511
2925 -0.91924140412332278 7.2084433919658037 19.497424457492222 47 45 48 0.54037142379865977 12 339 16 1985 17 1928 15 611
2926 -0.75889317600502681 7.2755792737898597 19.778180092605329 111 111 111 0.35967498169808071 15 1957 16 1987 17 1933 18 1879
2927 -0.92717922607845049 7.3106141275620891 19.382504945997059 66 66 68 0.48052493504137822 15 2013 16 1988 17 2520
2928 -0.51874812966568651 7.3491705112101293 19.483596240992728 51 51 53 0.4448029496883405 15 758 16 1991 17 2014 18 1981
2929 -7.807518386328292 7.8528203540036818 17.164719600704387 37 27 18 0.40070179679659279 13 452 14 499 15 1969 16 2002
2930 -7.4815423571983866 7.7935757567773374 17.363405091278018 35 26 21 0.22566923009171741 13 1835 14 1987 16 2004 17 2496
2931 -7.246343744844113 7.8921727806219613 17.481758921618844 35 26 19 0.86461429121159727 13 1837 16 2005 1 1499 15 1976 17 2498
2932 -7.0911033279614184 7.9156129751813475 17.337407708839969 80 71 66 0.28741234751017902 15 2035 16 2008 17 2528
2933 -6.196873043387118 7.7737701723888613 17.813370936620199 43 38 32 0.27635974040593453 13 476 14 531 16 2013
2934 -6.2337151887802724 7.8828169634220311 17.391355094799852 40 35 32 0.73223765457859724 15 2044 16 2017 1 1505 13 1896 17 2051
2935 -4.3897201400922041 7.6323785622137761 17.688491062723884 101 97 94 0.28059279698894207 13 492 15 2064 16 2035 17 2076
2936 -4.0037659187135457 7.5794983959928937 18.414759342851589 43 41 42 0.63229475197528417 13 495 14 559 16 2044 1 639 18 1944
2937 -3.8370733914713511 7.6186186883483087 17.896246988727118 93 87 87 0.18694810148403876 15 855 16 2045 17 2096
2938 -1.0643198821041269 7.3724655535783112 18.850002850204476 109 109 111 0.14083251784284931 15 754 16 2061 17 1265
2939 0.7005083048662154 7.2392056782516523 19.422816455533326 116 116 118 0.59853000000430479 15 2019 16 2068 17 2020
2940 1.2923629685901672 6.4144490005334003 17.119435038515132 47 47 47 2.1449827391133574 15 938 16 2070 1 662
2941 -6.7777118093947708 7.8998896425912184 16.81693840277849 46 39 34 0.27453425081294963 15 2037 16 2083 17 2529
2942 -6.5193039820678731 7.8972159009618723 16.923521232837629 83 75 72 0.40064502808929731 14 643 16 2093 17 2043
2943 -6.605693688833103 7.848710054961062 16.608349255089756 43 38 32 0.42761674038987485 15 2126 16 2094 17 2561 13 1888
2944 -6.661334444577748 7.9074178068276346 16.70348381944434 43 38 32 0.10456956592889426 15 2125 16 2095 17 2562
2945 -6.1170014265165866 7.879795795663366 17.236529795099951 41 38 33 0.33443174409806814 15 817 16 2105 17 2057
2946 -6.0593418755469823 7.9641298372312068 17.070235752185447 37 33 30 0.29590856787570086 15 2764 16 2106 1 1991 17 2571
2947 -5.1177011478755308 7.7202742304881999 17.300141151989596 40 29 29 0.56048492941066197 13 610 16 2112 17 1183
2948 -5.0163099844998644 7.6966242810345227 17.09170824398073 77 70 68 0.14593348362488143 15 833 16 2113 1 1520
2949 -5.0271734625407145 7.7362354366674131 17.499990914136617 41 36 33 0.18615261761110849 14 2058 16 2118 17 2067
2950 -4.4963123639802864 7.7119322763220728 17.34189907926282 96 91 88 0.43512847066794741 15 844 16 2123 17 2192
2952 -4.0459229313456646 7.5673140808668613 17.460597331811776 47 46 44 0.72990505753543689 12 475 14 689 16 2134 13 636
2953 -2.9840653223423379 7.4328489245923803 17.270546912115726 99 94 91 1.0673333159291509 15 865 16 2148 1 750 17 2209
2954 -3.0299322487117126 7.620592134059966 17.66860743714868 59 53 53 0.12547327162192548 15 866 16 2149 17 2211
2955 -2.6980769180770143 7.5926470123489818 17.539296000164768 92 88 87 0.48414417842693319 15 1035 16 2153 17 2218
2956 -2.0574879131671935 7.4878845492243382 17.466827068551655 61 57 58 0.10916443414979225 15 1046 16 2162 17 2232
2957 -1.4619496615132153 7.5164344185365559 18.13391105815046 51 51 51 0.44502715509918339 15 904 16 2168 17 2237
2958 -1.4162913798778423 7.5383423149994302 17.942679091791288 41 39 40 0.40651100775514898 15 1067 16 2170 17 2587
2959 -1.2843989641645477 7.5196618887207141 17.847632698777627 100 99 97 0.3051844971193029 15 2198 16 2173 17 2248
2960 -0.56698256777884748 7.4359408754193144 18.243683437029819 42 42 42 0.32944591508550986 15 2097 16 2180 17 2591
2961 -0.098136846616883128 6.968865610763368 17.445751165414084 105 105 107 1.6723057650693871 15 2101 16 2182 1 1544
2962 -6.5589132285874321 7.9455396249687 16.059490778555979 47 40 34 0.11126627279326912 14 794 15 2241 16 2207
2963 -6.2379015896854773 7.8977983187330958 16.215942413421441 97 92 88 0.66584567907856118 13 718 14 802 16 2211 1 1560
2964 -5.9553664872245458 7.8839684021091774 16.292320787693811 54 48 48 0.4066236372063039 13 723 15 985 16 2213
2965 -5.6070461756430774 7.9065562371092009 16.243721262427552 93 89 88 0.79636719212072027 14 814 15 1190 16 2227
2966 -5.0302217814587991 7.8300957790638774 16.764535865551768 31 26 23 0.68610403261711972 13 752 14 2122 16 2232 17 2184
2967 -3.7336950248352028 7.5039698058619413 16.663683408593339 101 100 98 0.74241051773835431 15 1014 16 2245 1 1580
2968 -1.8668427061397317 7.4492813500909882 16.722169801169578 49 47 47 0.37629548386357237 13 774 15 1273 16 2267
2969 -1.323121378425832 7.2831458409840302 16.953513544606373 54 52 53 1.6350759528941974 14 2150 16 2276 1 1603 13 1968
2970 0.18989402364315214 7.1941005413830625 17.61898697035792 114 113 111 1.6443359176348191 13 1928 15 2214 16 2292 1 1546
2971 0.0041020948133834098 7.4169181892292588 17.561956321132715 111 109 110 0.60798623844806166 14 902 15 1097 16 2293
2972 0.072859725799054365 7.1147805673004392 16.98262478388023 111 109 110 1.8909022217368812 14 903 16 2294 1 882
2973 -2.7400671235767624 7.6083652241648254 16.274398766157571 45 41 39 0.43027072598762928 13 2016 14 2216 16 2353
2974 -2.6752075550229679 7.6666318804363174 16.295609726397309 92 88 86 0.21964695545860602 14 1043 15 2292 16 2355
2975 -1.8926090801204218 7.4154234918119615 16.56847481714453 111 110 108 0.72460339582836286 13 773 15 2302 16 2362 14 1053
2976 -1.7246102738501052 7.4502685625720142 16.638457264446785 50 50 52 0.51387870628079513 13 776 14 1059 16 2369
2977 1.103830384965611 7.3611819467674984 17.220123281945547 69 69 71 0.46563430911700071 13 822 14 1115 16 2396
2978 -1.7174789743205801 -16.597154881176294 33.605443598985225 57 46 42 0.78647761604224187 13 2460 14 2624 15 2566 16 2431 17 2318 18 2043 19 1737
2979 0.48380484003813495 -15.911011292840129 31.687417430872898 44 39 35 1.2846039800037414 3 691 16 2433 10 945 11 1046 12 21 1 1790 17 2316 18 2041 15 2567 19 1735
2980 0.082713036755942521 -15.972410835143869 32.83314055737916 7 2 1 0.75506078566091894 9 765 16 2435 17 1599
2982 0.59544484352949334 -15.204387215780224 32.189414702482587 5 1 0 0.69933915920404166 10 1007 16 2438 19 1747
2983 0.59544484352949334 -15.204387215780224 32.189414702482587 5 1 0 0.69933915920404166 10 1008 16 2439 19 1748
2984 -0.8534709173736249 -16.088481189621429 34.592506735621889 13 8 5 2.0050192369226161 9 1217 10 1005 16 2442 1 1796
2985 -13.643775266852098 -0.5051619944939193 25.211780224234534 97 88 78 0.86192789990612118 14 2649 15 2581 16 2451
2986 -12.532823644798803 -0.97254501286114381 27.833541591122192 113 109 108 0.69296914551062949 14 1798 16 2453 17 2333 15 1740
2987 -9.8227676076337094 -0.88992852783551779 30.544969122769999 113 112 117 1.318245055969562 2 1447 14 3025 16 2454 17 2638 18 1498 19 1976
2988 -12.155122109451327 0.83432699460884241 25.611798458879836 117 104 96 1.4292775690375621 15 1787 16 2470 1 1339
2989 -8.3375426823423844 0.62198657754684861 23.210338494243587 105 99 99 0.49343548558331696 14 2662 15 2605 16 2471
2990 -9.6322858972180789 0.92809587921685555 22.244986843844657 120 112 111 0.6509587706716633 14 1848 15 2604 16 2481 17 2355
2991 -9.4191774845910547 0.90068988611218948 21.887739456086923 120 112 111 0.2955260687720398 15 2603 16 2482 17 2356
2992 -7.7005541543888834 0.92648149230897503 21.870835380093958 97 92 89 0.28239321808642343 14 1850 15 2607 16 2483 17 2372
2993 -1.2162540531470472 1.098815315676823 22.770923362158079 109 112 121 0.90138803015766844 13 1695 15 2617 16 2490 17 2684 18 2331
2994 -4.1184710396828956 1.5395775410417898 20.381806794705053 112 110 111 1.0009155605800391 13 2519 14 2687 15 2621 16 2495 1 2136 17 2688 19 2007
2995 -10.697210512285141 3.9992372111836159 21.240470081504519 43 25 15 0.70298335501709064 12 2663 13 2557 16 2518
2996 -5.7786315411995863 4.3697993638443426 19.118345017698015 38 30 27 1.4658966477393285 13 2567 16 2539 1 1898 14 1932 18 2376 19 2039
2997 -0.92325486422025815 7.0236658518257453 22.118706940461692 69 67 68 0.54757274913956933 15 2684 16 2554 14 2753 18 2165 19 1888
2998 -2.1219322650519827 7.2854957373650313 20.188422896279498 97 103 101 0.26997928724130221 14 1977 16 2566 18 2202
2999 -0.72023421198870563 7.1683114491760751 19.847281465128866 56 54 57 0.25679920555617142 13 1822 14 2769 16 2570 17 2767
3000 -4.5010440070840128 7.5690506363223813 18.578908092110218 93 89 88 0.89457480673557999 14 1991 15 3044 16 2580 18 2245
3001 -2.9247301419918785 7.4317979133067702 18.80875400130741 35 33 34 1.0163836025523589 13 1854 15 1999 16 2583 1 1490 18 2419
3002 0.063462920619983015 7.185435781352572 19.257575508277714 52 47 48 0.33883304253411251 13 2620 14 2018 16 2587 17 2776
3003 0.17646925453067339 7.2940083557265956 19.59879448129568 57 55 56 1.250475425156079 14 2023 16 2589 17 2522 18 2257
3004 1.2160471894225859 7.1406119482774955 20.281329721135695 67 65 68 0.79237570474188068 15 1966 16 2592 17 2495 18 2232 8 285
3005 -0.8752831196875549 7.3909030522228134 19.069677494066806 117 115 119 0.51866282465819524 14 2011 15 2714 16 2611 17 2521
3006 -6.424667995103249 7.872274778968408 17.132031864662178 56 48 44 0.79531540873317508 14 2040 16 2621 13 1892 1 1965
3007 -6.3492169026462495 7.8973644587068534 16.810471489825201 51 46 43 0.53077810067503906 15 2138 16 2622 17 2567
3008 -5.5627179516616296 7.8616957242696399 17.390585779990815 43 35 33 0.62384832276828384 15 2051 16 2625 1 1513
3009 -5.4194303912834227 7.8072907260922335 17.153992309197776 43 36 36 1.0438834763072762 13 1903 14 2053 16 2627 1 1996 17 2540
3010 -5.4194303912834227 7.8072907260922335 17.153992309197776 43 36 36 1.0438834763072762 13 1904 14 2054 16 2628 1 1995 17 2539
3012 -4.283359599178505 7.6962553082274647 17.550160682534997 92 88 84 0.57697133070694451 2 496 16 2635 1 720
3013 -4.0281365225658989 7.6114878349242536 16.970686985907687 42 36 36 0.69719580656920643 15 2162 16 2636 1 1575 13 1911 17 2200
3014 -3.4692761994026959 7.68657620403763 17.421792219785583 105 101 100 0.32721118454674114 15 2778 16 2642 17 2795
3015 -1.5597532312192539 7.4572463950949341 17.62244400744266 44 42 43 0.89980937609343237 13 661 15 2192 16 2649 17 2586
3016 -3.1833086235773078 7.5779754752529991 16.504308441788613 46 42 39 0.4643826623088953 13 1961 14 2139 16 2671
3017 -5.4779270254036847 7.8727869777826012 16.091001380372425 88 84 81 1.2408817223956625 14 2199 16 2689 1 2010
3018 -2.6474855350364139 7.4700901076401856 16.150583728396494 91 87 84 0.78471229020159605 11 582 15 2289 16 2699
3019 1.2562409960717835 7.0480361273153402 16.984249055227721 46 44 45 2.0792460882090542 2 1222 16 2720 1 1609
3020 0.430084261126991 -15.902552876080515 32.643006296672709 11 5 5 1.3761462380071692 2 1421 16 2728 11 1549 12 2207 17 2613 18 2278 19 1959 8 972
3021 -10.946761108350191 -3.9269791714397182 35.972998066555341 19 7 2 0.973186214999057 12 2782 13 2814 14 3006 15 2912 16 2739 1 2237 19 1967
3022 -12.081394029047107 -0.64312364284305112 29.846164869391476 133 131 136 0.65900057038206505 12 2618 16 2747 17 2635 18 2299
3023 -4.1098254468664717 -1.3388754593424279 38.535556511631853 171 130 74 1.3509845183099454 2 94 12 64 13 1648 16 2755 19 102
3024 -13.545052219534229 -0.24458985785583298 26.361158030517636 109 102 101 0.18022815233426584 14 3029 15 2940 16 2757 17 2630
3025 -13.545052219534229 -0.24458985785583298 26.361158030517636 109 102 101 0.18022815233426584 14 3030 15 2941 16 2758 17 2631
3026 -6.9366225036021847 0.79334076087286176 22.355800548280016 98 96 98 0.69353655535989744 14 3048 15 2609 16 2781 13 2841 17 2664
3027 -10.251708854213188 1.3188863514547762 21.298366628727948 58 45 37 0.22283643716487225 15 2960 16 2784 17 2668
3028 -1.7233614099265111 1.5126012584830162 22.262269685237595 146 150 153 1.1611220882084659 9 911 16 2796 1 2134 17 2691 8 717 20 1160
3029 -0.6054623716632338 3.3387394214184005 23.778457961716807 11 2 3 0.3984569917605631 13 2553 16 2823 14 2727
3032 -9.7676370186327368 4.269547266265489 20.55746048414693 70 53 45 0.58665757265242158 12 2675 13 2888 16 2834
3033 0.90459470855166557 6.3093795650661209 26.552018245079708 111 107 107 0.89897299316724677 10 1175 15 3018 16 2840 17 2741
3034 0.33020517013894157 6.7638819823732588 22.96818052568241 114 114 117 1.4462643207218511 2 1105 16 2846 1 2183 17 2447 8 807
3035 -6.5166160744268637 7.8762398648298584 16.345669436440527 89 81 79 0.38483659551750016 15 3062 16 2872 17 2784
3036 -5.7050660061848832 7.8254168605506242 16.61567808018599 94 90 89 0.30248510935613532 14 3138 16 2874 13 2646 1 2312
3037 1.6476951120807859 7.5232374089247029 17.715559185957904 100 100 102 0.41876319782693983 15 2815 16 2897
3038 -2.0051926231269475 -16.704316471004624 35.850592947327513 42 31 27 0.8868012472830239 2 1821 10 1690 11 1799 12 2781 13 2981 16 2900 1 2235 17 2798
3040 -12.018272713963571 0.77525167243931026 25.530826860981175 119 108 104 0.48705863729773929 12 2623 16 2922 1 2256
3041 -9.753788067105063 1.9572634956711017 20.209823806468311 45 32 23 0.8643221956572561 13 2855 14 3057 16 2925
3042 -6.0403594551162225 3.5932103616622881 18.569452925669527 110 102 103 1.834967271870231 2 1745 16 2950 1 2163 17 2852
3043 -14.085511473306465 -0.67070877280900532 27.120921488188909 71 62 60 0.76023988294798051 12 2895 13 2986 16 3000 17 2885
3044 -6.8775844526710301 0.55739516510012621 23.872616910786785 136 135 143 0.48499566141452261 13 3002 16 3010 17 2895 18 2533 19 2243
3045 -8.7764001333114994 1.3988472578301148 20.344949822309122 94 84 77 0.23623681090795945 13 3003 16 3011 17 2896
3046 0.2947188035894448 6.4151629351086639 24.451628509736533 98 96 99 1.0585131803576935 14 3305 15 3232 16 3042 1 2370 18 2618 17 2966 19 2298
3047 -4.9840609583117992 7.7224572047298867 18.589713491422383 72 66 65 0.36541717552839004 13 3119 16 3051 17 2937 18 2576
3048 1.2479785020672616 7.0805796624440616 20.177855969074976 62 60 63 1.4061943066120246 3 1570 16 3053 10 1582
3049 -1.8377399680561308 1.6996160110925382 22.145563761470981 59 46 43 1.0075934062277503 11 2163 12 2962 15 3263 2 2017 16 3075 17 2993 18 2647 19 2288
3050 -6.1975462970960313 7.6333613599139944 18.344427274000928 44 39 36 1.6260621960622701 12 2925 16 3101 1 2442 17 3010 18 2663
3051 -7.5794499075223758 -3.6175114477461041 38.070120450088915 137 99 62 0.63265554029968019 12 3010 13 3188 14 3398 15 3303 16 3116 1 2454 17 2984 18 2638 19 2280 20 1465
3052 -11.843706468067653 0.1080465068923453 24.413535698215238 111 96 88 0.47910428255608534 14 3401 15 3307 16 3120
3053 -9.2601268107081918 -5.1461241276967344 38.913654398368145 175 125 72 1.1867588439357779 2 2121 15 3340 16 3153 18 2672 19 2311 20 1497
3054 -4.790431560624647 -5.0271816628161865 38.925574209718455 151 107 65 0.83275706360166168 12 3008 13 3187 14 3396 15 3301 16 3155 1 2451 17 3019 18 2674 19 2313 20 1499
3055 -2.9449746251645337 6.9509922019835937 22.155742406668498 65 63 61 0.98605094942640592 13 3255 16 3188 1 2518 17 3065 18 2718
3056 -10.264428683740316 -18.295865133573447 36.598820038624233 76 65 59 2.489563505010846 13 3270 14 3468 16 3205
3057 -11.623214721044294 -5.1983593448738601 37.337592739487 45 28 20 1.2008005938450754 12 3103 13 3291 14 3492 15 3397 16 3213 1 2544 11 2358 17 3085 18 2742
3058 -11.023609918251486 -4.9607430812258091 35.716594613011047 45 28 20 1.1174603764012747 12 3104 13 3292 14 3493 15 3396 16 3214 1 2545 17 3084 18 2743 19 2384
3059 -6.6919768660820971 -6.219343405772686 36.743822408918298 112 81 58 1.3654107337636501 12 3110 13 3297 14 3498 15 3403 16 3222 1 2553 17 3091 18 2748
3060 -4.0362948270455643 7.5644249720488768 17.444755682421551 29 27 26 0.8136739163048432 14 688 15 850 12 474 13 635 16 2133
3061 -0.10355432063923078 7.3408987722423573 18.325321009221028 48 48 51 0.7447832998681716 10 524 11 489 13 1926 2 1185 16 2652 14 2800 15 2749 17 2797
3062 -1.0953869224366188 7.3745053831139602 16.975614595274525 57 55 56 1.2584955529423354 9 1356 11 1310 16 2877 12 1708 15 3073 1 2208
3063 -3.9085582717662342 7.7187615013299942 17.341155769125248 104 104 103 0.87935947077731313 12 479 14 842 16 2138 3 1056 2 1206 15 2165
3064 -2.3695358108757678 -3.2747380657822824 35.57497048374325 25 10 7 1.3672037694035697 13 1635 16 46
3065 -10.78808806113523 -0.9681258109762807 29.075078210777558 92 83 78 0.48368672883692326 15 55 16 62 19 1312
3066 -12.039072482036483 -0.46495372369213228 27.634817008133094 114 110 109 0.31187933127720391 15 49 16 82 17 61 18 91
3067 -11.777072030457406 -0.34871524103661061 27.603264266187583 90 84 84 0.33100428652050673 15 85 16 83 17 62
3068 -1.3944035232393754 6.9336309169197721 22.4010338501737 41 41 41 0.47820307242716426 15 370 16 334 17 357 18 470 19 584
3069 -2.0947560313478122 -18.098042701097057 37.256552501603032 32 23 18 0.52834851524943849 12 34 16 1673 3 51
3070 -7.2506077282160302 -1.5268730445954066 37.900741492043799 175 141 104 0.30588857612595399 13 48 14 49 16 1709 17 52 18 1502
3071 -11.567494582733984 -0.50492487814350573 28.028770338291093 115 113 114 0.34641818763323423 15 51 16 1719 17 63
3072 -5.4214192859406918 0.36240155800406137 25.375792990314718 145 144 149 0.91436172928976689 15 120 16 1749 1 127 17 1661 18 151 19 1344 20 899
3074 -3.7666087252546059 0.24020260635503227 25.520912457386963 147 147 155 0.42716931409697206 15 1783 16 1751 1 1335 14 123 17 2350 18 2085 19 1785
3075 -0.18176617772875475 6.6286977709821278 22.969310087625075 48 46 49 0.98435709967925611 15 351 16 1846 1 377 17 1780 18 2155 19 1866
3076 -0.2437572816150072 6.8169130397040707 23.459646739544983 48 46 49 0.57135793605492002 15 352 16 1847 17 1781 18 2154 19 1867 20 1201
3077 0.91631887926487521 6.7340351138955841 23.833728826587915 62 63 67 0.1923060627330683 15 356 16 1851 18 1632
3078 1.2695470474687611 6.8456769716671779 21.603878009734224 126 125 129 0.38787065724742148 15 442 16 1876 18 2187
3079 1.2947863050470809 6.8217163628855211 21.808595618015303 67 68 71 0.3521391182771641 15 441 16 1878 17 1826 18 799 19 1551
3080 -6.2283153421656747 -1.2359320991431149 38.283436676026845 31 4 1 0.71870594712022151 13 2831 14 3027 16 2752 15 2937 12 2607 1 2107 17 2643 18 2297 19 1983 20 1115
3081 -6.2768721357866344 0.0089675678609856934 26.302161171911301 139 137 140 0.9450459133909711 15 3207 16 3005 1 2342 17 2888 18 2592 19 2239
3082 -6.5770045510003037 -2.1979607875780705 37.882754071089266 6 1 2 0.51622952097199415 13 3229 15 3363 16 3176 15 3345 1 2511 17 3047 18 2700 19 2344 20 1533
3083 -3.2327399950986737 -4.537026409819136 35.911602940048304 114 88 70 1.2166463733566706 10 2213 9 1956 11 2263 12 3040 2 2122 13 3226 14 3435 15 3341 16 3156 9 1994 13 3244 14 3453 16 3173 3 1948 1 2490 1 2508 17 3020 17 3044 18 2697 19 2343 20 1531
3085 -13.229161248325827 -3.091124360881595 30.710884055627993 99 94 90 1.1594169051407583 15 24 16 43 1 1290 17 28 19 45
3086 -0.41286314847885269 1.1375353037756699 22.74646990072393 91 90 95 0.92695201465735488 15 194 16 1767 14 177
3087 1.6508621906245355 -17.558468358126554 33.750102984372916 0 0 0 1.2206977850826106 3 675 9 12 10 37 11 7 1 6
3089 -10.32125445583759 -3.9151996087143952 35.333867988521369 134 124 114 0.56371566641125892 11 1093 13 17 1 52
3090 -13.778286485845326 -2.5429961084295347 30.801082605306068 120 115 112 0.85433230593672571 16 48 1 54 17 35 18 47
3091 -13.034587288619747 -0.50116378539348405 29.576816314721317 70 66 66 0.65956588355410484 16 1718 1 71 17 60
3092 -11.138379175526319 -0.65257793165365485 30.71561503853226 115 110 112 1.1194754202932864 13 65 15 60 1 76
3093 -10.669503717086592 -0.79971159377460366 30.121703314310903 75 75 75 0.76724427014532126 2 83 1 78 18 79 19 83
3094 -9.8142419207003417 -0.79078497027502959 34.643707913158806 128 124 125 1.493060662495415 16 1720 1 85 15 67
3095 -6.6409241289043814 -0.4001019862636937 28.552161820659048 125 121 121 0.46213425289719706 2 100 12 78 1 109 18 107
3096 -3.5153387203800017 -0.072647509025000015 27.060007306915278 162 166 175 0.49804007202099704 15 100 16 104 1 134 14 97 17 1667 18 1518
3097 -3.5440195808466894 -0.057895112586291902 28.26240090340038 156 163 171 1.3590230383741322 13 103 14 98 16 103 1 135 17 124 20 893 19 1332 18 124
3098 -8.0349258916095128 0.88218399899718047 22.527782514799345 128 124 123 1.7371980599297461 11 185 15 139 1 157
3100 1.1077157509069939 0.6273308282216985 32.766116215396821 96 96 97 1.3234478405329626 16 141 1 162 17 1679 19 1350 20 541
3101 1.3004930406151747 0.53826040871631997 32.494019487835025 60 58 58 0.85558084066050688 16 140 1 163 19 172
3102 1.7085377194042497 0.80741977666298581 32.999688833304937 53 50 50 0.66722540945182296 2 1002 3 860 1 166 20 91
3103 -7.5600110911138669 2.1992607445594006 19.15816077188218 35 26 19 1.4661813904360583 13 1723 15 214 17 209
3104 0.25516252461678601 1.9278171451307273 20.835185354223764 107 114 121 1.0893588013240905 13 199 15 225 1 232
3105 0.42627903971571118 2.0975612435517985 24.229138867038532 68 59 55 0.97742184188113368 12 152 1 233 17 1717
3106 -4.4942597956674293 2.9109325147900407 19.670154926983397 129 129 131 1.3444342637646072 2 193 1 274 18 1577 19 1413
3107 -1.6908834329316937 3.043042460065863 21.834115070995331 56 47 42 0.621031055236686 2 198 15 258 1 279 17 1735
3108 -0.83854156457470819 3.0088074811519787 23.013918913140536 47 41 45 0.67632303448462017 2 1051 12 1463 1 282 17 1738 18 1587 19 1402 20 946
3109 0.95155017163211597 3.3866262128123958 24.365612476091876 51 42 40 1.0396049500997575 16 249 1 288 17 1739
3110 3.2038951591686797 4.4517989320306679 33.197538553022838 65 61 59 1.3082999799043049 3 244 11 269 1 289 2 210 19 1817 20 943
3111 -4.2620541448655818 3.3163657274944081 19.920800492760694 99 97 98 1.2291637746900241 11 273 1 293 17 269 18 256
3112 -4.133669598790493 3.7808236056782558 20.03313473987032 77 67 66 1.0545376371412625 2 214 1 307 19 1429 18 273
3113 -5.9182076655392297 3.6452697698848859 13.914786935347598 34 23 17 0.60316128042076556 13 270 1 342
3114 -2.9472561289245536 6.7460888400922538 23.158735419003087 50 46 45 0.73994773530882074 15 337 1 361 17 1768 18 1612
3115 -4.1968954836007049 7.1273829220448324 22.286670635131934 23 18 15 0.89286377023221364 16 322 1 393 17 343 18 1636 19 1459
3117 -5.9247218858986663 7.5333052415784927 20.593378021655418 45 38 35 0.33693092274901115 2 295 1 406 19 1564
3119 -7.8880094306362629 7.7809227679957766 19.586756373393289 39 30 26 0.52474041440462704 15 453 16 1881 1 445
3120 -4.9915437322558827 7.4780203273803023 20.365694749625206 82 77 74 0.84317642668665005 2 307 14 1957 1 455 19 1901
3121 -4.6511334889923317 7.3450190184522146 19.682801796970374 34 29 26 1.0256730714044242 12 273 1 460 2 309
3122 -4.6511334889923317 7.3450190184522146 19.682801796970374 34 29 26 1.0256730714044242 12 274 1 461 2 310
3123 -2.1779052392518792 7.1826292502434388 20.430629023852752 52 53 55 1.3284415835107946 16 484 1 490 17 727 18 943 19 1129
3124 -4.4618847128594359 7.5430794627552968 19.128243721294773 51 47 44 0.54616629485222434 16 548 1 534 17 833 18 1047
3125 -4.1741658051843933 7.5179839913870232 19.236350243556089 58 54 51 1.0825196548118143 2 373 3 391 1 538
3126 -4.0088439770748971 7.4697426859923688 19.08980028644438 49 48 46 0.39791917143814909 16 558 1 543 18 1844
3127 -2.2967557287693809 7.2939124858976454 18.746359560158425 47 47 47 1.2057121179521939 2 383 1 562 17 2517
3129 -5.9849844566624872 7.8578008975864444 18.665974505066423 32 27 23 0.70232726770288834 16 683 1 617 17 792
3130 -5.629564993717433 7.7706248635970407 18.536430566787509 91 88 83 0.4839887999658784 16 700 1 619 17 991 18 1231
3131 -5.5351855873890594 7.7269502124936569 18.611264498529167 88 85 80 0.32277041868037781 16 696 1 620 17 804 18 1931
3132 -5.5556153132888975 7.756066906523535 18.546682155913068 40 37 32 0.47991504400462154 15 678 16 702 1 621 17 1000 18 1933
3133 -5.5556153132888975 7.756066906523535 18.546682155913068 40 37 32 0.47991504400462154 15 679 16 703 1 622 17 1001 18 1934
3134 -4.819066758802232 7.5631771665700418 18.41801186373462 88 83 80 0.70073687276480057 11 1281 1 629 17 2502 18 2240
3135 -7.2218153827216476 7.7937531318771187 17.256402271174601 79 70 61 1.4575842429392789 12 433 14 513 1 674 17 1955
3136 -5.7827467064002285 7.5885382615861907 17.297516554564307 37 32 29 1.2273150870078249 13 479 14 537 1 690
3137 -4.9867283717053663 7.7402057739408905 17.275957935370052 48 43 40 0.14325309968092567 16 1047 1 707 17 1187
3138 -4.1639112334358304 7.6038293459772106 17.867886817172579 119 115 114 0.53412517536181292 16 883 1 726 17 2087 15 2078
3139 -3.8646403868729853 7.5082152050459978 17.439981994469637 56 52 51 0.69192118172957262 14 695 16 1062 1 738
3140 -1.4919856800526927 7.2695535228063495 17.56519057399499 45 45 45 1.2897313023062034 16 1125 1 760 17 1420 15 898
3141 0.50153606596122025 6.8720907035187153 16.249343757299606 105 105 107 2.0165635891967004 15 1326 16 1579 1 884
3142 -5.4420027654750571 7.8359918205767638 15.789647789965159 96 91 88 0.71531876006524586 14 992 16 2325 1 927
3143 0.33422202913299776 7.443936921135224 15.758831233735826 0 0 0 0.43452572275381496 13 1106 15 1678
3144 0.28893505445466777 7.8514441276567055 16.140106764834936 50 24 13 0.81143769603675764 10 682 1 1244
3145 1.0462157618392856 -14.963234612695048 31.889045945224865 27 22 18 1.8373894459592066 10 144 11 77 1 1285 3 84 18 23
3146 2.3714181753017818 -14.727117370664983 33.200935669967606 0 0 0 1.232928812318018 10 162 11 1078 12 2217 1 1286
3148 -5.5314712424846713 0.032766467256479824 26.66062574471399 110 113 116 0.4368249233480061 16 1737 1 1330 19 1772
3150 0.54291283004381874 1.4909754655330514 24.489286781770243 75 71 70 1.3140489508678455 15 1822 16 1779 1 1372 18 230 19 1387
3151 -4.8915346735308374 1.3210254185015926 12.567287045635389 40 32 29 0.16396291120964945 13 174 1 1375
3152 -6.6180935073031764 2.0172353417319693 14.780057104812421 43 29 18 0.56972458106373758 13 189 1 1386
3153 -4.7756694647744702 3.0412257609602387 19.59242246583274 110 104 104 2.1220191232128705 16 237 1 1394 19 1412
3154 3.401409748975309 4.4675144809763179 34.335408574868808 96 92 91 0.80456072435580284 3 908 9 344 12 1477 1 1397 10 1137 11 1183
3155 -9.0317180361984377 4.1509423997185202 20.255193343068175 0 0 0 0.26169492460429661 13 1760 15 1869
3156 2.0201555807474594 4.1525885656836907 24.564387726073868 34 31 35 0.44962654448676992 12 2332 1 1412 2 1517
3157 2.7827050475959161 5.7016219011585303 31.714404715442573 24 6 1 1.5299360922801826 11 1210 12 1500 1 1416 2 1085 19 2134 20 580
3158 -8.7063567038361285 5.0469270650403661 19.255344638588713 0 0 0 0.38323620995352187 12 1504 13 269 14 279
3159 -7.909255825862533 7.896023507629379 19.616824800587946 14 6 3 0.82698378589387112 16 1883 1 1446 17 2459
3161 -6.5758738232016141 7.9670537340416949 18.386939643806514 48 43 39 0.790425848439268 16 1950 1 1481 17 1968 18 1916
3162 -5.0319624078517675 7.7173258782219127 17.632234507057337 88 84 83 0.74386711947982709 13 483 1 1518 17 2071
3163 -3.4033570127197725 7.4743245127681579 17.41270289174032 45 41 40 0.53229601398192672 16 2144 1 1533 17 2102
3164 -6.475004579818906 7.8007384075452118 16.078967461183179 52 48 37 0.8906211410530297 12 1679 16 2660 1 1557
3165 -4.6393839913554027 7.8098801223202532 16.816014987120656 93 92 90 1.3283674743769633 2 569 1 1571 12 588
3166 -2.1162709377962572 8.0218372018895554 17.991528123368262 112 110 111 0.60135920591020131 2 1241 12 609 1 1596
3167 -1.517434284759658 7.6831769623230137 17.720206217171729 112 110 111 1.4964162407911772 12 1703 13 780 14 877 1 1597
3168 -5.3148228889958231 7.7468295207558056 15.698924037410753 38 32 32 0.78919014213877414 15 2267 16 2331 1 1625
3169 -0.44664039509550801 7.3993130641721478 16.272913378076758 0 0 0 0.87627915024458292 2 1246 13 2031
3172 -9.7528020409052072 -3.0548380523654202 34.710905729991744 175 154 136 1.3573656752642045 11 1096 12 2602 1 1801 2 1684 13 31 18 51
3173 -6.2637178253499091 -3.37382312295447 37.357424523645946 119 90 65 0.92068563224816724 2 1437 14 1794 16 1686 1 1802 17 1614 18 1482 19 1303
3175 -6.254840368865457 2.4897545104662493 18.917038133428655 89 80 75 1.9346667076274773 16 2507 1 1859 17 2410 18 2121
3176 -4.1227165220809132 2.6345208294745368 19.524690804446383 59 54 53 0.92771590413364136 3 897 9 323 1 1861
3177 1.519794729237014 3.429412100094626 24.639654552247137 66 59 59 2.3583603158530564 2 1065 15 2652 17 2720
3178 -4.8092248870407692 3.2102859836776627 19.578005368756937 0 0 0 1.3429729828722008 15 2654 16 2828 18 2357 1 1876
3179 1.9899838661710447 3.7849744873477031 24.894159270763357 139 140 145 0.71912095028953471 11 1631 1 1882 18 2140
3180 0.75751380108613897 5.4343831328288728 26.549705522444349 14 5 0 0.82214963180592138 10 432 13 278 1 1899
3181 0.73883222102711898 6.5903245923957385 23.531509097365792 63 68 71 1.5954046801199722 2 1097 14 2752 1 1913 17 2747 16 1849 18 2158 19 1872 20 1000 20 1314
3184 -2.8611544493780068 7.2459823086437432 15.794137663718351 46 44 45 1.5947418378609564 14 2834 15 2803 1 2016
3185 -4.0593319853695968 8.4491835875561936 16.238398709366887 31 27 26 0.5441808835205374 2 1297 3 1422 1 2072
3186 -3.7342909741241885 0.13453753982705757 26.869527783809524 120 124 128 0.93274030329854307 2 1467 3 1281 1 2119 9 889
3187 1.6345807678598037 3.3373941165927241 26.269645730035073 150 156 166 0.65284205051386845 2 1736 9 929 1 2154
3188 -3.3018360405423621 3.6729691716339641 21.122407767979134 86 75 75 0.99147353595082 2 1747 12 2678 13 2883 1 2164 17 2731 18 2484 19 2130 20 1300
3189 -2.2885931342108989 7.2224586982311392 21.490870530131218 104 102 103 0.89902982000532516 3 984 12 2697 1 2186
3190 -4.5533916341575775 7.1319042003094077 19.423408681454461 79 74 71 1.0663875210128919 2 1556 12 2369 1 2189
3191 -12.972093869444 -0.35093330624191804 28.097740365479591 76 72 69 1.2227911560527081 13 2991 14 3202 15 3111 1 2247 17 2811
3192 -6.2666182981067831 -0.78486463179835475 33.699759778386593 149 145 143 0.7523865474331487 15 3205 16 3004 1 2338
3193 -0.84411682622858064 7.5924068153071813 18.148385791529691 104 104 106 1.4624931174902189 3 1786 12 2854 1 2390
3194 -0.84411682622858064 7.5924068153071813 18.148385791529691 104 104 106 1.4624931174902189 3 1785 12 2853 1 2391
3195 -3.4089022432791167 -0.73002480290130023 36.327668854215545 144 101 48 1.6659943974090998 14 3402 15 3309 16 3119 1 2458 17 2991 18 2640 19 2283 20 1468
3196 -0.34361749539674791 1.6597150729743417 23.630002968139049 74 66 61 1.0212873612408069 12 3017 13 3203 1 2462 17 3027 18 2680 19 2320 20 1509
3197 -9.6403785309236394 -4.8679218524866537 36.961488024343076 151 118 83 1.0519693301304873 2 2150 11 2292 12 3065 1 2507 17 3043
3198 -9.6591027098344249 -4.8708353245775733 22.836296204502602 98 97 93 2.8717789303858376 12 3093 1 2541
3200 -4.77607308853396 2.1694811724576053 19.288493719914214 96 92 92 1.5598423478974579 11 228 13 1727 1 228 14 223 15 215
3201 -5.2875399235023437 7.4616682713109368 20.143331321024103 13 8 7 1.1975734191849332 14 1956 15 1909 1 1449 11 374 16 1887 17 1805 18 2172 19 1897
3202 -2.5286347735226586 3.586772318146755 22.082367969308166 42 30 27 1.5467458237149356 3 251 14 267 1 294 3 250 11 277 17 270
3203 -4.2018585557775943 7.4586350531369776 19.046505495898515 92 88 88 0.76487709216270827 3 387 11 410 14 429 1 537 15 559 16 556 17 1906 15 1941 18 1843
3204 -5.7805531805967219 7.7779664669911623 16.416079924252557 49 46 45 0.92632303753114964 11 561 12 1683 1 1562 14 2120 15 2145 16 2222
3206 -5.2823496845628055 0.2463052811794845 25.78380645702067 147 149 154 0.65749303958453476 3 1278 10 1081 11 1114 12 1382 2 1458 13 2490 14 2668 1 1331 15 1779 16 1750 17 1664 18 1526 19 1345
3207 0.076276735845498211 -16.082029316097412 33.122861350092222 4 1 0 1.2314215500039762 9 766 16 2436 1 1795 3 1238 12 2205 17 1600
3208 -0.16758374044423682 7.4544561039045441 15.231708882698404 104 100 101 0.61028682447978611 10 633 12 1851 11 671 13 1265 14 1448
3209 -2.9514196313583132 0.058108791652276157 26.99799554830869 126 128 135 1.6322328751407496 2 993 13 1678 14 1844 11 1125 15 1784 1 2121 13 2837 14 3045 16 2918 17 2821 18 2531 19 2178
3210 -3.7043036550253263 -0.34715935516258223 34.540234544567056 11 3 2 1.732815479279791 10 1723 12 2620 2 1702 1 2251 10 1503 11 1590 12 2245 2 1452 13 105 13 2838 14 99 14 3037 15 2946
3211 -2.6955067894058566 1.5827089709976092 21.328865491881931 106 107 109 1.1356674002647593 14 192 15 198 1 213 19 223
3213 1.2042076649368672 -16.999709977347102 33.304295113012031 14 10 7 1.3007559374741089 3 16 11 8 1 10
3215 -0.69209423794805369 8.8137455751956271 18.687493093566591 59 57 60 1.8657837054345008 13 1100 1 1693
3216 2.0584174994897566 -16.897411414917116 33.660924998242734 22 22 19 1.7569142052921414 10 1435 1 1785 11 1793 10 1681 3 1209
3217 -6.6684088588970152 -14.36303079311665 32.221448318026958 78 63 50 0.89741921135752711 11 2361 1 2546
3218 0.47578506883735622 -15.838913103528668 32.217213383631162 5 1 0 0.60274727473946665 10 99 17 8 19 14
3219 -2.4741033370495695 -16.584617228702314 34.911887080204743 65 57 51 1.0876464708692397 15 14 16 1671 17 11 14 1787 18 1475 19 24
3220 -13.347550689132117 -2.6369773072873222 29.421914460011358 110 104 104 0.36669604404366068 15 27 17 34 18 46
3221 -12.988952245895844 -2.1299215974943531 29.673468460245644 125 122 115 0.24564567728986897 14 37 17 37 13 30
3222 -10.943552552919218 -1.3689252505875618 29.635863688228419 91 83 80 0.67471224952890485 15 37 16 52 17 48 18 65 19 1307
3223 -8.941796526857603 -1.0719049088376591 31.087646219218538 126 125 130 0.74761264754952883 15 66 17 50 19 90
3224 -10.585487062864889 -0.8990251947724861 30.12864895714883 108 103 105 0.39981863790293026 2 82 17 68 18 1495
3225 -7.4419784375792331 -0.4879788980511256 26.884931305835437 102 97 95 1.317337777037735 14 69 17 72 15 68 13 1663
3226 -8.5149286186062429 -0.083385595387717934 26.911711465656229 106 101 98 0.55636780419179921 11 150 17 92 19 124
3227 -5.2486713926595341 -0.024329376121204244 26.69068538450432 114 115 120 1.0182126225447117 1 129 15 98 17 99 18 122 19 128 20 530
3228 -5.9113039990512188 0.12680030730585554 25.479755105613371 110 111 116 0.39111798919122664 15 114 17 109 19 127
3229 -5.0010680113597363 0.30977182037779638 26.067494674745788 100 99 104 0.58859868258655146 1 132 17 115 19 1784 20 1135
3230 -3.531933173928798 0.19085022925042858 26.060386321465487 148 148 156 0.26488393702363194 16 136 17 121 18 159
3231 -3.3701137844881512 0.26515989181079341 25.479436489880577 120 120 128 0.51343909490315576 16 137 17 122 18 160 19 167
3232 -7.8931309357291761 0.69734634566857279 22.524707031987962 121 117 118 0.71813987319608064 14 143 17 134 18 1535 16 125
3233 -7.1526008223761774 0.58960079114500086 24.164599161836776 135 134 139 1.0473735091483076 1 159 17 136 18 1538 19 147
3234 -8.1270747764970217 0.9051054341041751 21.578276751191275 124 118 118 0.35335539519486137 16 153 17 148 18 185
3235 -8.1270747764970217 0.9051054341041751 21.578276751191275 124 118 118 0.35335539519486137 16 154 17 149 18 186
3236 -8.0547577151806706 0.89815688012320261 21.623482386584751 93 87 87 0.4551836669257594 15 136 17 150 18 187
3237 -7.739556844377649 1.1059505400397915 20.736170060102229 112 105 99 0.49631890747472579 16 169 17 151 18 190
3238 -7.7884770673684329 0.92024043967682667 21.461869276255786 94 89 86 0.24353395492939911 15 137 17 152 18 191
3239 -3.1971422542163248 0.73467141756913812 23.02221752622054 108 109 114 0.40772409325594694 15 150 17 161 18 1547 19 187
3240 -9.3459402935135056 1.7456619034434477 20.614704582220913 76 63 56 1.7095902329251793 1 193 13 1700 15 178 17 171 14 186
3241 -2.8976047797179429 1.2775039775830541 21.257554870009997 127 128 133 0.35019338347642698 13 159 17 175 18 2106
3242 -2.2978199327322124 1.5312336607033146 21.649757414705046 87 85 86 0.91534781239229668 15 1816 17 189 18 222 19 212
3243 -2.1034918651664136 1.4809509265731056 21.77562470919986 74 70 71 1.1483582080610875 14 193 15 186 17 190 19 1384
3244 -2.0750012312437023 1.4815952570047604 21.945979409104797 100 96 97 0.70209134956327546 1 199 17 192 18 223
3245 -2.0750012312437023 1.4815952570047604 21.945979409104797 100 96 97 0.70209134956327546 1 200 17 193 18 224
3246 -1.0550393249057179 1.3718762609245296 22.814385152617898 108 102 105 0.94755925223445525 1 205 16 193 17 196 18 227 19 216
3247 -8.1271302050963978 2.3808758816116962 20.057882154100731 35 26 19 0.98950264026700041 1 223 17 208
3248 -2.2056716787795985 1.7315197268230078 21.786378128486675 89 87 88 0.51460433301171071 14 208 15 200 17 212 18 231
3249 0.42456263036242453 2.1896353949326355 24.419377722812502 63 53 49 1.1868727550287053 15 226 17 215 18 233 19 229
3251 -0.74681510530395923 2.5773554279156903 23.030937693629017 95 100 106 0.80896801003380003 16 224 17 232 18 235 19 232 20 560
3252 -6.0653025750953873 2.7033977055330154 18.075109658142331 59 48 44 0.74537666666669244 11 256 15 245 17 246
3253 -4.8316223520670603 2.910878892115297 18.99982084412224 99 95 94 0.36677494101080999 15 247 17 248 18 252 19 1407
3254 -4.4123916801101535 2.9102934920568049 19.42146372173292 64 60 59 0.2550506405131252 15 252 17 251 18 243
3255 0.68346328191170758 6.1112619467327338 27.119040226525581 86 65 49 0.18528030056670541 15 322 16 292 17 299 18 1605 19 1437
3256 -1.6243189087214351 6.7405289177751158 23.659189366015926 41 40 38 0.2083931433101871 16 313 17 332 18 1614
3257 -5.9342729111237906 7.4776054338890026 20.654422552566075 6 1 0 0.7023107905113668 1 405 13 313 17 376 18 506 19 651
3258 -5.8479447706144221 7.526994416461644 20.96103127951266 32 28 24 0.62232118125361413 16 355 17 377 19 652
3259 -4.4952626998187899 7.1972277233572495 21.482315393739977 17 12 9 0.33988294636294397 16 320 17 390 18 422
3260 -1.8073782103417178 7.0213079539395524 21.979416344188817 43 39 40 0.70769679783269024 16 390 17 421 19 1488 18 602
3261 -1.8901956217348166 7.0537930252780292 21.675120518566622 111 110 108 0.32332520127040226 16 386 17 423 18 592 19 756
3262 -1.6037027546231084 7.0586218768248674 21.923872959585985 119 115 116 0.39286980410700306 16 391 17 428 19 764
3263 0.35762243976399238 6.8676192416018118 22.50370531503016 114 115 117 0.27891307041895197 15 376 17 444 18 623
3264 1.3840308923560074 6.7354588298829716 22.48146993442645 77 81 84 0.23553316288687365 16 347 17 460 18 634 19 1503
3265 -5.7469342923000148 7.5001700230377795 20.538135560536425 53 48 44 0.68428816832236983 1 411 14 373 17 482 18 668
3266 -5.6700125126975571 7.521654241191511 20.564812976286046 20 15 11 1.0214489990008282 13 346 14 374 16 420 17 484 1 416 19 853
3267 -5.2938228569821471 7.5004961084395152 20.032233224816743 65 60 56 0.2075654698705259 16 426 17 491 18 677
3268 -4.9773663714029635 7.4258287048559719 20.598590549172282 69 64 60 0.49296116256645184 16 429 17 497 18 1699
3269 -3.9095572784618731 7.558485812016607 20.786954477040094 104 101 96 0.6715067205013342 16 451 17 515 19 1577
3270 -3.7891923885976491 7.4071637477483518 20.43836525935561 104 101 96 0.43928602531006145 16 450 17 516 18 1707
3271 -3.536052672767668 7.3338727930840957 20.8026829428882 59 54 51 0.47894259334015749 16 454 17 528 18 706
3272 -2.5207380852627694 7.2426737640581766 21.130087062618209 111 107 106 0.74061917860662574 15 416 17 546 18 1718 19 1592
3273 -1.360292736272289 7.0789125547423657 21.436611503749848 51 49 50 0.56055832216447954 16 395 17 571 18 1730 19 1532
3274 0.098059488670607708 6.990439100122833 21.50576840306335 117 115 116 0.46607461799282718 16 498 17 591 18 777 19 984
3275 -6.157009450119709 7.6304731120350944 19.774763225847241 59 54 51 0.49756590323378735 15 457 16 410 17 644 19 1625
3276 -5.0167889389600191 7.6098384545264199 20.257068327495173 76 68 65 1.2072562832355871 16 432 17 668 18 1758 19 1633
3277 -4.9449088542904995 7.5467847058299116 19.97173398125571 41 33 30 0.60425933058808001 16 431 17 669 18 1759
3278 -4.8342171713709003 7.5870346310897405 20.083841075696796 79 74 70 0.64372882682673493 16 433 17 672 18 1761 19 1634
3279 -4.0186824270427097 7.6309825154094888 20.7162037860192 52 51 49 0.72921121238253683 16 447 17 696 18 1773 19 1644
3280 -3.2005858360736248 7.485114665171241 20.144570619298598 62 58 57 0.6263174705047897 15 493 17 706 18 906 19 1650
3281 -3.1065299707659837 7.4093160401032527 20.619134349099788 43 42 40 0.66261539865781061 16 460 17 710 18 913 19 1649
3282 -3.0248727832305784 7.4276007909194881 20.500020378152861 94 93 91 0.73788200367897516 16 461 17 713 18 915 19 1652
3283 -2.8259284883012894 7.3986370258274281 20.094791905676537 101 97 96 0.43740260173487266 16 584 17 715 18 918
3284 -2.575959561916477 7.4116799274517859 20.565964415317641 50 52 51 0.34240187975004743 16 472 17 721 19 1656
3285 -2.0737212297418415 7.2966660739546505 19.953141702310443 48 48 47 0.54520043064043022 16 595 17 732 18 1865
3286 -0.20631515902039632 7.0938679543677461 20.657484213242654 59 59 61 0.35284571313476903 16 497 17 747 18 977
3287 -6.8784147847540034 7.7795602710966261 18.607737676359385 61 53 51 0.27277099964156221 16 525 17 771 18 1813
3288 -6.5711785922957251 7.8014501939528023 18.51119332335481 34 26 23 0.19142301654838345 16 659 17 778 18 1017
3289 -5.8866149101568412 7.7643461105289431 18.486948695825681 35 28 24 0.47662479880604708 16 682 17 791 18 1925
3290 -5.4716164949986865 7.5791004941327094 18.605553392638754 89 84 81 0.2077806153146525 16 1957 17 803 18 1036
3291 -5.4913385637667442 7.6829102334627617 18.529121250802387 90 85 82 0.28053657704875823 16 697 17 805 18 1932
3292 -5.3847405934134764 7.7175705359739215 18.950032041268393 33 28 25 0.4086536391401791 16 705 17 808 18 1824
3293 -5.3245165330572419 7.6890209964921254 18.663132902373839 31 26 23 0.49485890380092235 1 624 17 811 14 548
3294 -4.8236880769479766 7.6791756482343878 18.856630223659845 88 83 80 0.42577048865140865 16 712 17 821 18 1243
3295 -4.2504590269419706 7.5702325318766839 19.357665261856777 55 50 47 0.31879225330562527 16 555 17 837 18 1840
3296 -3.7192943740118047 7.5369361368987642 19.605869536714653 55 51 50 0.40809211695729131 16 565 17 843 18 1065
3297 -3.6977237221063683 7.5461869240692225 19.731472247183159 108 107 105 0.26524928106128309 16 567 17 847 18 1063
3298 -3.6977237221063683 7.5461869240692225 19.731472247183159 108 107 105 0.26524928106128309 16 566 17 848 18 1062
3299 -3.0760261725793412 7.4541071131373657 19.610924082934684 101 100 98 0.71689632200511177 16 576 17 857 18 1857
3300 -1.5674888166073302 7.4062932685263272 20.049437002619694 110 108 109 0.37538138425349582 16 604 17 877 18 1874
3301 -0.30093234032170119 7.2728797558188498 19.844159913471536 119 119 121 0.86897294047064033 16 782 17 906 18 1979
3302 0.98182073304685991 7.1119643867346589 20.295480161405184 76 75 80 0.36504397735173022 16 634 17 936 18 1178
3303 -7.1738247536551691 7.7681564406266927 17.784055289245817 38 29 22 0.094900029172683684 14 509 17 955 13 459
3304 -6.0291241734739041 7.804693177877831 18.412635720987673 79 71 68 0.46766138188849221 16 684 17 978 18 1220
3305 -5.7297350450764455 7.710613800369134 18.389239306792248 73 68 64 0.41100359560130079 16 1955 17 987 18 1228
3306 -5.5855244149469652 7.7263074599819221 18.454986001672097 86 81 77 0.52094588918298057 16 701 17 992 18 1232
3307 -4.178099432794955 7.5794366785593503 18.606025236867023 96 92 89 0.87215750487523325 15 699 17 1026 18 1942 1 637
3308 -4.1684662778965738 7.6555453348176448 18.942183906659036 110 106 103 0.32247914312527337 16 726 17 1030 18 1941
3309 -2.9447382217152711 7.4529446172887015 18.997790703648398 91 90 88 0.38571564605566122 15 713 17 1055 18 1280
3310 -1.4297122551129151 7.3975530736923574 19.515205059251233 114 112 113 0.1921541114565134 16 760 17 1087 18 1967
3311 -0.28217806026240505 7.2413546319056161 19.375717003452621 45 43 44 0.55958554573029029 15 759 17 1109 18 1345
3312 -1.3081427754039989 7.4558688734854819 18.267921612991696 116 116 116 0.40973553129936224 15 902 16 1132 17 1258
3313 0.58241823787091185 7.3404654335033701 19.333991785793852 55 55 57 0.41689932343473957 15 777 16 966 17 1294
3314 0.50975837546004377 7.3987594908131049 18.29186088658469 55 53 54 0.56769113079895817 15 1103 16 1168 17 1487
3315 -1.1496834426348856 -16.389640941885361 33.995012317351637 11 0 0 0.49380985901198909 10 970 14 1783 16 1678 17 1605 18 1477 19 1739
3316 -1.1526304306019326 -16.407829605695998 34.040260824567923 11 0 0 0.48002804960699835 14 1782 16 1679 17 1606 18 1476
3317 -5.799284315328701 -5.5375758259440593 37.956055837556583 243 219 174 0.39504604508554636 15 23 16 39 17 1609 19 1301
3318 -13.819708295035435 -0.068446796239801433 25.903777203795247 70 65 65 0.45098934325710333 13 1652 14 1813 17 1635
3319 -13.819708295035435 -0.068446796239801433 25.903777203795247 70 65 65 0.45098934325710333 13 1653 14 1814 17 1636
3320 -5.6453695593424165 -0.10091602940570278 28.051343834741139 146 145 151 0.3093806964193071 15 96 16 1740 17 1649
3321 -6.656997214659004 0.17093588044997635 24.869214288872538 138 134 135 0.43922040341039276 16 1728 17 1654 18 1522 19 1766
3322 -2.8269392834849039 -0.017022833328896758 27.015138824469435 132 135 142 0.96242617290681642 15 130 17 1670 14 128 18 1531 19 1335
3323 -7.9904733932056873 0.78531095939865014 22.520700189933191 96 92 91 1.8295072258733842 1 154 17 1675 14 145 18 1534 19 1354
3324 -3.0705380230168569 0.74788606925291501 23.312724499110782 111 112 117 1.1943935715750531 1 160 16 1754 17 1682 19 1366 20 548
3325 -1.9743063902162885 1.265875845001895 22.252020890424053 105 108 113 0.9626916753264243 16 172 17 1694 18 208 19 1370 20 929
3326 -0.7935352946484624 0.95860788443654665 23.184005893992079 142 145 152 0.70892818482230968 13 140 14 171 17 1700 18 212 19 1375
3327 -8.1871307589516942 1.9836252714864606 19.550854625055607 44 36 31 0.0074473480914228236 14 1881 17 1711
3329 -1.1107501718508799 2.5509971124615158 23.290752260272669 93 87 87 1.1669098495034913 15 1849 16 1790 17 1720 1 252 18 1567 19 1396
3330 -4.3079644831020758 2.6527004020021492 19.732011267659047 53 45 43 0.37235511081938222 16 1799 17 1725 18 1581 19 1820
3331 -3.1543902141852014 3.8110386011572985 21.470006947310718 66 58 59 0.95597003729056707 1 313 17 1754
3332 1.2416232839033625 6.6628894083268619 24.302632488881294 125 126 130 0.95805981252695782 15 358 16 1853 17 1772
3333 1.2523988550863023 6.6385610717031964 24.206398996989584 125 126 130 0.83643321944563309 15 359 16 1852 17 1773 18 1631 20 629
3334 -1.5191898530238199 6.9513740960871795 22.360110918898176 39 35 36 0.4727417922691326 13 303 14 1948 17 1779 19 1880
3335 1.0398642461686987 6.6932792613690646 23.332541264415504 52 51 56 0.32149503192926876 16 1860 17 1784 18 1647
3336 -0.57675997040165983 6.8955406621701441 21.531712208645619 51 49 50 0.38856119911475712 16 1868 17 1794 18 1668
3337 0.66099884994999769 6.8142476855011171 22.53493113565683 120 121 125 0.44405492660010565 15 378 17 1796 19 1881
3338 0.75180571051371847 6.8793035666615845 22.58992697337014 61 62 66 0.59399624729470568 16 341 17 1797 18 1677 19 1496 20 718
3339 -5.0005154083374439 7.5050403656955096 20.589114615755811 41 36 32 0.38210569598390615 16 1891 17 1810 18 1700 19 1900
3340 -2.5674312314991834 7.2046928348546935 21.269636939300998 44 40 39 0.82160430006542717 15 413 17 1812 18 1716 19 1887
3343 -0.24897118481935887 6.9570718228793265 21.714539444577852 47 47 50 0.46050645651985317 15 434 17 1818 18 1671 19 1889
3344 1.2097844290042272 6.8619956536136408 21.495760319873309 55 53 56 0.7935952179958059 15 443 17 1828 18 2185 19 1911
3345 1.4506496763944774 6.9497516458972939 21.666099821117502 58 58 60 0.30082419581076442 15 444 17 1830 18 1740
3346 -6.2454124424690001 7.5952827193861365 19.300634741925993 62 57 54 0.67196993689655826 16 528 17 1835 18 1749
3347 -4.9112297420385946 7.5073081448981176 19.281646407352643 37 29 27 0.47057045467070874 16 536 17 1841 18 1754
3348 -4.6015732901724995 7.4028869128679942 19.785639133110347 28 23 17 0.53929666527086095 16 439 17 1842 18 1760
3349 -3.1425114688547722 7.338354264291298 19.700980934619551 105 101 100 0.51520587162178477 15 492 16 571 17 1853
3350 -3.1425114688547722 7.338354264291298 19.700980934619551 105 101 100 0.51520587162178477 15 491 16 570 17 1854
3351 -3.0476522351335942 7.4121801335800273 20.352544737249296 46 45 43 0.7091851212196203 16 1898 17 1855 18 1780 19 1651
3352 -2.7196041866872522 7.3709266765465511 19.876855391122003 41 37 36 0.60542916388299584 14 455 15 1948 17 1858 18 1861
3353 -0.064690835160164911 7.1793955107387131 20.751867034867598 50 50 52 0.37355275039889646 16 1937 17 1867 18 1794 19 1935
3354 1.3881857458070246 6.9714638440701115 21.310692952806058 140 141 143 0.3196112808388355 16 1908 17 1872 18 1803 19 1937
3355 -6.1634191862365046 7.7440627459476046 18.742208756521279 32 28 24 0.2665199424514863 15 1926 16 679 17 1887
3356 -5.6703911957473263 7.6964459363432738 18.426388529433279 38 33 27 0.44146898770667997 16 1956 17 1888 18 1930
3357 -5.5930944084804759 7.7785374520303376 19.01333835830059 39 34 31 0.30761025772606593 1 517 15 1929 17 1890 18 1035
3358 -5.4330220843250938 7.6966345100901208 18.873850449752762 86 81 78 0.23222636898779128 15 1931 16 704 17 1891 18 1823
3359 -5.301758132895964 7.6417438073068285 18.968206006547579 84 79 76 0.14867308498608056 15 542 17 1894 18 2212
3360 -5.0311403343666345 7.6270893660048582 19.369203368108895 84 79 76 0.51636059047253269 1 523 17 1896 18 1833
3361 -1.5976237657866925 7.3849982155236011 19.682878272057419 112 110 111 0.44291782186300455 16 1980 17 1923 18 1869
3362 -0.93790066571180464 7.2904304606207582 19.668115817592401 41 39 42 0.88809977563585307 15 612 16 1986 17 1929 18 1975
3363 0.86383136857890241 7.2691826320345516 20.327045161848947 72 70 73 0.55853802578600587 16 1997 17 1941 18 1891
3364 0.91223943282892195 7.1087779665595123 20.515455786532328 125 124 129 0.95846036338705054 15 626 16 1940 17 1942 18 2231 15 627
3365 -6.5758738232016141 7.9670537340416949 18.386939643806514 48 40 37 0.790425848439268 1 1480 16 1951 17 1967 18 1917
3366 -4.1765891035860401 7.6685299803016385 18.614673962052848 46 42 39 0.38048752011975351 15 702 17 1979 18 2248
3367 -3.5712873449776863 7.5318869214171311 18.457963661290698 65 63 64 0.55235396685418292 15 1997 16 2046 17 1988
3368 -3.4596594638884817 7.639103752203213 18.860231981575854 67 66 64 0.28180653818749207 16 740 17 1991 18 1950
3369 -3.2881334065884418 7.4361147145360427 18.549829677077835 100 99 97 0.3114435560147672 15 709 16 738 17 1994
3370 -2.8645828899011092 7.6009750555589379 19.05252787302474 99 98 97 0.27614602138386352 16 744 17 1997 18 2251
3371 -2.8314946997270991 7.5913712918361949 19.151576198786508 47 46 44 0.56784064182827498 16 1970 17 1998 18 1956
3372 -2.4573574841295307 7.5342535740768621 19.362556644335022 105 103 104 0.1940170773235349 16 750 17 2001 18 1960
3373 -1.6291422604645664 7.4073649548977407 19.332980380100519 53 51 52 0.33777663918426271 16 761 17 2007 18 1963
3374 -6.967150881425904 7.883282411753215 17.267547967730021 40 31 24 1.5794573577442963 1 1501 13 463 17 2036
3375 -2.280678565008075 7.5509029174884379 18.30344116162092 105 103 104 0.41419403691232554 15 2086 16 917 17 2111
3376 -1.772981789557962 7.4236247970476539 18.451583960728136 53 51 52 0.27993657532820521 15 890 16 930 17 2118
3377 -4.4416746592613698 7.8114870438007324 17.191508571820449 90 82 80 0.13875180220204661 2 577 15 1007 17 2196
3378 -1.7574837648516803 7.4627324236344856 17.827829330615938 37 33 32 0.47571222730360624 14 724 15 2089 17 2235
3379 -1.348935751158896 7.4297513927918706 18.164163555491033 37 36 37 0.40408221168976582 14 729 16 1130 17 2243
3380 -0.55420293977480883 7.4447091993849304 18.415677780583817 109 107 108 0.2987670598383339 15 923 16 2175 17 2251
3381 0.57337456834349798 7.5127632031353153 18.896739608630845 41 40 41 0.36224875034316034 15 936 16 2189 17 2267
3382 -1.9134321268125858 -17.361380979826706 35.066582196519803 55 44 38 1.1883017788139465 3 689 14 2625 16 2432 17 2319 18 2044 19 1738
3383 -1.0382107777022751 -15.897046482122267 34.103509068672544 41 36 33 0.34544969930962433 12 1326 13 2465 14 2631 17 2322 19 1745
3384 -1.0382107777022751 -15.897046482122267 34.103509068672544 41 36 33 0.34544969930962433 12 1327 13 2464 14 2630 17 2323 19 1744
3385 -0.45060408899823357 -15.60995681920066 33.642056001859302 45 40 37 0.27544740526859202 14 2632 17 2324 18 2049
3387 -7.4697080108072971 0.81830829547421668 22.403260533556203 99 93 95 1.1905670847287573 12 110 17 2358 19 1997
3388 -8.3368942413296878 1.0899917890375102 20.788523300509365 76 65 61 0.54147858229394219 15 2615 17 2371 18 2088
3390 -2.0051264178741883 1.4187548137612773 21.930993570010958 78 74 77 0.67016262744205857 2 1029 11 1145 12 1426 17 2389 18 2107 20 1159
3392 -6.1072821618841919 2.4983805200058344 18.273317791576964 88 79 72 0.75053163290404612 2 1494 12 1449 17 2408 18 2118
3393 -2.6750453498622382 2.84225717508092 21.447299228455037 58 48 46 0.28910411636694339 16 2513 17 2413 19 1822
3395 1.8318271715771168 6.3257463777400496 24.838325743153941 113 123 124 0.76848925319346362 16 2547 17 2440 18 2149 19 1854
3396 0.51747016342111452 6.7373523822352563 24.0864358754982 57 57 57 0.55564713864070969 16 2550 17 2442 18 2156 19 1856 20 1202
3397 0.54034909755301364 6.678337566329386 23.909862183692628 57 57 57 0.46475881449501277 16 2551 17 2443 19 1857
3398 0.17296883294022311 7.0032144612976657 21.23883416034182 45 43 44 0.41811792565036593 13 1805 14 1961 17 2453 18 2184 19 1906
3399 0.16151209381203865 7.0314663958217887 21.298397876169215 45 43 44 0.24539300524301652 14 1960 15 1901 17 2454 18 2183
3400 -5.1022932931074569 7.7124930492159036 18.69611440872978 78 73 70 1.0181956559001095 12 1579 17 2477 2 1170
3401 -4.8937438229229384 7.6907545418923728 19.108553364913842 42 37 34 0.33710114997577967 16 2579 17 2481 18 2215
3402 -6.9675406867590493 7.7948032006999197 17.723309848956145 68 59 52 0.48338612250763252 15 1977 16 2575 17 2500
3403 0.195662700332975 -15.568036939716134 32.801012977458853 9 4 1 1.3675064015418088 9 1443 10 1692 17 2614 19 2071 20 1089
3404 -13.602266585922774 -2.4920444885556914 30.009544901313625 80 75 72 1.6366618752216355 1 2098 13 2471 14 2638 17 2621 1 1800 18 2053
3405 -6.2059799242866722 -1.2276201910729907 38.212235854670354 25 5 4 0.64437771514749365 15 2938 16 2753 17 2642 18 2296 19 1982 20 1116 15 2588
3406 -8.1765527954889095 0.092028490571601299 27.179376335188547 115 110 107 0.79329131541919651 1 2116 13 2835 14 3035 17 2647 18 2303
3408 -2.925987743461913 0.028046726261056434 35.128290073935943 61 40 33 2.7110603438703595 1 138 17 2660 15 131
3409 1.159612901631101 1.1905629716275601 31.195315573367353 83 82 83 1.353649081509428 16 2782 17 2672 18 200 18 2328 19 193
3410 -8.8425726846917172 3.4385769071960186 19.702276554213665 57 42 35 0.28730533165816174 12 2665 13 2872 17 2715
3411 1.0945131355006634 3.6169519058357134 24.625996658495843 48 38 36 1.6421169050067779 15 3146 16 2947 17 2725 19 2127 20 577
3412 -12.947900875249474 -0.70692869592427321 27.302300010325997 83 79 76 0.29470268975847363 13 2987 14 3200 17 2808
3413 -9.5144247596296125 0.40818912686843956 23.824467116057715 98 90 87 0.8089554220974815 16 2923 17 2818 18 2456
3414 -4.4044781967341766 3.7601265618889834 19.767687933401724 34 25 26 0.43832171249243279 16 2951 17 2853 18 2487 19 2135
3415 -0.10167242178088065 6.724322729808824 22.622470222597006 73 71 72 1.0141450192590233 2 1767 15 3031 17 2863 18 2499 19 2151
3416 1.2783169948808393 6.6186584644004993 23.649349978732744 90 94 97 0.36239131975232269 16 2965 17 2864 18 2495
3417 -6.3772639557136994 -0.15945908385046861 30.751537879855203 138 137 142 1.185308588951288 3 1659 17 2891 10 1851
3418 1.4371678605494407 7.0090684775816223 21.850686103805078 60 60 62 0.3561543840850725 16 3050 17 2932 18 2631
3419 0.05590438261241977 7.2114516217276705 19.652563078753897 94 93 98 0.5617405999367957 16 2976 17 2939 18 2578
3420 -2.8980823403581093 2.6440848349818729 21.014090519256246 67 59 57 0.45643599275028351 15 3218 17 2959 19 2249
3422 -7.8333019917989386 -20.002885921614617 41.22580195845412 72 52 40 1.3052162442601849 1 2449 14 3433 16 3113 17 2981 18 2669
3423 -7.5459773781914254 -3.6110714681453571 37.982736681145106 138 97 65 0.69236714914408426 1 2453 12 3011 13 3189 15 3304 17 2985
3424 -13.449532942460555 -2.7393775768132649 30.465881373790246 97 92 91 1.4252786754760181 12 2950 13 3190 14 3346 17 2986
3425 -2.3486663507081689 3.1850008205031459 21.986407034125246 114 117 122 0.99053349620183428 15 3317 17 3002 19 2324 20 1536
3426 1.4619002885147574 4.1594596121820047 25.348598406711176 50 41 35 2.3921078099537536 15 3323 16 3136 17 3005
3427 -4.7956201344752882 4.0565346314982103 19.231952374035799 108 107 112 0.318305913031323 14 3377 17 3006 18 2655
3428 -14.50868573487573 -2.8591546772384091 30.323582136755729 15 7 5 1.3726157586498677 12 3041 13 3245 17 3045 13 3227
3429 -10.335845737920961 1.4128054209767653 21.505024148941075 66 56 47 0.96322590710869238 1 2496 17 3051
3431 -15.588440496536993 -7.6835526754821037 36.060799826942613 101 100 96 0.1382127294783031 13 3285 19 2379
3433 -15.561035255318206 -0.15252134367946746 30.684309192872298 103 98 95 1.5729970542142659 15 3401 17 3090
3434 -5.9105626105390519 7.4775403997057897 20.388627719402354 9 6 1 0.63306670794239539 11 372 13 341 17 474 15 391 16 353 18 664 19 849
3435 -0.0068972812923500174 2.1043797493482699 24.025054729168286 132 136 139 1.7017658505882476 12 1440 17 2398 1 1383 17 1715 18 2115
3436 -4.293435520101756 7.7064936365994106 17.582937360632734 98 94 94 1.1074452193651179 3 457 12 473 2 495 1 719 17 2091 11 535 16 2634
3437 -0.71486296551357165 0.97754723511159591 23.293520254641535 98 106 115 0.77428938845973871 13 142 14 173 15 167 17 1701 3 172 11 203 16 1762 18 1551 19 1377 20 925
3438 0.11081036663439017 7.023829512336019 19.129079650261101 113 112 114 1.284685484559414 16 790 1 578 17 2018 14 603 15 2018 18 1990
3439 -6.2136456823435227 -1.6536498154801436 38.033616796833599 165 131 86 1.5107485041551638 9 231 10 1491 11 1103 14 3018 1 1316 17 2629 10 1713 9 1719 11 1957 12 2789 2 1841 3 1500 18 2295 20 1249
3440 -8.1750679773014721 0.2272828557444789 26.246938023706104 71 66 66 1.1457953308702016 12 2255 17 2345 2 108 11 164 13 89 14 113 16 1726 1 1325 18 2305
3441 -0.95777521882193928 7.1809727359645175 19.918520164668763 45 45 48 1.0734886223426336 10 1201 11 1247 17 2489 13 425 14 470 15 1954 16 1929 18 2225
3442 -12.376577260520641 -2.8349947825188129 29.568692519339447 55 48 42 0.99224131399305726 16 44 17 30 19 47
3443 0.34844758672731119 0.8035777499546205 24.206229804003748 117 126 136 0.79796442427866621 16 163 17 165 18 199 19 191
3444 0.80203106925452594 3.3433143157572034 24.864550736904906 53 46 43 0.3234911776537493 16 1811 17 256 18 1589
3445 -2.5045686637723286 -0.013674079575701929 26.491079649651986 135 138 147 0.46102670941798796 16 2467 17 2352 18 2316 19 1987 20 1265
3446 0.89143060628111415 5.0595823332721972 25.85483377186539 15 2 0 0.53680869374392515 16 1833 17 2434 18 1601
3447 -10.120677069435713 -0.75350782215793755 29.636978712663286 82 80 81 0.29647693798252256 16 2749 17 2636 18 2301
3448 -10.120677069435713 -0.75350782215793755 29.636978712663286 82 80 81 0.29647693798252256 16 2748 17 2637 18 2302
3450 -1.5037339079699787 -16.875090506745192 34.480368030454144 20 11 6 1.331911918893151 2 23 16 1 17 1593
3451 -0.16339954861467329 3.0360790455713955 24.602896623741998 52 45 37 0.30671009987292303 11 250 13 217 17 1729 18 1574
3452 -0.71096712500511472 -12.624555111420175 27.32773251760559 21 11 9 2.685306795593136 15 3393 17 3078
3454 -0.49617022796986093 5.9628270176582303 27.751543827514912 21 12 9 2.0437765951622535 13 3162 15 3151 1 2170 17 2856 11 2176
3455 -1.3683887781303787 6.9125570017313871 22.232714537868382 38 38 40 1.2935482677253782 13 2584 15 2683 1 1918 11 1226 19 2046 17 2755 3 1361 8 816 20 1323
3457 0.63090187720328228 -15.666498428083969 30.980865132846318 14 6 3 0.95458325986056591 1 4 18 2 12 1
3458 0.63090187720328228 -15.666498428083969 30.980865132846318 14 6 3 0.95458325986056591 1 5 18 3 12 0
3459 0.84130905765582065 -15.944467216435616 31.542959707355919 66 58 56 1.3375219682257775 9 10 10 35 18 4
3460 -0.038265604806964344 -15.811497244277337 32.673206713342957 48 43 40 0.91273782482900889 15 8 16 20 18 13 12 1310 19 1282
3461 -3.6029201234850228 -18.166161694786783 36.956948609545385 69 59 50 1.9209850367668579 11 1037 12 7 14 2 18 18 12 1316 2 14 10 26 20 20
3462 0.50419357951827937 -6.026478476303609 30.703631549813739 42 37 33 0.046047818256235842 1 45 18 33
3463 -9.966055132200589 -6.3830469628631867 36.329054897687769 38 14 0 0.27065148217304591 16 35 17 25 18 35
3464 -7.6001966127252327 -5.5055274092482351 37.521087687525984 248 228 175 0.29298584143155754 16 38 18 38 19 43
3465 -6.8766870419069086 -3.3576079651792914 37.974768367411961 126 101 77 0.75804719273934484 1 57 13 32 14 30 18 53 19 56
3466 -12.917801611563464 -2.273283525284072 28.850540660354522 110 105 101 0.41236354249088397 14 36 15 28 18 57
3467 -7.8542597358282897 -1.8149330913497803 37.597729148932636 124 82 29 0.56576830383169063 1 1302 13 1646 14 46 18 68 19 69
3468 -7.8542597358282897 -1.8149330913497803 37.597729148932636 124 82 29 0.56576830383169063 1 1303 13 1647 14 47 18 69 19 70
3469 -10.807210008989182 -0.79566004799562751 30.39319387453418 79 75 76 0.65457384462500023 1 77 18 78 19 82
3470 -10.520333818635953 -0.80264353959610002 30.240836636687025 74 70 71 0.52565628506781137 1 79 18 80 19 86
3471 -9.7439497958221359 -1.2510779069350895 39.629251371164415 175 136 87 0.8640266800184716 16 69 18 83 20 1248
3472 -7.183195589034904 -1.4308851282511685 36.6600416234959 32 31 28 0.33576933723469593 1 90 18 84 19 74
3473 -6.7231225064856126 -0.48663462485114473 27.634263188012355 98 92 92 0.71567806869364103 15 95 18 105 20 71
3474 -10.569829420181968 0.22501457636149147 25.815211292734055 75 67 65 1.5809982655881349 1 1324 13 87 18 114 12 86
3475 -8.0635541921902885 0.43728936980241295 23.01564036521356 94 86 84 0.35266305587925428 17 103 18 137 19 141
3476 -7.2960577542760987 0.2474395668926678 24.283305312098975 126 121 118 0.19710190003857306 17 106 18 138 19 146
3477 -5.1076261321985159 0.34747611724339439 25.242053781272499 132 130 135 0.24351729053506455 15 123 18 152 19 158
3478 -7.9055246183412535 0.66885476597187798 22.347032670424305 119 114 111 0.28424792379720953 17 133 18 166 19 1352
3479 -6.4316949175304838 0.53271485379413042 24.035444408659909 110 109 114 0.41089616877536805 16 131 18 172 19 1341
3480 -6.9003657242469156 0.97778198518973602 20.665062259320212 111 104 103 0.24735692586067035 17 155 18 194 19 1361
3481 -6.9003657242469156 0.97778198518973602 20.665062259320212 111 104 103 0.24735692586067035 17 156 18 195 19 1362
3482 -2.9648898091237323 1.241485995600387 21.153984417408783 103 104 109 0.22059508458370081 17 173 18 205 19 211
3483 -0.39721370123537098 0.99076718507240413 23.478281872620524 112 122 132 0.94005752753057814 1 181 18 216 19 1380
3484 -0.35825064215849822 3.0563019659866675 23.89915919858095 95 86 81 1.0514678740746621 14 242 15 264 18 247 19 244
3487 -5.4809843262718161 3.795846258295188 18.427158340275692 32 22 20 0.8135637231485281 17 288 18 271 19 274
3488 1.9291869071208909 4.303619696534791 24.231130252693728 150 142 147 0.67211358505808927 1 328 18 276 19 273 20 584
3489 -5.0548918129997951 5.4543156548390739 19.714387388671216 92 85 77 0.66382986345929629 15 324 18 297 19 320
3490 1.2175448402176205 6.4647850773942661 26.381872663473192 125 128 130 0.53552538879649048 16 299 18 315 19 1442
3491 -1.6112252389555866 6.8502486923131745 24.424690575038948 38 33 30 0.13037755101307411 17 330 18 335 19 393
3492 1.123016706150199 6.4129048016484891 24.848031664749239 123 124 126 0.13610086947317956 16 308 18 349 19 362
3493 -3.9866413532148779 7.1599328044163775 22.491609813620602 22 19 12 0.66234692194095857 15 367 18 433 19 429
3494 -2.8800234855274329 7.1182038006882022 22.275289923996048 38 37 35 0.2503693542809578 17 353 18 451 19 562
3495 -2.3103892557064647 7.0701163345048927 22.253004830571658 107 103 100 0.24890659614211885 17 415 18 462 19 1483
3496 -1.3999572868099377 7.0492315035087483 22.912353084286075 54 49 53 0.21070242391517438 17 360 18 465 19 582
3497 -5.4266058330446389 7.5155462564287028 21.547469143462031 41 36 32 0.49657297253043692 17 378 18 517 19 658
3499 -1.7676387322855309 6.9865144220703588 22.054254376630627 109 107 108 0.44665910979678508 16 333 18 603 19 575
3500 -1.592105827858183 7.014861623763017 21.837604173107188 116 115 113 0.57575400703521629 16 392 18 604 19 765
3501 0.77487039063741303 6.8397470391878494 22.656843562913537 132 133 137 0.33607111927750566 17 452 18 630 19 620
3502 1.3855530795632547 6.7271806666788265 22.463918961988966 70 71 76 0.2593962765495223 16 346 18 635 19 1504
3503 -5.4415543717868804 7.5081858654053084 20.753841733342259 25 20 14 0.61688890326996315 16 360 18 673 19 854
3504 -5.3438564989058195 7.6722243250227251 20.572500856280364 66 60 57 0.28712279310799099 17 494 18 678 19 1568
3505 -4.8553170942187043 7.4991805218044272 20.732448505603177 33 28 22 0.74391076617460494 16 434 17 502 18 682 19 1573
3506 -4.7219235727168511 7.3476148410871209 20.394395693357865 33 28 22 0.43444077548408105 16 435 17 503 18 683
3507 -4.6755173714912566 7.4898161401797685 20.236428506788094 39 34 31 0.91708234982813475 16 438 18 685 19 1064
3508 -4.4160194955979106 7.6122496122859875 21.142291800900274 35 30 26 1.2663650351759053 16 442 18 691 19 872
3509 -3.5537334324077889 7.5214402920135903 21.108137237065499 57 52 48 0.29796954186591651 17 529 18 713 19 898
3510 -2.292832089681879 7.2864886086031264 20.813658805648657 114 110 111 0.66819435586117004 16 476 18 740 19 923
3511 -1.9082268587113724 7.4145524611202314 21.43207847254525 109 107 108 0.53828193107998346 17 568 18 746 19 928
3512 -0.3509363318590788 7.0849181944667015 21.418521337455477 120 120 122 0.35777038474626571 16 494 18 770 19 971
3513 0.46750954475030471 7.0004479277866958 21.618726628647234 75 74 79 0.32040331244377113 17 1821 18 789 19 1609
3514 -4.4701900262211174 7.8624283346948509 20.739577723512976 84 80 79 0.33507573245453326 17 689 18 875 19 1640
3515 -4.3061907546265461 7.6124950806355942 20.189382202031609 36 32 29 0.8996819987537239 15 479 17 693 18 876 19 1639
3516 -3.7093085118603923 7.4281681964460997 20.449171810579681 48 45 40 0.35192135526503859 16 452 17 517 18 879
3517 -3.6604281054499963 7.717520207768267 20.98617993224866 58 54 53 0.1800067296541874 17 699 18 891 19 1648
3518 -3.3504837101535219 7.6018935009703199 20.909505248700906 49 48 46 0.33308761455391672 17 707 18 910 19 1097
3519 0.52282745392869556 7.09091522061955 20.372585822412692 72 71 76 0.31651158611379221 15 623 17 929 18 1159
3520 0.56355586180875217 7.1956644444193341 20.084093148240907 42 40 45 0.19930281515763948 16 795 17 931 18 1169
3521 0.67098480007394778 7.2038029749410235 20.129138599752054 62 60 65 0.13316718184123325 16 797 17 933 18 1170
3522 -0.93234072640915588 7.4343770034262127 19.407879963776846 67 67 69 0.37914674744835714 15 756 17 2011 18 1330
3523 -0.68000272327721978 7.3596850979232773 19.767149920360673 107 104 105 0.58808758705862363 16 773 17 1102 18 1336
3524 -1.323234368744876 -14.890198803685129 29.992354671332802 42 34 23 2.3376833275088273 1 13 2 889 18 1469 19 1736
3525 1.520353340452236 -15.668814350431838 31.726435610304669 27 23 22 1.7058450622543 3 62 12 29 18 1472 1 26 19 1280 8 15 20 483
3526 -8.2586153658344479 -1.0843653356234337 31.815690327255446 98 98 99 0.4122062350029847 16 68 17 51 18 1499 19 96
3527 -6.2880606173713076 -1.1603199000236692 37.350189866724499 6 1 0 0.43948547898287799 15 73 18 1505 19 1320
3528 -6.1554616538164062 0.3712348351775222 24.745791740182515 115 115 120 0.39110309604081867 16 1748 18 1525 19 1780
3529 0.23374860568410014 0.94436789179989322 24.139967534693834 100 106 111 0.77397080913334992 13 148 14 178 18 1555
3530 0.2048272516539858 2.4073587419287037 24.000891144471371 130 125 128 0.98162123274556601 16 1792 18 1569 19 1812
3531 1.7910456345694212 6.3730512120558336 25.824186842675214 61 43 36 0.36060934802954919 16 302 18 1608 19 1443
3532 -5.5155010096977719 5.258204677976491 18.089062263965793 48 39 37 0.43632331180089778 2 251 12 217 18 1610
3533 -1.621346600152259 6.7287256776583355 23.624166373455633 44 43 39 0.21426137413404187 17 331 18 1613 19 395
3534 -0.2509349146290496 6.8048703044830345 22.714736180718919 127 127 127 0.57579209984618795 17 363 18 1640 19 1492
3535 -0.09642481318953805 6.9765594861501361 23.496503565249913 118 118 118 0.4483074332491811 17 367 18 1641 19 1869 20 1010
3536 -0.078356341812996971 6.7262159948700235 22.76545830573847 49 47 48 0.27353932385509766 17 366 18 1642 19 1464
3537 1.0067492279101613 6.8304412983878251 23.704031700813161 56 56 55 0.082293274932813174 17 1785 18 1646 20 1002
3538 -1.8801011116409307 7.1780833492268385 22.161473981579409 102 98 97 0.43394337628611462 17 427 18 1662 19 1526
3539 0.63103522940126944 6.7946194533294495 21.65416875452858 70 69 74 0.47971060827423084 17 595 18 1676 19 1546
3540 1.1047431930907363 6.8659194291683336 22.813040671173248 125 126 130 0.34377564080946238 17 456 18 1679 19 1500
3541 -5.491966600447074 7.5868642575541276 20.746947233754817 60 55 49 0.436148903666495 17 489 18 1695 19 1895
3542 -5.4059496041079136 7.7271111122544616 20.467867474657165 65 58 54 0.51147062720959946 17 492 18 1697 19 1629
3543 -5.0971629430213428 7.6924499841505281 21.049414337000957 75 70 67 0.5820870187538042 17 501 18 1702 19 1572
3544 -3.6971456780669341 7.3706004675682166 21.123598074774918 87 82 79 0.68098248952010243 16 375 18 1709 19 1578
3545 -3.7445176593880833 7.5202627673458426 21.506042833313892 44 39 36 0.77399478151514778 17 520 18 1710 19 1582
3546 -0.30430000751650688 7.0310125346794532 21.44108873638708 70 70 72 0.32982533372554101 16 495 18 1731 19 1604
3547 0.69755007729918994 6.8630801110847646 21.701777525324335 113 113 115 0.3494636681532115 17 598 18 1733 19 1892
3548 0.96739995015999025 6.7954546448134971 21.648908750398029 118 118 118 0.075283308147998343 17 1825 18 1737 19 1547
3549 1.2628227574548729 7.06665531077428 21.607745757056538 121 120 125 0.8251033588288671 17 2471 18 1738 19 1615
3550 -3.9517783951336427 7.6136229889227689 20.508290535741761 95 94 91 0.66459437735364368 16 449 18 1777 19 1643
3551 -2.5598172069934457 7.3931824132965627 20.519505224380552 50 50 50 0.50236628352921198 16 473 18 1783 19 1657
3552 -3.800690333041493 7.5651061811476206 19.150096461153939 97 97 95 0.48476389720022034 15 569 16 728 18 1849
3553 -3.6396221073389077 7.6119388938871388 19.585166884206526 55 54 52 0.40843917356713089 16 568 17 1911 18 1854
3554 -0.76214913833744091 7.3682786373547611 20.154186574505804 42 41 39 0.67795108828714123 16 621 17 902 18 1878
3555 -0.17296275858595161 7.2237587337735958 20.459182630350444 59 59 61 0.17366227165713208 16 627 17 910 18 1883
3556 -3.4596594638884808 7.6391037522032113 18.860231981575851 63 61 61 0.28180653818755763 16 739 17 1990 18 1951
3557 -13.104050599140269 -2.3135674201487846 31.160978043906454 53 45 39 1.1184713979468563 1 1292 18 2055 15 33 19 1969
3558 -10.627306474924403 -1.1593611454427515 29.397612424810379 104 96 94 0.47022415206357349 13 1640 14 1799 18 2063 19 1753
3559 -10.485603093554543 -0.98764145935451186 29.503810458981349 63 54 55 0.73601587185638573 13 1643 14 61 15 1751 18 2064
3560 -7.1781957134255192 -1.1754231123899594 38.315952736743085 26 0 0 1.0375272179279904 16 2456 18 2066 20 1114
3561 -2.1371309631200504 1.6621190400234978 21.728443904074506 114 113 116 0.29515975077858614 13 1715 14 1871 18 2112
3562 -2.1371309631200504 1.6621190400234978 21.728443904074506 114 113 116 0.29515975077858614 13 1716 14 1870 18 2113
3563 0.039575182242540835 2.0809050071144899 24.482491549852675 98 102 103 1.0446190764342587 15 1830 18 2116 19 1809
3564 -3.6777969018323153 3.6437639035759362 20.581947013565706 45 35 33 0.98106040904311287 15 291 18 2136 19 2037
3565 0.11675530891429095 7.0736047368368311 21.176588411715475 120 121 122 0.58374021490868278 15 510 17 2470 18 2180 19 1907
3566 1.6911830081019985 6.8373683064959456 21.641161879859656 130 129 134 0.40270267120415665 16 1909 18 2189 19 1912
3567 1.7713170239424838 6.8723403194717463 21.861860365928777 72 73 77 0.1600367556750544 17 2457 18 2190 19 1914
3568 -6.0992848022936084 7.7309757375088441 18.164500165424972 73 70 65 0.49240452238935389 12 1575 15 1987 18 2237
3569 0.42893999546808115 -15.938782964355816 32.629241697150029 12 8 5 1.01642467281021 9 1194 16 2729 18 2277 19 1960
3570 -2.2868087381258237 0.090809619728739008 26.148360580480279 152 154 159 0.55009088550123109 16 2469 18 2317 19 1994
3571 -2.1765567594655115 1.9361930959890827 21.727643182498355 91 91 91 0.3888281923856331 13 2532 18 2342 19 2016
3572 -4.4373040516445847 7.673912578315397 20.309959020641038 46 42 39 0.54061623138836501 16 2559 18 2399 19 2156
3573 -0.77462816452853178 7.3182135994898116 20.18739960858354 51 49 50 0.24863832425979326 16 2571 17 2491 18 2411
3574 1.5048031496642931 -15.301892134558562 32.036939925941248 60 56 54 1.2411926242569975 3 1242 11 1800 18 2430 19 1962 9 113
3575 -10.4473653087447 -3.3404128949004241 33.946675711222085 88 79 77 0.41680950329564698 1 2239 18 2437 19 2080
3576 -8.2220061287899373 0.66155462184162961 24.406557720568355 104 99 96 0.9004165127536331 1 2123 18 2460 19 2101
3577 -0.25245193895639728 2.3533728453644049 23.62981096752095 115 111 117 0.95123406084709339 13 2865 14 3080 18 2474
3578 -0.25739376390509139 2.3614546522153281 23.67568106216407 115 111 117 0.77185909518728335 12 2652 13 2864 14 3079 18 2475
3579 1.2913676595812476 6.1492095767002501 27.615672382727826 61 30 9 1.105667632298674 15 3016 16 2957 18 2489 19 2139
3580 1.1962712752047298 6.7223977007013849 23.563342047854537 126 127 131 0.47570607112828217 16 2847 18 2497 19 2145 20 1316
3583 -2.6161928923167768 6.9662856067836785 23.407116054439271 55 52 47 0.18790891145543798 13 3106 14 3309 18 2623
3584 1.5323366133910334 6.6737362828527642 24.067951710976867 121 125 128 0.47681160923126303 17 2924 18 2624 19 2268
3585 -3.3459475244577153 -6.1749197777845017 37.035722621769459 119 94 74 1.5550228432319291 2 2067 3 1892 19 2279 20 1464
3586 -7.2394135694704014 0.38684672267278553 22.617107092240023 117 113 112 1.97871852456644 16 3159 18 2702 19 2348
3587 -6.6309850772661747 -1.5270293019866912 37.349525657001088 35 15 2 0.87115224089557763 16 3194 18 2733
3589 -0.5891954710033469 4.1397606268056091 21.794754856658951 0 0 0 0.1502908369755373 15 3402 17 3092
3590 -6.8006437740566028 0.53455452678300863 23.455679229386039 136 139 143 0.64363786993386807 16 129 17 137 18 1539 2 1473 13 2502 14 3040 15 1793 19 148
3591 -3.1556641183923997 2.3520992447156677 20.788083738382809 87 81 79 0.58286673163383051 9 324 14 226 15 219 17 231 18 1572 14 225 15 220 17 230 19 1394 19 1395
3592 -2.7349613767217762 3.0805199370880945 21.50206381668578 96 93 95 1.1202288940175955 3 1319 9 932 10 371 11 1180 2 1499 13 1743 14 2724 16 1807 1 1395 18 2124 15 254 16 241 19 1415 20 1292
3593 -4.2726759348858829 7.535596818038881 18.712255354292555 46 42 43 1.0030199888216491 11 414 12 384 18 2247 3 1383 2 1566 15 2710 16 1963 1 1934 17 2482
3594 0.71266355152357619 3.3834046793082875 24.9462314838227 2 0 0 1.4545373482956934 14 263 16 1810 18 249 11 1625 12 2314 19 1828 20 572
3595 -1.7348354642054846 1.3536098162080366 22.240305748807568 94 98 101 0.3714316945308696 17 177 18 225 19 214
3596 -6.904559573958946 0.15082058322663305 24.456375418909087 114 108 108 0.33109019599645406 17 2955 18 2644 19 2284
3597 -2.1864549880829323 1.2774503421847478 21.793035425754926 104 110 114 0.93407351144392381 10 1115 11 1143 14 2691 12 2269 17 2378 15 2625 1 1840 3 188 20 1282
3598 0.9103123340727941 3.4965759144590987 24.258303831259127 2 0 0 1.797913062909817 2 207 13 2561 15 282 16 261 1 1880 12 2672 16 2833 15 3145 16 3031 17 2914 18 2547
3599 -10.271029387587282 -6.4888804701374641 36.239306437111779 130 107 90 0.31952290817167145 17 24 18 34 19 41
3600 -11.658977857094101 -1.1417593716629759 28.615178739436661 142 140 141 0.60736469443121488 17 1620 18 71 19 63
3601 -7.2748814958815036 -1.4364242013634363 36.956106503418482 41 32 34 0.58327532296179851 14 71 19 73 1 89
3602 -11.150192971890787 -0.54837515430339456 29.663837711212938 62 53 45 1.3123979377664416 16 85 19 79 15 56 1 74
3603 -9.651893080615249 -0.60696565514655576 30.038362018505435 109 105 104 0.92755583803674124 15 64 19 89 1 1311 13 70 14 68
3604 -8.6020240744707532 -0.90277024822509633 30.50640872560718 120 118 120 0.2817668225422188 17 73 18 81 19 91
3605 -12.208904102240121 0.00835726679463966 42.63623693771877 98 93 92 2.6136264546962318 15 94 19 118
3607 -0.1977319482915188 0.76084441319810769 23.598301329704523 128 138 148 0.47641609835482474 17 164 18 197 19 190
3608 0.021414388806596338 1.4832238399823303 23.885483492041043 132 135 141 0.46680884178050941 17 198 18 229 19 222
3609 -0.26223323287266226 2.5061098723371464 23.416636954927974 67 63 65 0.9000700072509028 17 233 19 235 20 117
3610 1.5155583982591994 2.9956097811711917 24.115513455460604 130 137 143 0.42578507666219317 17 257 18 251 19 248
3611 -4.403339876135675 7.2327590734797589 21.737038337264259 21 16 12 0.90093265245997023 14 330 18 425 19 513
3612 -5.1412663320119822 7.5791078765336675 21.327555970640351 63 58 54 0.34791907405320494 17 385 18 524 19 666
3613 -4.1509098527004085 7.6277328221942886 20.975012875192153 52 48 44 0.28377475852913853 17 511 18 699 19 878
3614 -2.8859201508831416 7.4118463695073853 20.843475177415161 59 59 58 0.30313223037826531 16 466 17 539 19 910
3615 -2.671032454805474 -17.290067494530405 35.619550356726442 69 61 56 0.22271798912979365 16 1667 19 1286 13 2459
3616 -2.8779984237804874 -0.038818615133793463 26.284713126489141 109 110 115 0.23414707995122794 17 126 18 1529 19 1334
3617 -4.5240876248833333 0.39982272455432366 25.107125079326067 134 133 138 0.30458692160598666 17 143 18 157 19 1347
3618 1.0488065037795027 3.5758544306700761 24.261345983664164 5 0 0 0.65390628341147539 17 274 18 2131 19 1418
3619 -4.1656954235121839 3.8000727083874764 20.108744692414987 74 64 63 0.76751495814361392 12 189 18 272 19 1428
3620 0.70690491216378315 6.6483909878326388 24.630807466207038 112 113 117 1.2423510392575075 18 1621 19 1450 20 623
3621 -0.10104288161469363 6.9704289075263732 21.664171230604076 45 44 44 0.61000521445175993 14 350 18 776 19 1540
3622 0.3195535573800854 6.9771804528237427 22.313789155766436 76 76 80 0.28960465552999365 17 446 18 622 19 1542
3623 -5.4312241940174637 7.5180049090290986 20.889053316296071 55 50 46 0.46477924733947229 16 364 18 519 19 1569
3624 -2.467710209726957 7.4124971467168237 21.097339554683824 67 63 62 0.94367529774289949 17 551 18 1721 19 1595
3625 -0.2059205816949583 -15.623495306130151 32.928493523095845 8 3 0 2.040825167878745 9 1220 19 1746 20 1087
3626 2.9460109511902877 -0.54063909887842987 32.748312947883896 171 185 197 0.46343595471088506 3 148 11 160 19 1763
3627 3.1039100804276942 -0.62775973524660944 33.115787235065078 228 237 246 0.74438039108217868 1 112 10 261 19 1765
3628 -2.50055385782747 0.028950456897643206 27.410990725799238 132 131 137 0.83202162315940686 17 1671 18 1532 19 1775 20 1131
3629 1.2758851573365417 2.7630992665078189 24.252851334443662 54 50 44 1.1359220974339885 15 241 16 229 19 1816
3630 1.532343441006339 6.7773374066216903 22.333840843645763 123 124 128 0.89780671424082381 16 1877 19 1893 20 1037
3631 -0.0085193338128933677 7.1096208329491786 20.786538372495265 107 106 110 0.76508835208689541 15 511 17 2469 18 1793 19 1934
3632 -6.9012918254449644 -19.135413606676423 38.886597580478487 103 79 59 1.042057629794596 15 2905 16 2732 19 1963 13 2810 14 3002
3633 -9.0223436092548095 -0.99818468457761711 37.795238123109755 26 4 0 1.031357342753537 17 1633 18 2292 19 1978 20 1251
3634 -7.1054165372859073 -1.1733435677502764 38.08623148832244 16 1 0 0.81367906968519765 16 2455 17 2641 19 1981 18 2294 20 1113
3636 -1.5257569995051699 0.91476859037719604 22.505292814113862 113 116 121 0.34322356154813322 17 2374 18 2089 19 2001
3637 1.5441221210858882 1.4013675075746939 32.729621808798647 87 83 81 0.97522719878967701 11 212 18 2462 19 2002 20 1370
3638 1.5441221210858882 1.4013675075746939 32.729621808798647 87 83 81 0.97522719878967701 11 211 18 2463 19 2003 20 1371
3639 -1.5136053699912853 7.1605144195664883 22.795988704682095 41 37 34 0.51381734999233919 17 2756 19 2047 20 1324
3640 -9.9231084340165143 -2.5084205826676831 37.133400893926094 217 182 127 0.58125231934621491 16 49 18 2439 19 2082 17 2626 17 2330 20 1352
3641 -4.8476222111369891 -0.15983304981193341 26.895757817228638 147 148 153 0.18762331845630106 17 2649 18 2453 19 2090
3642 -4.8476222111369891 -0.15983304981193341 26.895757817228638 147 148 153 0.18762331845630106 17 2648 18 2454 19 2091
3643 -3.2167468589767223 0.20974823674709162 25.582618914232935 150 151 156 0.32572346075232078 17 2657 18 2314 19 2095 20 1271
3644 -2.7941263512901982 0.11987156513550508 25.494488639549406 155 156 161 0.19965296134971347 17 2659 18 2458 19 2097
3645 1.1683375511740308 6.827047295184741 23.814762645015538 121 122 124 0.16438554484019194 18 2496 19 2146 20 1315
3646 -0.85480746003313313 6.8977177583383353 22.16296500622477 95 97 96 0.68630468091763108 12 1522 18 2504 19 2150 8 818
3647 -5.4204975314299695 0.17074473333974716 26.067171394194748 122 122 125 0.42343151771799681 16 2917 19 2181 20 1368
3648 1.812746713575162 6.0520924477620639 26.039605166874452 89 62 39 0.74592214156578418 1 2176 18 2560 19 2214
3649 -9.4825529966169153 -5.9451819122770981 35.772168243128021 147 115 83 0.21945415067185972 13 3135 19 2236
3650 0.10606582872278202 6.8512377869449415 21.888894106169104 118 120 122 0.65016695596668839 3 1565 19 2271 8 1373
3651 -8.8475128042652944 -0.38306509780307724 28.650673721272703 117 112 108 0.16225252146428371 17 2950 18 2590 19 2282
3653 -1.5834790559069611 -0.039806021997886992 29.458953051461933 38 18 12 2.1597830408150047 17 3024 18 2677 19 2347
3654 -7.3253677314568932 -1.4791839228458836 22.646832836960378 0 0 0 1.9945486028394077 1 2538 11 2353
3656 -0.24566257863111857 3.7863548346688201 20.702934560708012 0 0 0 1.6620660176255109 16 3220 18 2749
3657 -0.90749734272061444 -16.568768039095886 32.793538572512183 26 18 12 0.79817918491234308 10 31 11 5 16 3 19 0 14 1 18 0
3658 1.5334268079686408 3.7038927854124708 24.657667402389105 56 48 45 1.2947119614959905 3 1536 9 1517 12 2814 2 1873 1 2275 19 2198 16 2948 17 2850 20 1382
3659 2.7148360064546035 0.80095152447847173 32.088255472189353 144 162 176 1.359909691996994 3 847 10 1105 11 1138 12 2265 2 1005 1 1828 19 2102 4 1127 2 1714 8 713 20 1276
3660 1.4966444792251965 6.7890523273291219 22.495038171993944 121 126 131 1.2988011056276652 9 1749 2 2039 19 2302 3 1691 10 1770 11 2005 12 2916 16 3047 17 2970 18 2629 8 1484
3661 -2.4874180789929343 7.1799349536007178 21.341658661456652 101 97 96 0.44944782988779081 15 414 16 383 19 742 17 547 18 579
3662 -4.8225554187161492 3.0807588570960993 19.123144642205546 90 86 88 0.80914947676894766 10 1879 11 1987 15 3222 16 3026 18 2545 19 2199
3663 -2.2046878564458412 7.2355300306895591 20.992042225357974 46 43 44 1.1720031725102695 15 419 16 480 19 1597 15 420 17 1816 18 1724
3664 -2.2046878564458412 7.2355300306895591 20.992042225357974 46 43 44 1.1720031725102695 15 418 16 479 19 1596 15 421 17 1815 18 1723
3666 -3.0799714019230473 2.0690776176890329 21.114940438481067 82 82 84 1.4015582040104546 3 1309 10 1523 1 1853 17 2697 18 2344 19 2019 3 887 11 1166 12 2291 13 2537 9 920 14 1885 15 2636 17 2394 20 1289
3667 -0.018884223491301456 0.35213326493387392 25.616872866564414 30 26 28 2.3721030522201172 17 1678 18 179 19 178
3668 -1.2535099579166928 0.075850390447356628 27.539061990335082 33 20 12 3.4673479087003902 17 2823 19 1995
3670 -2.7852680448080172 -0.011486311855870741 31.115896589760425 7 3 4 1.9473573304311156 17 2822 18 2529 19 2179
3674 0.13854763418194457 -16.416721209072623 33.165776442980302 11 7 4 1.9984868955253818 2 30 12 20 8 11
3675 1.8632145113919114 -13.153319874317216 25.328604396479481 81 81 81 1.1456934318713277 10 39 8 17
3676 4.4594370519409763 -15.070692056749868 30.680089469774856 144 150 149 1.2026688085186545 10 991 11 1061 8 64 3 764
3677 4.8107869511085672 -15.879882456726666 32.434470153607542 144 150 149 1.1580343374630186 3 763 8 65
3678 6.8674834519739658 -15.961438421112652 32.457936945132865 136 144 147 1.3332757019037591 3 77 8 73
3679 2.3818935740800939 -13.458909201956248 32.660306636314722 155 166 170 1.8303949204485617 2 55 10 177 8 117 11 99
3680 2.8057633441409431 -0.49551204683976185 31.258975171496221 183 193 202 0.99589184702142364 2 977 12 2250 8 157
3681 6.0197493604910148 0.44772896327930328 22.938677290177914 142 160 172 0.92387894344513966 4 123 8 163 7 87
3682 4.7388012022408157 1.6112569858615253 37.085730329648172 95 107 120 1.1949087005729724 2 1023 8 173 10 307 11 216 3 861
3683 8.4213821211681665 1.6199896138494576 28.589841931474108 61 72 81 1.2247703983677201 3 183 8 175 7 95 5 95
3684 8.2093172020294283 1.5777058318295138 28.060825010629685 61 72 81 1.4059617273391944 3 182 10 326 8 176
3687 3.654266383907721 4.9520122537429492 32.647856313028576 87 79 77 0.39288359667709488 2 211 10 383 8 204
3688 5.5177521975383792 4.6357165454972247 31.109042770627923 99 95 94 0.66696895253893274 3 247 8 206 9 348 10 387
3690 4.0915477225160855 5.7646780739767314 32.508360739391755 24 13 7 0.59765588181204965 2 227 3 944 10 1167 11 298 8 211
3691 0.062794491357899024 5.6816406462036877 27.123329713030149 25 16 5 0.93622969495860087 2 234 8 214
3693 9.6794610953967748 6.5144028842863753 27.887891349763002 23 9 5 1.0800258442246951 3 280 8 217 10 448
3694 8.0291805706236321 7.2648081653073469 24.848197686029735 94 72 58 1.8879995315485549 3 970 9 425 8 229 7 127
3695 3.447437050377216 7.9116045532513208 21.986198861292582 118 123 127 1.7034231266172644 9 1001 8 291 7 151
3697 -1.6592009679381101 7.1872374687200153 12.477929003534967 95 95 97 0.61947973563671144 9 637 10 1320
3698 -1.9392105437473044 7.4250350031084054 11.88475003466098 68 50 37 1.3365009619562536 10 1653 12 1250
3699 11.63168869586667 -16.57764019513726 29.924634050261176 67 65 67 1.3763466305897847 3 1191 7 177
3700 2.0650394339836207 -17.15822942746339 34.133844190919064 19 17 18 1.6353821337690821 10 1436 8 500 3 1208
3701 3.8817948687556907 -17.162405453694141 34.164743004026114 0 0 0 0.98394299500726268 4 394 9 774
3702 2.8533877370149998 -12.093302169878593 23.365189719048079 74 74 72 2.279798664682203 3 699 8 517
3703 -0.73309008322279123 -16.311945390678055 33.854745628476131 31 25 25 1.8168719226560064 2 937 8 553
3704 3.3042616711621684 -15.733900086815476 32.406305150559696 127 131 132 0.94677567482837399 3 743 8 565
3705 2.9763314741930018 -14.690176177128347 30.15442884271895 127 131 132 1.3854602142928722 3 744 8 566 20 821
3706 5.351830434201112 -19.262761532929282 39.527800746420503 0 0 0 0.33162492016127243 4 435 10 984
3707 4.9676612474637638 -15.89713074898553 32.486962159873883 108 115 116 1.3205324622399217 3 768 9 780 8 582
3708 5.06897220972591 -15.368568461334483 31.296927440943648 108 112 115 1.6309600007033624 2 917 3 770 11 1552 8 586
3709 5.0883245392470808 -15.446029954578911 31.448634401445869 108 112 115 1.1180125517652464 3 771 10 992 8 587
3710 5.0972305582965687 -15.055110676892848 30.75078439447401 135 142 147 0.4748381464698932 10 994 8 588 9 120
3711 5.6655017843991873 -16.0143460341754 32.501589448316835 108 113 114 0.013919032361226522 2 920 8 590
3712 7.3794145707799865 -15.706077534261729 31.919540395272783 105 108 113 1.8813466592882049 3 780 8 599 9 84
3713 9.5838921861256114 -16.123513286262799 31.994920666331492 142 146 151 1.9122087809495449 3 716 9 1200 8 604
3714 8.7000131045463238 -14.619472073933482 28.886128371913173 114 121 125 1.1673412237884031 9 1203 10 1445 8 607
3715 4.3091244029343629 -14.191122994677722 31.539715754563254 146 150 153 1.1423423815495162 3 797 10 1027 8 629 11 1081
3716 5.6277712107131501 -7.4647226459757636 28.812608119871886 147 151 157 1.6166455612549961 9 853 10 1037 11 1571 8 666 3 121 2 64 20 1242
3721 -1.5375370155074963 1.35674401545104 22.718001568807438 131 135 144 0.61224064701771308 2 1008 11 198 8 718
3723 10.759024761122495 2.008732541305577 25.313766884685052 61 74 88 0.86909655760134641 4 998 9 306 8 732 7 639 5 262 6 235
3724 6.2979828285642805 4.757776634345384 30.192886537244384 87 78 73 0.65524090016404146 3 248 10 388 8 757 9 349
3725 6.1664268859433182 4.7543674294121816 29.259828588954843 66 56 54 0.37383310452104673 9 361 10 401 8 758
3726 7.8375723528177916 4.9944720696127991 29.611811539698706 89 82 74 0.8247297744262746 3 1328 4 539 8 760 9 946 10 1163 7 289
3729 10.453493724400118 5.0688959373177642 25.987050496847459 65 56 49 0.68437998430746239 4 545 9 949 8 766 7 297
3730 10.399940778008981 5.1995266968297118 25.975724542609708 104 93 89 0.43646145634959987 9 958 8 768 7 496
3732 6.9534392240310705 5.9766489488560577 28.646676272053043 19 8 2 0.92404987787027482 4 551 9 391 8 775 3 276 10 435 7 113
3733 6.2511511600577556 7.9668282259947416 25.738037931690492 68 54 45 1.1569133929911677 3 973 4 576 8 813
3734 -0.74134248721400009 7.1141863898217039 19.477854878130611 102 103 107 0.97101302650577292 11 1248 14 1978 8 831
3736 9.0495003226702142 -16.691072190412598 30.220610094405465 2 2 4 2.3590904918787889 3 1188 9 1159 8 935
3737 -0.93191804719355287 -13.465579447642538 27.580348836022672 8 4 2 1.8135103309383747 3 1231 8 947
3738 -0.21065878993263965 -19.417143310114621 40.225301843084083 8 4 2 1.7071568986216876 10 1457 8 948
3739 0.81060289442522537 -16.276202524692952 32.232328402928573 46 41 38 1.0101432654785449 3 1206 12 2197 8 951 10 1434 11 1536
3740 11.105724777461392 -15.727356324150072 29.703390484053415 87 86 82 1.6041405778632634 3 1448 8 953 7 389
3741 6.4206388187446128 -15.995099931567779 31.985608427063685 133 136 136 0.22485264496932461 2 1415 8 978
3743 10.10670530212013 -16.473064194193586 31.954240786778247 144 144 146 1.0189432459216177 3 718 8 985
3745 9.3277048743250752 -14.514531814991511 27.563242754008499 108 105 97 1.6150630421311369 9 1205 8 989 10 1447 7 200
3746 13.832719419938453 -17.4590906702444 33.833347430294623 153 163 165 0.43049492097568887 3 1457 8 997
3747 12.267489939749359 -15.036970405487075 28.860767677928095 152 162 164 0.69721463956877883 3 1228 7 406
3748 2.5851867404110158 -15.583463714584537 33.114022059138605 93 102 111 1.492996906392609 3 1471 9 1446 8 1013 10 1694
3751 8.30552444897857 -11.978855894509941 27.503638850209061 245 246 250 1.0161259908639655 9 842 8 1043 10 1033 7 589
3755 8.3416451887033336 0.72613087475197824 28.322841009159166 84 97 108 1.1549206176570237 3 1284 10 281 8 1095 9 275
3756 8.3354548793858765 0.65883070500223806 27.681662571036302 151 167 179 0.98790641844908267 3 849 4 798 8 1096 7 473
3758 7.3108676958150189 1.7583135897864643 28.199982763377182 110 124 133 0.95193610727639244 4 513 10 1118 8 1105 3 879 9 912 7 478
3759 8.1194040405157892 1.6986855638411955 27.428763713367747 140 153 159 1.4066339220056652 3 880 4 997 9 300 8 1106 7 479 7 637
3760 10.745995740538099 2.0851652581858695 25.030484790354212 150 168 189 0.361232382533545 9 913 8 1108 6 236
3761 11.099263251178183 2.6560138539807601 27.677588200062218 70 73 78 0.68728819902355764 3 1307 8 1111 6 605
3762 2.3279346427994918 1.261152521852638 7.1908258506970792 91 96 102 1.6859770187941789 9 1508 8 1114
3763 7.9706029245195191 4.757013114196841 28.547579660833353 60 52 49 1.2064628119927554 3 931 4 1141 8 1130 9 370 10 408 7 730 5 400
3764 2.3323996873902146 2.0633918667470761 7.2648550584059555 59 46 37 2.1570990440060358 9 1306 8 1132
3766 7.8340135782079852 6.0041882079760835 28.217919730582278 79 69 67 0.71779424720635843 3 1341 10 436 8 1135
3768 9.2318327906291557 -15.884835475301351 30.781266542205913 133 135 134 1.2388181925352197 9 1202 8 1237
3769 8.8063954994978833 -14.413712305057334 28.6848105248339 131 138 141 1.6136595149250403 9 1204 10 1469 8 1238
3770 13.261361878982576 -17.402711479894439 33.811134373176969 154 164 166 0.23354619385929853 3 1226 8 1239
3771 12.240648398005247 -15.234608757865438 29.5533385025652 102 112 114 1.9605730651759223 3 1459 8 1241 7 559
3772 13.95595907684848 -17.214868396242011 33.536577430944483 102 112 114 0.47136653042265908 3 1458 8 1242
3773 10.632298187984656 -13.746088197450815 26.835266427660095 134 142 146 1.8614637292716039 9 1214 8 1243 7 560
3775 3.3125679868467426 -14.913590441214899 32.90465987291384 133 137 140 1.6026138785275474 2 1822 8 1251
3776 9.2789764557807075 -13.467589018033596 27.858293281035039 140 142 139 1.562639819313576 9 1453 10 1830 8 1254
3778 4.3939888628900983 -14.116064720482315 32.194049243161622 123 134 136 1.0083937776872427 3 1476 8 1262 10 1702
3779 4.5223253094959288 -14.365246504449749 32.810420561966446 123 134 136 0.63573009280382997 3 1477 4 1084 8 1263
3780 9.2822082785097528 -13.232427427583305 27.887363645660709 137 139 136 1.9399897229075089 9 1590 10 1831 8 1266
3781 11.192138412531188 -13.28258719299162 29.078956717883894 0 0 0 1.3942537917894002 3 1475 4 948
3783 8.4831806137631727 -12.765613427465237 29.518805258001496 244 245 247 1.029142786880467 9 1463 10 1480 8 1277 10 1704
3787 9.6277525175582213 0.42520568087685845 28.707196833234292 217 225 235 1.4189549148269183 3 1655 9 1620 8 1324
3789 10.784455222884034 0.79381451236495315 24.269865995085567 201 210 219 0.32995429844910429 9 1496 8 1326 7 724 6 752
3792 0.84080693132079198 7.0972645549716065 25.970604682392892 0 0 0 1.5591590515780651 1 2292 4 1029
3793 -0.69967338218585429 8.5165823962230824 21.847206316368538 0 0 0 1.1481835994487208 1 2388 4 1043
3794 5.1831342142480068 -14.125905660116672 30.485682685773295 112 120 119 1.4826434716955288 3 1617 9 1588 8 1420 20 1339
3796 10.584870593375618 -13.565230975971836 27.387778684066767 102 105 104 1.7171653305916965 4 1078 9 1703 8 1422 7 770 5 355
3799 11.430024682345666 -13.619795954478093 29.154143564710672 100 106 110 2.1771484265059722 3 1623 8 1431 7 677
3800 6.1060512161614691 -0.043272113889598549 29.673898536002135 198 208 220 1.2075389920378494 3 1509 8 1458 9 1490 10 1727
3801 8.7523784221790262 0.34553298270074989 28.148560485341353 211 221 230 1.1222947517905997 3 1752 8 1461 7 717 5 325
3803 7.5542975707060833 5.8312996469085698 27.253453422073523 77 67 65 0.56276145825890689 9 1643 8 1472
3808 7.6231594099039635 15.639754780178338 32.127049825649884 130 135 141 3.800831916800286 9 1684 8 1511
3812 8.23415190277397 -13.072391145918411 30.753068250255982 233 237 240 1.7898557840192533 3 1626 8 1529 7 772
3814 8.6117220795611953 -7.3670543373003099 29.065180634046829 147 158 164 1.9591469586583568 3 1743 8 1537 9 1712 10 1980
3815 7.2406714301750217 -1.062886964806609 29.364200586766263 233 230 231 1.8240058675091788 3 1820 9 1608 10 1845 8 1545 7 880
3820 6.6914379051821538 7.5660068212319933 25.343635815854135 108 82 58 2.1997089120284192 10 2015 8 1588 7 815 5 409
3826 7.7279992884449884 -15.710150251509566 30.912179788919026 106 112 112 1.4851719335215872 10 2057 8 1628 7 844
3829 4.7562045576997214 0.59047428308418526 31.394633796260464 171 193 210 0.56035427388287973 3 1823 8 1657
3830 6.1004343883301431 4.9112052380092956 29.753847202760948 66 59 53 0.8048371621096585 3 1839 10 2088 8 1665 9 1735 10 2003
3833 -1.0758788018291401 7.9005323961090177 16.593364191318532 57 57 57 1.5403000388250376 9 1846 8 1686
3836 11.38333199403424 -11.257463865028134 25.474980235803898 244 246 249 1.2775892216558959 4 1403 8 1712 7 864 5 432
3837 8.2622923000281165 -7.7945042521303955 28.477100651387168 146 158 166 1.1479244976185921 3 1945 4 1406 9 1952 10 2210 8 1716 7 993
3838 8.2622923000281183 -7.7945042521303955 28.477100651387172 146 158 166 1.1479244976185969 3 1946 4 1407 8 1717 9 1951 10 2209 7 992
3849 11.862614272987177 -14.027848873755264 26.216697185343207 125 128 131 2.0384715917493876 4 1385 8 1765 7 982 5 474
3855 8.8228638814360743 12.523597653595111 29.482380948483762 164 176 192 1.5076609301221664 9 2010 8 1807 7 1056 5 596
3861 9.7836271819343654 -11.281653091345575 20.776806603990622 121 125 128 1.1902138048954665 4 1454 8 1816 7 1031
3865 10.175160189323785 -7.9371127694506454 26.186455886076146 246 246 246 0.94559455409722681 9 1989 8 1827 7 1036 5 568
3868 7.9008558694051167 0.94658886477864956 28.442403419475397 90 102 114 1.2602221894162902 3 1988 8 1842 7 1045
3869 8.4691942490670815 6.5125650847386449 27.141589217448114 42 20 9 1.557430766432768 3 1998 9 2005 10 2289 8 1849 5 591
3870 4.829929593943926 8.7596008718119975 24.427307011693856 79 67 67 1.4031449654308881 3 2026 9 2038 8 1853
3871 9.2946496633214597 10.900719896496085 30.145884805146853 107 96 90 1.6489578712764115 3 2001 4 1536 9 2007 7 1055 5 595
3879 6.9813915900282613 -6.4228902655236144 26.697116653781102 251 239 227 0.84614739803585659 9 2026 8 1876 7 1098
3881 6.1396877926682372 -0.94170436876056351 29.554500506142265 186 198 210 0.91504020375726747 9 2030 10 2279 8 1879
3886 8.8204941678500912 12.421179175381594 32.369040005955632 90 73 65 1.324045298154823 9 2039 8 1891
3890 7.1258510274586921 12.46017507389387 27.903710257271424 80 74 78 0.78776259204718591 3 2031 8 1896 7 1082
3894 8.9679058161420624 -7.8273885697334684 28.231679016163021 125 133 135 1.4393231010270093 3 2045 4 1589 9 2060 8 1918 7 1095
3897 -0.2246164291835811 7.4954619306522368 16.51512540107176 122 122 125 1.8280173268117539 3 1401 11 1709 14 3149 8 863 10 595 9 513
3898 -0.10160501717484105 3.1816269251269471 24.731261824558416 63 53 51 1.9183734254654627 10 363 9 330 13 237 1 286 8 744 10 1134 3 1316 9 927 11 1624 12 2306 2 1502 13 2554 14 2719 15 2651 1 1870 17 2415 18 2126 19 1827 20 1176
3899 7.7034803419712219 1.4606748287962839 29.273239887344719 82 99 115 0.86257317390979549 9 1623 10 1864 8 1464 3 864 8 714
3900 -0.51713946402547684 -18.838204586510169 38.676755830692137 29 24 21 0.91379237974732841 3 59 8 9
3901 8.8359215366546771 -24.495271976219612 50.050944278582953 104 109 105 0.51201487398911527 3 702 8 576
3902 10.811553303768441 -15.129409435204664 31.771964749297311 140 142 139 1.2443539792660498 3 1474 8 1255
3908 -2.2761584397784689 -17.208484944387838 34.972098547768326 21 10 4 2.3254311019713136 3 48 20 9 12 11
3909 4.7411913793367697 -8.7306483663622263 31.243808453538769 181 190 194 0.99021352592959599 8 130 11 1569 20 44
3910 -6.6344168890825097 -0.48805936248325765 28.670391777213123 87 86 84 0.091696506946851358 18 106 20 74
3911 -0.17712774955235125 5.6351728385660511 26.326141135755698 19 10 6 1.7865582582375861 3 279 10 429 20 153
3912 5.4933376637082283 -8.2108969732544406 28.804439537373877 232 237 240 0.81260387526003208 10 1035 11 1084 20 500
3913 -4.0208706658922786 0.073964669603141089 30.863298167257508 155 158 167 1.93973646755387 17 125 19 1774 20 536
3914 -1.3652324481905833 0.94154752813831855 22.503113438351779 130 136 142 0.54478094500678631 2 152 18 210 19 204 20 554
3915 1.485902722784213 2.5286496943232302 25.036244045632742 103 112 127 1.1084804643262192 15 227 16 214 20 559
3916 1.0676956625097551 4.2639590524460242 24.991905016557521 39 35 36 0.21243046654402412 19 269 20 582 18 269
3917 1.8720940050186783 4.0834363962966975 24.136089661964906 92 92 97 0.22236458413210439 18 275 19 1433 20 583
3918 2.1162858701473914 6.1050775580595937 29.331602507175202 86 59 40 0.52426477533421512 18 1602 20 588 19 1843 20 973
3919 5.0456438975331483 -12.990049304718378 31.24738865976019 228 234 236 1.4687307172796829 11 98 20 860 10 183
3920 3.3494068660595504 1.3689300134515237 33.558300580918754 121 148 169 0.92984891980365958 3 178 20 909 11 214
3921 3.814072802699159 1.6079528654925253 33.435440208874184 118 136 150 1.5230359427525197 4 135 20 916
3922 0.78779160557545469 3.0538698304348544 24.585624996786716 20 12 9 0.44630679740300838 18 2127 19 1829 20 948
3923 3.6272258882851665 5.0222711859955629 33.300841142401012 89 84 89 2.5925360191066149 11 1192 20 951
3924 3.8174772116609077 5.3973680111438362 36.74776535338151 0 0 0 0.46017526834843075 3 911 11 1191
3925 5.0943470650212994 4.5072622518096264 30.674046594052069 98 96 97 1.9344678557318842 9 347 20 954 10 385
3926 0.31614512038715881 -14.912136316823041 31.39524371170852 6 1 0 2.4025953911874223 8 975 10 1693 20 1088
3927 -6.723581845757101 -3.1242961245837302 37.800682799342951 30 8 2 0.21811725953471536 17 2624 18 2287 19 1970 20 1107
3928 2.6896657725264053 1.3345352830170665 32.224759716912885 110 126 139 1.2106135458564182 2 1019 11 213 12 2276 20 1143 12 1414
3929 2.7029500180144068 1.8463684284544917 32.024616186789586 95 105 116 1.4876178739811132 1 209 11 223 12 2289 20 1146
3930 -0.66604147806595315 2.3139571332511459 23.421851111803907 97 93 91 1.1997309855925389 1 1382 3 888 20 1167
3931 3.9160497963687337 -14.899123989865631 31.192092831736222 136 146 147 1.1271014106685695 11 1801 20 1231 10 1472 9 814
3932 -9.1305187642436749 -0.98019866907398356 38.109531031185462 19 2 1 0.883986583282383 18 2293 19 1979 20 1252
3933 2.7927663643767651 -0.2391344876139892 32.920537907610893 89 111 125 0.92020863392469321 11 1130 12 2261 20 1262
3934 -0.48907926394221884 0.21265525282061964 25.917786043314607 31 17 14 1.1726897550844928 19 170 20 1273 18 163
3935 -2.3422324618742132 1.2773602116722409 21.802750639188137 111 114 117 1.094353659805851 11 1142 15 2624 1 1839 13 2523 14 2689 20 1281 18 2329
3936 2.9973364487384964 5.6898581233592198 32.504042387393888 69 54 45 1.5552465152768631 1 2167 19 2031 20 1295
3937 1.8031642837897364 6.3148715182803512 27.510082203371322 65 33 12 0.72682405699234776 18 2491 19 2140 20 1304
3938 -9.0085407953049543 -2.1254927304135616 34.2415345826468 48 11 3 0.86353190032615179 17 42 18 1492 20 1355
3939 -9.0085407953049543 -2.1254927304135616 34.2415345826468 48 11 3 0.86353190032615179 17 41 18 1491 20 1356
3940 -0.7674087445426474 3.2803638918930234 26.619468946309212 0 0 0 1.1535278999145404 2 1733 4 530
3941 -1.0154072161399872 6.7098413004627702 22.253321420893595 88 87 87 0.45667418944527616 1 2182 20 1401
3942 4.446368854638286 -0.46849722923824261 32.233043503571906 240 238 241 0.85413610188816902 2 2073 11 2216 20 1469
3943 2.0616135943594278 6.5059182451947501 25.270082019791893 116 124 127 0.77206169894070165 18 2621 19 2299 20 1486
3944 4.3246128236665484 1.5316644121116922 31.627272564028338 104 109 113 0.80887825038025907 10 2167 20 1508 3 1825
3945 4.8834690189091798 0.85064145542212588 30.055619219129717 165 187 200 0.39739269443345715 11 2296 20 1553 10 2247
3946 0.3060272560195077 3.1219604929879563 24.957125917568572 44 36 33 1.559484266677059 10 364 12 176 14 244 20 571 9 928 17 2416 19 1403 8 198
3947 -8.2106193403489094 -1.0230396596945284 32.737305500833365 88 78 76 1.1505736748888384 10 233 15 69 1 86 20 876 2 1448 11 1586 12 2233 13 2824 14 2655 15 2936 16 2751 1 2106 17 2640 18 2444 19 2088
3948 -0.36278983157883266 3.0716886156040055 23.958831845743195 94 86 84 0.99414837279225898 14 241 15 265 1 284 18 248 19 243 20 947 10 362 9 329 2 1055 12 1464
3949 1.4963803207926509 3.4121111576382948 24.685237489010081 66 61 65 1.2840827297855615 3 1324 9 935 11 1626 12 2315 1 1872 20 1294 2 1735
3950 1.1549733964891216 4.802765656342654 26.002017358693688 55 53 56 2.8136918584861594 10 2175 3 1909 9 1901 11 2227 12 3026 2 2087 1 2474 8 1729 20 1479 15 3325 16 3084 17 2965 18 2613 19 2295
3951 2.3383707610173703 6.6921083995821045 25.767721687477167 125 119 123 0.39910125509781347 19 2043 20 1195 18 2386
3952 3.295063568436186 -14.570720693661153 29.596950384512859 92 90 86 2.1242764369397622 2 902 3 750 20 822
3953 -0.99704699966156829 1.1398767594182742 22.795789941638226 137 141 145 0.58497464940763366 2 1013 12 1402 20 1153
3954 0.49422254751720301 0.641887205706967 26.686408316665197 16 8 6 2.0679597560163105 18 2645 19 2318 20 1506
3955 -0.55894902685457903 0.23591204821558795 27.632262795200297 0 0 0 1.0796745297731836 1 1338 4 129
3956 7.8793461539347378 -18.768647078808009 38.233629720249432 0 0 0 1.6278457564038158 4 55 10 128
3958 7.6248964682308067 -6.8566452481856652 26.56784327168161 150 153 158 1.0524238469103051 8 142 7 62
3959 10.846650706857796 1.0102700907788991 23.46402281854386 128 141 153 1.1529600312762618 4 501 8 709 7 90 5 93 6 234
3960 12.267587298045129 2.1969641820185868 24.060432327178457 66 84 104 0.85361856485033505 8 191 7 97 5 30
3961 7.100139666678567 4.7678789960534314 28.644660105830379 85 77 74 0.44192953157375453 4 156 8 759 7 104
3962 9.0866840606156956 6.6418826453805435 27.254049209879344 43 20 6 1.2089773568960871 3 291 10 446 7 117
3964 10.779627002842835 -15.101744664076834 27.248585332245352 90 85 80 2.4164078567117695 3 672 4 364 8 535 7 179
3965 9.0489381625800061 -12.661230289212867 22.304317038711304 67 66 64 0.41319455247772741 8 946 7 182
3966 6.4775752250026626 -15.400438256866268 30.419721650486608 98 101 100 0.28900948611137139 10 960 7 186
3967 8.2189404275914946 -13.604030625104345 28.430824503847155 176 182 180 0.5884859100629406 10 160 7 231 9 129
3969 11.977728243840067 -7.1996298919408028 24.660236733422138 242 250 252 1.3134904839106452 8 1051 7 256 4 483 6 559
3971 7.9819933692645257 1.61116833504045 26.649165311838654 47 60 69 0.3635405987284952 4 138 8 730 7 276
3972 8.3882376391973601 5.4069437202154411 33.259174405139461 0 0 0 0.68187938537942161 9 945 10 1551 3 927 11 1641
3973 12.187412429665264 5.4854008566415615 25.945880811870321 87 74 66 0.66436415078591204 8 770 7 298 4 547 6 483
3974 6.8556030365989749 5.9742234651556494 24.681286589221354 56 32 20 0.71819681850109551 4 171 8 216 7 312
3975 8.7502070948806292 -15.668778768858761 27.850331719814122 0 0 0 1.4899414684448757 7 370 9 1164 10 1677
3976 6.830028077019243 -15.390571906742275 30.445958465268603 95 99 99 1.2195631652769876 9 1197 7 376 10 1437
3977 8.3907322489053495 -14.687074246948093 29.02563254610283 97 107 108 1.9774801254194985 4 925 10 1443 7 383
3978 12.408654544961646 -12.086088608547447 24.935273889022685 156 167 173 1.0971820692802576 8 1031 7 439 4 463
3980 1.8717060303422588 -2.8208486506879931 10.601531630362752 150 148 149 2.473574284470009 3 122 7 449
3981 12.401133700368801 -7.2509759838828431 24.816314463569068 243 248 252 0.94651250325610403 8 1286 7 451 4 773 6 679
3983 11.898988547934501 2.74449929604484 25.491518233846854 63 67 76 0.27484462357205591 8 1113 7 485 6 607
3984 7.6073087370269974 4.9272391186713485 27.562311585192958 53 44 37 0.24831996260319478 8 762 7 492 4 541
3985 10.405206373416306 5.352943947409635 26.537273970417917 54 44 37 0.36491444897722358 9 1311 7 494
3986 10.073130105719372 5.1764162950202923 24.959835357350432 57 47 39 0.71392169720499477 4 818 8 1348 7 497 4 1010 5 266 6 712
3987 11.723747146643104 5.3957688861762518 25.854765422256897 91 78 69 0.5903900896846126 4 819 8 769 7 500 6 614
3989 4.0082857416014051 6.7621382829890679 19.785441374524698 0 0 0 3.6249505500628336 3 1368 11 1888
3990 4.1931784554794973 8.5059626741030883 23.467170543597199 67 62 66 0.40555432376034417 8 296 7 525
3991 11.000569725251321 -14.592957132640906 28.275083706466326 0 0 0 1.5826209878956341 8 1240 9 1583
3993 13.157090086134476 -12.292051506667821 24.035255739831864 131 135 134 1.5625659379987784 8 1428 7 577 5 294 6 661
3994 12.905904228341104 -11.869195371707276 24.571271697362992 112 117 123 1.8752114854722406 4 945 8 1272 7 583
3995 5.6060714187275442 -1.1028483713897519 29.170819455063242 216 223 229 0.66992726721386253 4 987 8 1312 7 616
3996 6.9391548738674862 0.6257622805602725 28.013348990280264 159 177 191 0.3920965108515953 4 797 8 1094 7 632
3997 8.0554273001613872 7.110341997610842 27.839157995743019 77 50 33 0.96003247682386983 3 1549 7 651
3998 5.275551077663323 6.8919573251519362 26.484262124039311 89 67 47 0.78203839029726196 4 843 8 1358 9 1324 7 652 10 1561 8 1145
3999 3.4982625907158451 7.1187038553638082 24.616133087822529 107 110 115 0.56613232973180361 9 1528 11 1873 7 653
4000 7.5455760718038798 11.640337859229597 27.506938393484162 100 98 97 1.7416229085701771 3 1710 8 1382 7 661
4001 9.8720430634674798 -13.639428223338607 29.046864526811735 127 133 133 1.7326731821516832 3 1621 7 673
4002 11.805932036251265 -12.81099293666391 25.472034528467137 123 132 131 0.91143535510148876 4 1080 8 1426 7 675 5 291
4003 12.686789907068157 -12.248060418324304 24.53056045913748 151 159 161 1.0191958026896804 4 1081 8 1427 7 679 5 293
4004 1.5771678603492225 -3.5764647392873883 6.3755623092405704 118 118 118 1.2221908851215491 8 1425 7 680 6 779
4005 14.169826280494762 -6.458278306317939 23.435037796156294 156 164 171 1.2343384910373054 8 1289 7 692 5 301 6 684
4006 5.7802311855808046 -3.6852320532748184 16.526230054416541 230 231 233 1.1112775836764153 4 1107 9 1599 7 693
4007 6.3560611494640513 -0.18711069841623082 27.95628173624851 177 187 197 0.45305176530856822 11 1972 7 713 10 1508
4008 10.889910150192843 0.53766250138697691 24.789335705366689 172 182 191 1.1977032779029453 4 1125 8 1325 7 719 5 387 6 751
4009 11.294398197683183 0.13769842010321273 23.689192576684587 191 203 208 0.95396492075769712 8 1549 7 720 5 324
4010 13.331823860573879 6.8153279667361248 22.273635241200804 43 34 25 1.4290418827337281 4 1147 8 1585 7 738 5 338 6 762
4011 12.101756930096521 7.3777075647451085 22.201932411280875 36 6 1 1.4249891672081088 4 1151 8 1483 7 741 5 339 6 716
4012 12.783009054903802 7.5174202808934503 22.094537979435575 31 1 0 1.0208786255463873 4 1152 8 1590 7 742 5 340 6 764
4013 10.452176250079216 10.871974169461183 23.132997880156502 95 93 109 1.7382260642899823 4 1161 8 1504 7 752 6 819
4016 12.481082412445337 -11.001501311106562 24.515982949505947 236 241 245 1.1353143578784026 4 1218 8 1531 7 774 5 360
4017 9.4245020096811949 2.6416748358820352 26.74998080140616 114 134 155 1.1009126392740529 3 1829 7 799 5 397
4018 12.634173971275903 3.0235816675536697 24.498712535255056 97 102 111 1.2098196986835337 8 1560 7 800 6 809
4019 11.530941909340404 6.4308281810423296 23.218157629237485 57 48 41 1.1504968868924592 4 1273 8 1583 7 811 5 337 6 761
4020 13.175188932960245 6.7156927146966723 23.549357745852181 4 0 0 0.73670219355364008 4 1274 8 1676 7 812
4021 10.621730062435166 7.6800782083662469 22.862242831791708 53 29 17 0.83153000202656013 4 1279 8 1589 7 817 5 407 6 814
4026 8.5181131111039736 13.316127757115325 27.708294715520317 113 122 137 1.0172937584639656 8 1610 7 830 5 417
4030 12.660157484811952 -12.705286418208471 24.829930651009505 98 106 109 1.5905825194416774 4 1198 8 1523 7 860 5 357 6 829
4031 11.36293717315638 -7.2954473518134257 24.535784326687111 252 252 252 1.2261253765276734 8 1644 7 869 5 435 4 1409 6 874
4032 8.7069066478129553 1.9175718955660614 27.063958284509159 137 162 183 0.45868728415044058 4 1340 8 1726 7 891 5 492
4033 10.257984378380961 2.5381456433814775 24.855176299314021 71 78 86 1.094164966300982 4 1256 8 1559 7 893 5 395 6 848
4034 12.316303159487665 6.6662062544725247 22.931040722287154 48 32 25 1.143143425181482 4 1432 8 1677 7 899 5 457 6 851
4037 13.286925609539466 -12.014247507959947 24.145959651725637 169 179 178 1.4845997692858977 8 1709 7 934 5 480 6 894
4038 13.353284458451363 -12.059405427949526 24.266714545558692 169 179 178 1.5659905249825179 8 1710 7 935 5 479
4039 8.8127615542371842 -5.8100175954090387 26.494201203442884 250 242 221 0.8409474816815482 4 1416 8 1720 7 939
4040 11.831958771614239 6.985294002034208 23.549363573162584 28 6 5 0.78163745449335154 8 1735 7 953 5 495 6 877
4041 4.225680515058766 6.7574336351444222 20.581095392900167 0 0 0 0.42897319156935243 2 2091 3 1916
4042 11.565666329366374 9.2399657701823159 20.911736910289001 53 21 10 1.9464318696250682 4 1439 8 1741 7 960 5 462 6 861
4043 9.7315610013357681 11.902108041061787 24.975744561614867 102 106 118 1.1119932925553095 4 1443 8 1744 7 968 5 501 6 885
4048 11.706765424519526 -11.762904060398165 25.312100378405006 119 130 136 0.72123404352086462 4 1463 8 1774 7 989 5 518
4049 11.223540640683291 -6.8729293469356243 24.973682375272208 109 123 134 0.93952189432486166 8 1783 7 996 5 524
4050 7.5809795013569943 0.81347151171876708 27.686748957608376 85 96 110 1.6231200127989649 3 1952 9 1962 10 2164 7 1003
4051 10.66444884038652 1.6893896514397164 24.167375975853762 138 164 188 1.2285816810597006 4 1485 8 1799 7 1004 5 537 6 906
4052 10.66444884038652 1.6893896514397164 24.167375975853762 138 164 188 1.2285816810597006 4 1484 8 1798 7 1005 5 538 6 907
4053 11.453457281727619 1.4336723566975853 24.100140554591668 69 74 80 0.96130188585214316 4 1486 8 1797 7 1006 5 536 6 904
4054 10.196423282041785 6.1124975174540035 24.584601642558546 63 53 51 1.3091931211725614 4 1489 8 1804 7 1011 5 542
4059 8.6638700651504976 -13.153828809237423 26.500822751889793 91 90 85 0.75092701588328481 4 1507 8 1818 7 1029
4060 11.134872129903167 -11.98639397163954 25.860283510924365 119 129 134 1.1219060520569872 4 1509 8 1819 7 1032 5 565
4062 13.160170783128271 -7.5351405705160062 24.773709977767719 250 250 250 1.2009693531344601 8 1828 7 1037 5 569 6 936
4066 11.655001356703917 -6.5094523373087494 23.982147293619146 119 132 142 0.87468720193276783 4 1554 8 1877 7 1070 5 607 6 971
4067 12.063721224958202 0.96808695678555834 23.308325859852527 208 215 223 1.1779097753522103 4 1560 8 1883 7 1073 5 610 6 975
4068 9.8253275401357776 1.3723330308828392 24.92179149148404 72 77 84 0.60707527783064108 4 1561 8 1885 7 1075 5 618
4069 11.90431057304661 6.0780688574452189 22.965427506106366 50 39 33 1.2440272058660047 4 1565 8 1889 7 1077 5 611 6 977
4070 11.070344094582447 11.784780098516952 27.603495038070442 76 69 76 0.23827977806708975 8 1894 7 1079 5 625
4077 10.719274727787527 6.4238983552468243 23.494718572913818 45 19 6 0.87265366714641779 4 1600 8 1930 7 1103 6 988
4078 5.1938024001028706 5.9411268963416202 29.357858089462866 82 63 59 1.9398110365540626 4 1143 10 1756 3 1679 2 1881 8 1471 7 647 10 434 9 961 11 323
4079 -1.3142417855619359 -1.9208648675313054 3.3783443734905196 0 0 0 0.71052161144931636 4 938 8 1265
4084 10.543569523791625 2.2502698978098037 24.928136373178134 94 106 114 0.62864507571819106 4 522 8 193 5 96
4085 7.7475852250018375 4.9697980818219882 27.974503659374022 53 45 41 1.2672871729003383 9 371 5 106 3 258
4086 7.9063054761619869 4.7804796446358147 28.371166107692989 56 48 45 1.2371959823636829 3 930 5 184 9 369
4087 10.709630097967301 5.2177098345255688 24.225402853785642 50 40 30 1.3224950145806815 8 1351 5 186 6 481 4 163
4088 10.872114063113406 1.9218972949966491 23.547905811199325 58 67 80 0.59291807676798236 4 1252 8 1555 5 393
4089 11.417055511135509 10.310303665123394 23.884644862724453 92 74 70 1.9089533140622865 4 1363 8 1740 5 467
4092 13.619744230069012 -5.6381997567867366 23.402400191535524 225 224 222 1.539681007348191 4 1555 8 1833 5 573 6 938
4093 12.227171119021033 -4.0706366165221324 23.886019306622604 240 240 240 2.039996196761992 7 1041 8 1836 5 579 6 941
4094 10.635617520667379 0.94707117143983821 23.990239532121048 172 190 206 1.7671895601977614 4 1559 8 1882 5 586 6 947
4095 8.6788615231824107 7.3305889104172977 21.561383391717523 88 60 42 0.48977254471866821 4 1154 7 655 5 343 6 768
4096 11.040934438287559 0.61684211037673076 22.080887326695244 177 182 186 0.58581802074641898 4 1126 7 721 5 388
4098 12.896123577971039 -6.5823961785060305 23.827170168202933 124 140 153 1.326537773163954 4 1475 7 997 5 525 6 897
4100 10.388963004437157 -3.1913870623438707 22.559552205233441 178 183 189 1.1511847021029384 4 1521 7 1042 5 580
4101 14.25372530073213 -7.3317304958536749 23.86991076502332 247 250 249 1.1567079528982251 5 606 8 1829 6 970 7 1069
4102 9.995658173433581 -2.419043052665486 23.660028954655637 230 231 233 1.0834825466339424 4 1522 7 1044 5 609
4103 7.323161296499082 4.7217284800892827 27.039009427563499 85 77 75 0.44569122854629262 4 540 5 42 8 761
4104 6.2821590021904852 5.5662734222702763 17.216631517834703 85 64 47 0.78765204868050209 10 473 5 52
4105 11.792364702355403 -12.716844093507747 26.492881744244702 157 166 171 0.62437260080032064 4 764 7 438 5 76
4106 13.380779636383588 -9.7649227757688202 20.963684799363271 73 66 58 1.3103663235312748 7 249 5 80 6 411
4108 8.3565794472015433 0.99505690560619342 26.224803166511052 156 177 196 0.97576010164975913 4 995 5 328 8 1097
4109 9.7288311165243986 6.1742365980267913 24.58736342937507 19 9 1 0.76599077776269642 4 1014 7 649 5 334
4110 6.2841480923667179 7.8753191887783185 25.456132005031272 74 56 45 0.73578372421623195 4 1033 7 657 5 344
4111 8.7384458343941347 8.8300190178751556 24.361103545590876 63 41 30 1.4368512693000044 4 1034 7 748 5 346 6 718
4113 10.92094929247671 -4.0861826496132894 22.410940899337746 233 238 241 0.85523268295769173 7 785 5 369 6 691
4114 15.026568088762691 -13.458277834888856 22.082635730631651 6 1 0 1.3670362080490897 7 852 5 426 6 776
4115 12.11562260653294 -13.177579600032077 24.156704862579826 132 131 129 0.13920143931197015 8 1700 5 427
4116 16.281285060157458 -11.998225733929502 19.78070539850258 77 56 37 2.7066084554556578 7 856 5 428 6 828
4117 12.197143822683667 -11.305301067870698 25.457029338649033 252 253 253 1.4342383352661963 4 1404 7 936 5 433 8 1641 6 872
4118 11.122238610745139 -3.2181377146062449 22.067457906928968 205 206 204 0.71201357925486075 7 875 5 441
4120 14.728277151702068 -11.213040228733705 17.593361488859323 2 0 0 0.76251988605280197 7 923 5 475
4121 11.395471318637261 -11.830512611044561 23.951118414049088 168 179 185 1.5234368995423671 4 1397 7 933 5 477 6 891
4122 11.67983045879336 -12.030173226623962 24.390964104734479 168 179 185 0.44157424627136477 4 1398 5 478
4123 13.902961811504813 -11.068035937712201 21.926316828626568 154 160 158 0.96518374380547767 7 987 5 519 6 895
4124 11.148175828841046 -6.1616212503705574 24.461285946407461 245 247 246 1.5735284090583441 4 1413 7 938 5 526
4127 11.306679548500286 11.795452141019386 20.464950987806272 0 0 0 2.5344281757695333 4 1496 8 1815
4128 14.533201642068347 -12.034787371588441 17.731540610192475 119 91 61 1.1391470055780122 7 1067 5 564
4129 8.7165692924564713 10.758079482946806 20.76402725055177 117 124 143 0.55010152628356013 4 1610 5 634
4130 8.1947945312815573 11.924660511944609 26.705735189746953 67 72 79 2.230618162460372 3 1864 8 1604 7 823 4 1291 5 349
4131 -0.43408635971825549 7.4095530120473629 17.410179900616487 105 106 110 1.0617470164052696 9 1765 10 2025 3 1862 13 3174 15 3333 16 3147 8 1603 11 2119 12 2996 2 2048
4132 -0.42829356619236597 7.386907009963271 17.3376214421782 115 114 119 0.73500297211439547 11 2118 12 2995 2 2047 10 2024 13 3173 3 1861 9 1764 14 3426 15 3332 16 3146
4133 9.8403418037135868 6.1611268582326577 24.594980623775879 13 2 2 0.11420623959394027 8 780 6 268
4134 10.836760778746919 6.3719762421812707 24.912301653139167 13 4 1 0.84146955691144054 4 553 5 49 7 120 8 782 6 270
4135 5.6085372549612069 1.7334486126674065 17.446230453607043 0 0 0 2.3554718716616154 5 33 7 282
4136 7.9917037953735051 7.3367172971629824 22.119894920600874 89 65 45 0.75918131256508037 9 992 6 496
4137 -1.4670984820436681 -1.2659477429598434 1.3537107410688669 49 36 28 0.081860210132359099 9 803 6 543
4138 12.135509147646102 -11.917568309430004 24.130613904490762 110 121 123 1.1977049831457238 5 217 6 665 7 580
4139 13.777408536507535 -10.663499521619549 23.471583506375907 240 244 248 1.3937768883021144 5 230 8 1279 6 676 7 681
4140 11.532774271248325 -6.4033336089867703 24.693287260145372 236 240 243 1.2859069295817129 4 106 8 675 6 681
4141 11.532774271248325 -6.4033336089867703 24.693287260145372 236 240 243 1.2859069295817129 4 105 8 674 6 682
4143 8.4016815197573518 7.49122817793282 22.710852207278858 84 59 39 1.3114599900181221 7 746 9 1655 6 767
4144 13.807012381567516 -12.233896818995158 23.614792909798812 0 0 0 0.30156315654314714 4 1082 8 1524
4146 11.054139350362664 15.30755924338148 25.466985034003212 0 0 0 1.1378720491360506 7 978 8 1758
4147 13.109994539979882 -13.021046342746621 23.955274298459845 105 107 107 1.2986147616301749 5 515 6 889 7 983
4149 13.218661389524426 -10.687537923397326 24.127802129755182 246 249 248 1.9031203971249677 4 1511 5 567 7 1035 8 1824 6 935
4153 10.036580730756656 11.718298689412807 21.798247411991234 119 127 148 2.7739642065180261 4 1296 5 350 7 835 6 823
4154 12.48789305646017 9.7277071006713367 22.215747662506402 47 17 7 1.5388744519667779 4 1440 5 463 6 862
4156 9.8294255453755124 13.571092349944438 20.675668275996717 58 46 48 1.7329862446804238 4 1452 5 558 6 928
4157 5.2132706550285288 3.3595664055939607 16.10909874027152 61 51 42 0.49630509460833494 8 209 6 259
4158 8.9381832778804924 12.23826248180702 21.686556098962352 103 110 129 1.7253108413560909 4 1299 5 421 6 826
4160 8.4910850481775082 14.4096192384805 23.56797759071765 90 88 99 1.9739485629765177 4 1503 5 560 6 929
4161 11.799413709624918 11.508747580848315 23.404106103692794 53 38 35 1.4306689568673487 4 1539 5 549 7 1059 6 957
4162 11.531649332343742 12.30601711929047 24.4815497362064 0 0 0 2.3229624277198941 4 1542 7 1058 8 1855
4163 11.901579556318737 12.917774697708619 23.700315144583723 0 0 0 2.2397990385773006 4 1543 7 1062 8 1858
